{
    "parse": {
        "title": "10 Years (band)",
        "pageid": 39538382,
        "text": {
            "*": "<div class=\"mw-content-ltr mw-parser-output\" lang=\"en\" dir=\"ltr\"><div class=\"shortdescription nomobile noexcerpt noprint searchaux\" style=\"display:none\">American alternative metal band</div>\n<p class=\"mw-empty-elt\">\n</p>\n<style data-mw-deduplicate=\"TemplateStyles:r1126788409\">.mw-parser-output .plainlist ol,.mw-parser-output .plainlist ul{line-height:inherit;list-style:none;margin:0;padding:0}.mw-parser-output .plainlist ol li,.mw-parser-output .plainlist ul li{margin-bottom:0}</style><style data-mw-deduplicate=\"TemplateStyles:r1295905060\">.mw-parser-output .infobox-subbox{padding:0;border:none;margin:-3px;width:auto;min-width:100%;font-size:100%;clear:none;float:none;background-color:transparent}.mw-parser-output .infobox-3cols-child{margin:auto}.mw-parser-output .infobox .navbar{font-size:100%}@media screen{html.skin-theme-clientpref-night .mw-parser-output .infobox-full-data:not(.notheme)>div:not(.notheme)[style]{background:#1f1f23!important;color:#f8f9fa}}@media screen and (prefers-color-scheme:dark){html.skin-theme-clientpref-os .mw-parser-output .infobox-full-data:not(.notheme)>div:not(.notheme)[style]{background:#1f1f23!important;color:#f8f9fa}}@media(min-width:640px){body.skin--responsive .mw-parser-output .infobox-table{display:table!important}body.skin--responsive .mw-parser-output .infobox-table>caption{display:table-caption!important}body.skin--responsive .mw-parser-output .infobox-table>tbody{display:table-row-group}body.skin--responsive .mw-parser-output .infobox-table th,body.skin--responsive .mw-parser-output .infobox-table td{padding-left:inherit;padding-right:inherit}}</style><table class=\"infobox vcard plainlist\"><tbody><tr><th colspan=\"2\" class=\"infobox-above\" style=\"color: #202122;background-color: #b0c4de; font-size: 125%;\"><div class=\"\">10 Years</div></th></tr><tr><td colspan=\"2\" class=\"infobox-image\"><span typeof=\"mw:File\"><a href=\"/wiki/File:10_Years_performing_at_Roswell,_New_Mexico_in_2024.jpg\" class=\"mw-file-description\" title=\"10 Years performing in 2024 at The Liberty in Roswell, New Mexico\"><img alt=\"10 Years performing in 2024 at The Liberty in Roswell, New Mexico\" src=\"//upload.wikimedia.org/wikipedia/commons/thumb/1/1f/10_Years_performing_at_Roswell%2C_New_Mexico_in_2024.jpg/330px-10_Years_performing_at_Roswell%2C_New_Mexico_in_2024.jpg\" decoding=\"async\" width=\"300\" height=\"187\" class=\"mw-file-element\" srcset=\"//upload.wikimedia.org/wikipedia/commons/thumb/1/1f/10_Years_performing_at_Roswell%2C_New_Mexico_in_2024.jpg/500px-10_Years_performing_at_Roswell%2C_New_Mexico_in_2024.jpg 1.5x, //upload.wikimedia.org/wikipedia/commons/thumb/1/1f/10_Years_performing_at_Roswell%2C_New_Mexico_in_2024.jpg/960px-10_Years_performing_at_Roswell%2C_New_Mexico_in_2024.jpg 2x\" data-file-width=\"3306\" data-file-height=\"2066\" /></a></span><div class=\"infobox-caption\">10 Years performing in 2024 at The Liberty in <a href=\"/wiki/Roswell,_New_Mexico\" title=\"Roswell, New Mexico\">Roswell, New Mexico</a></div></td></tr><tr><th colspan=\"2\" class=\"infobox-header\" style=\"color: #202122;background-color: #b0c4de\">Background information</th></tr><tr><th scope=\"row\" class=\"infobox-label\">Origin</th><td class=\"infobox-data\"><a href=\"/wiki/Knoxville\" class=\"mw-redirect\" title=\"Knoxville\">Knoxville</a>, <a href=\"/wiki/Tennessee\" title=\"Tennessee\">Tennessee</a>, U.S.</td></tr><tr><th scope=\"row\" class=\"infobox-label\">Genres</th><td class=\"infobox-data\"><style data-mw-deduplicate=\"TemplateStyles:r1129693374\">.mw-parser-output .hlist dl,.mw-parser-output .hlist ol,.mw-parser-output .hlist ul{margin:0;padding:0}.mw-parser-output .hlist dd,.mw-parser-output .hlist dt,.mw-parser-output .hlist li{margin:0;display:inline}.mw-parser-output .hlist.inline,.mw-parser-output .hlist.inline dl,.mw-parser-output .hlist.inline ol,.mw-parser-output .hlist.inline ul,.mw-parser-output .hlist dl dl,.mw-parser-output .hlist dl ol,.mw-parser-output .hlist dl ul,.mw-parser-output .hlist ol dl,.mw-parser-output .hlist ol ol,.mw-parser-output .hlist ol ul,.mw-parser-output .hlist ul dl,.mw-parser-output .hlist ul ol,.mw-parser-output .hlist ul ul{display:inline}.mw-parser-output .hlist .mw-empty-li{display:none}.mw-parser-output .hlist dt::after{content:\": \"}.mw-parser-output .hlist dd::after,.mw-parser-output .hlist li::after{content:\" · \";font-weight:bold}.mw-parser-output .hlist dd:last-child::after,.mw-parser-output .hlist dt:last-child::after,.mw-parser-output .hlist li:last-child::after{content:none}.mw-parser-output .hlist dd dd:first-child::before,.mw-parser-output .hlist dd dt:first-child::before,.mw-parser-output .hlist dd li:first-child::before,.mw-parser-output .hlist dt dd:first-child::before,.mw-parser-output .hlist dt dt:first-child::before,.mw-parser-output .hlist dt li:first-child::before,.mw-parser-output .hlist li dd:first-child::before,.mw-parser-output .hlist li dt:first-child::before,.mw-parser-output .hlist li li:first-child::before{content:\" (\";font-weight:normal}.mw-parser-output .hlist dd dd:last-child::after,.mw-parser-output .hlist dd dt:last-child::after,.mw-parser-output .hlist dd li:last-child::after,.mw-parser-output .hlist dt dd:last-child::after,.mw-parser-output .hlist dt dt:last-child::after,.mw-parser-output .hlist dt li:last-child::after,.mw-parser-output .hlist li dd:last-child::after,.mw-parser-output .hlist li dt:last-child::after,.mw-parser-output .hlist li li:last-child::after{content:\")\";font-weight:normal}.mw-parser-output .hlist ol{counter-reset:listitem}.mw-parser-output .hlist ol>li{counter-increment:listitem}.mw-parser-output .hlist ol>li::before{content:\" \"counter(listitem)\"\\a0 \"}.mw-parser-output .hlist dd ol>li:first-child::before,.mw-parser-output .hlist dt ol>li:first-child::before,.mw-parser-output .hlist li ol>li:first-child::before{content:\" (\"counter(listitem)\"\\a0 \"}</style><div class=\"hlist\"><ul><li><a href=\"/wiki/Alternative_metal\" title=\"Alternative metal\">Alternative metal</a></li><li><a href=\"/wiki/Progressive_metal\" title=\"Progressive metal\">progressive metal</a></li><li><a href=\"/wiki/Post-grunge\" title=\"Post-grunge\">post-grunge</a></li><li><a href=\"/wiki/Nu_metal\" title=\"Nu metal\">nu&#160;metal</a></li></ul></div></td></tr><tr><th scope=\"row\" class=\"infobox-label\"><span class=\"nowrap\">Years active</span></th><td class=\"infobox-data\">1999–present</td></tr><tr><th scope=\"row\" class=\"infobox-label\">Labels</th><td class=\"infobox-data\"><link rel=\"mw-deduplicated-inline-style\" href=\"mw-data:TemplateStyles:r1129693374\" /><div class=\"hlist\"><ul><li><a href=\"/wiki/Universal_Records_(defunct_record_label)\" class=\"mw-redirect\" title=\"Universal Records (defunct record label)\">Universal</a></li><li>Palehorse/ILG (<a href=\"/wiki/Warner_Music_Group\" title=\"Warner Music Group\">Warner</a>)</li><li><a href=\"/wiki/Mascot_Records\" title=\"Mascot Records\">Mascot</a><sup id=\"cite_ref-mascot_1-0\" class=\"reference\"><a href=\"#cite_note-mascot-1\"><span class=\"cite-bracket\">&#91;</span>1<span class=\"cite-bracket\">&#93;</span></a></sup></li></ul></div></td></tr><tr><th colspan=\"2\" class=\"infobox-header\" style=\"color: #202122;background-color: #b0c4de\"></th></tr><tr><th scope=\"row\" class=\"infobox-label\">Members</th><td class=\"infobox-data\">Jesse Hasek<br />Brian Vodinh<br />Luke Narey<br />Matt Wantland<br />Chad Grennor</td></tr><tr><th colspan=\"2\" class=\"infobox-header\" style=\"color: #202122;background-color: #b0c4de\"></th></tr><tr><th scope=\"row\" class=\"infobox-label\"><span class=\"nowrap\">Past members</span></th><td class=\"infobox-data\">Mike Underdown<br />Andy Parks<br />Lewis \"Big Lew\" Cosby<br />Ryan Collier<br />Ryan \"Tater\" Johnson<br />Chad Huff<br />Kyle Mayer</td></tr><tr><th colspan=\"2\" class=\"infobox-header\" style=\"color: #202122;background-color: #b0c4de\"></th></tr><tr><th scope=\"row\" class=\"infobox-label\">Website</th><td class=\"infobox-data\"><span class=\"url\"><a rel=\"nofollow\" class=\"external text\" href=\"http://10yearsmusic.com/\">10yearsmusic<wbr />.com</a></span></td></tr></tbody></table>\n<p><b>10 Years</b> is an American <a href=\"/wiki/Alternative_metal\" title=\"Alternative metal\">alternative metal</a> band formed in <a href=\"/wiki/Knoxville,_Tennessee\" title=\"Knoxville, Tennessee\">Knoxville, Tennessee</a>, in 1999. The band consists of lead vocalist Jesse Hasek, lead guitarist Brian Vodinh, rhythm guitarist Matt Wantland, and bassist Chad Grennor.  The group has gone through multiple line-up changes since their inception, with Vodinh and Wantland being the only remaining founding members. To date, they have released 10 studio albums, their most recent being Deconstructed in 2022. In 2024, they have released a EP titled <i>Inner Darkness</i> and the full album has been announced to release in 2025.\n</p>\n\n<div class=\"mw-heading mw-heading2\"><h2 id=\"History\">History</h2></div>\n<div class=\"mw-heading mw-heading3\"><h3 id=\"Early_years,_Into_the_Half_Moon_(1999–2001)\"><span id=\"Early_years.2C_Into_the_Half_Moon_.281999.E2.80.932001.29\"></span>Early years, <i>Into the Half Moon</i> (1999–2001)</h3></div>\n<p>10 Years were initially formed in <a href=\"/wiki/Knoxville,_Tennessee\" title=\"Knoxville, Tennessee\">Knoxville, Tennessee</a> in 1999 with singer Mike Underdown, drummer Brian Vodinh, bassist Lewis Cosby, and guitarists Ryan Johnson and Matt Wantland. In 2001, Cosby left and the band recruited Andy Parks on bass. They independently recorded <i><a href=\"/wiki/Into_the_Half_Moon\" title=\"Into the Half Moon\">Into the Half Moon</a></i> the same year.\n</p>\n<div class=\"mw-heading mw-heading3\"><h3 id=\"Killing_All_That_Holds_You,_The_Autumn_Effect_(2002–2006)\"><span id=\"Killing_All_That_Holds_You.2C_The_Autumn_Effect_.282002.E2.80.932006.29\"></span><i>Killing All That Holds You</i>, <i>The Autumn Effect</i> (2002–2006)</h3></div>\n<p>Lead vocalist Mike Underdown left the band to pursue a career in acting and start up a new band, Courage, You Bastards, in Los Angeles, California. 10 Years soon recruited current vocalist Jesse Hasek from another local band named deficit. In 2002, Parks decided to leave the band and Cosby returned. The band then released their independent album <i><a href=\"/wiki/Killing_All_That_Holds_You\" title=\"Killing All That Holds You\">Killing All That Holds You</a></i> in 2004.<sup id=\"cite_ref-2\" class=\"reference\"><a href=\"#cite_note-2\"><span class=\"cite-bracket\">&#91;</span>2<span class=\"cite-bracket\">&#93;</span></a></sup>\n</p><p>10 Years were then signed to <a href=\"/wiki/Universal_Records_(defunct_record_label)\" class=\"mw-redirect\" title=\"Universal Records (defunct record label)\">Universal Records</a> in 2005 and released their major label debut, <i><a href=\"/wiki/The_Autumn_Effect\" title=\"The Autumn Effect\">The Autumn Effect</a></i> on August 16, 2005, with the songs \"<a href=\"/wiki/Wasteland_(10_Years_song)\" title=\"Wasteland (10 Years song)\">Wasteland</a>\" and \"<a href=\"/wiki/Through_the_Iris\" title=\"Through the Iris\">Through the Iris</a>\" picking up regional radio play. Their first single, \"Wasteland\", spent over 12 months on the rock charts, finally reaching No.&#160;1 at <a href=\"/wiki/Active_rock\" title=\"Active rock\">active rock</a> radio in December 2005.\n</p><p>That same summer, the band toured with <a href=\"/wiki/Disturbed_(band)\" title=\"Disturbed (band)\">Disturbed</a> and <a href=\"/wiki/Ill_Ni%C3%B1o\" title=\"Ill Niño\">Ill Niño</a>. In the fall of 2005, they toured with <a href=\"/wiki/Breaking_Benjamin\" title=\"Breaking Benjamin\">Breaking Benjamin</a> and <a href=\"/wiki/Smile_Empty_Soul\" title=\"Smile Empty Soul\">Smile Empty Soul</a>, then followed up with the Masters of Horror tour with <a href=\"/wiki/Mudvayne\" title=\"Mudvayne\">Mudvayne</a> and <a href=\"/wiki/Sevendust\" title=\"Sevendust\">Sevendust</a>. They opened for <a href=\"/wiki/Korn\" title=\"Korn\">Korn</a> and Mudvayne on Korn's <a href=\"/wiki/See_You_On_the_Other_Side_World_Tour\" class=\"mw-redirect\" title=\"See You On the Other Side World Tour\"><i>See You on the Other Side</i> tour</a>. They also toured with Korn and <a href=\"/wiki/Deftones\" title=\"Deftones\">Deftones</a> on the <a href=\"/wiki/Family_Values_Tour\" title=\"Family Values Tour\">Family Values Tour</a>, which started in late July 2006.\n</p><p>In mid-February 2006, \"Wasteland\" reached No.&#160;1 on the <i><a href=\"/wiki/Billboard_(magazine)\" title=\"Billboard (magazine)\">Billboard</a></i> <a href=\"/wiki/Alternative_Songs\" class=\"mw-redirect\" title=\"Alternative Songs\">Alternative Songs</a> chart.<sup id=\"cite_ref-3\" class=\"reference\"><a href=\"#cite_note-3\"><span class=\"cite-bracket\">&#91;</span>3<span class=\"cite-bracket\">&#93;</span></a></sup>\n</p><p>In mid-2006, the band toured Australia in a lineup which included <a href=\"/wiki/Hatebreed\" title=\"Hatebreed\">Hatebreed</a>, Disturbed and Korn.<sup id=\"cite_ref-4\" class=\"reference\"><a href=\"#cite_note-4\"><span class=\"cite-bracket\">&#91;</span>4<span class=\"cite-bracket\">&#93;</span></a></sup>\n</p><p>Their first music video, \"Wasteland\", addresses the social problem of human rights as well as addiction around the world. The video received a nomination for <a href=\"/wiki/MTV_Video_Music_Award_for_Best_Direction\" title=\"MTV Video Music Award for Best Direction\">Best Direction</a> and <a href=\"/wiki/MTV_Video_Music_Award_for_Best_Art_Direction\" title=\"MTV Video Music Award for Best Art Direction\">Best Art Direction</a> at the <a href=\"/wiki/2006_MTV_Video_Music_Awards\" title=\"2006 MTV Video Music Awards\">2006 MTV Video Music Awards</a>, but did not win either.\n</p><p>On March 27, 2006, an EP was released on iTunes containing acoustic versions of \"Wasteland\", \"Prey\", \"Through the Iris\" and \"Faultline\" from <i>The Autumn Effect</i>.<sup id=\"cite_ref-5\" class=\"reference\"><a href=\"#cite_note-5\"><span class=\"cite-bracket\">&#91;</span>5<span class=\"cite-bracket\">&#93;</span></a></sup>\n</p><p>As of December 2017, <i>The Autumn Effect</i> and its breakthrough single, \"Wasteland\",<sup id=\"cite_ref-mascot_1-1\" class=\"reference\"><a href=\"#cite_note-mascot-1\"><span class=\"cite-bracket\">&#91;</span>1<span class=\"cite-bracket\">&#93;</span></a></sup> have been certified Gold by the <a href=\"/wiki/RIAA\" class=\"mw-redirect\" title=\"RIAA\">RIAA</a>.<sup id=\"cite_ref-RIAA_6-0\" class=\"reference\"><a href=\"#cite_note-RIAA-6\"><span class=\"cite-bracket\">&#91;</span>6<span class=\"cite-bracket\">&#93;</span></a></sup>\n</p>\n<div class=\"mw-heading mw-heading3\"><h3 id=\"Division_(2006–2008)\"><span id=\"Division_.282006.E2.80.932008.29\"></span><i>Division</i> (2006–2008)</h3></div>\n<p>On November 19, 2006, 10 Years unveiled and confirmed the title <i><a href=\"/wiki/Division_(10_Years_album)\" title=\"Division (10 Years album)\">Division</a></i> for their second album.<sup id=\"cite_ref-blabbermouth.net_7-0\" class=\"reference\"><a href=\"#cite_note-blabbermouth.net-7\"><span class=\"cite-bracket\">&#91;</span>7<span class=\"cite-bracket\">&#93;</span></a></sup> The band began recording <i>Division</i> in late June 2007 after spending the better part of a year writing.\n</p><p>Lewis told in an interview that the album is \"so different from the first one [<i>The Autumn Effect</i>], but it's still 10 Years\", and, \"It just sounds like [the songs] would be from a totally different band, which was, you know, the goal\".<sup id=\"cite_ref-blabbermouth.net_7-1\" class=\"reference\"><a href=\"#cite_note-blabbermouth.net-7\"><span class=\"cite-bracket\">&#91;</span>7<span class=\"cite-bracket\">&#93;</span></a></sup> It was also revealed that the track titled \"Focus\" was co-written with <a href=\"/wiki/Stone_Temple_Pilots\" title=\"Stone Temple Pilots\">Stone Temple Pilots</a> and former <a href=\"/wiki/Army_of_Anyone\" title=\"Army of Anyone\">Army of Anyone</a> guitarist <a href=\"/wiki/Dean_DeLeo\" title=\"Dean DeLeo\">Dean DeLeo</a>.<sup id=\"cite_ref-blabbermouth.net_7-2\" class=\"reference\"><a href=\"#cite_note-blabbermouth.net-7\"><span class=\"cite-bracket\">&#91;</span>7<span class=\"cite-bracket\">&#93;</span></a></sup>\n</p><p>On May 21, 2007, a demo song titled \"All Your Lies\" from <i>Division</i> was released onto their MySpace along with a post stating the band had chosen producer Rick Parasher to produce the new album.<sup id=\"cite_ref-8\" class=\"reference\"><a href=\"#cite_note-8\"><span class=\"cite-bracket\">&#91;</span>8<span class=\"cite-bracket\">&#93;</span></a></sup> On September 7, the band announced on their MySpace that the album was finished and would be released in 2008, following a tour with <a href=\"/wiki/Dir_En_Grey\" title=\"Dir En Grey\">Dir En Grey</a>, <a href=\"/wiki/Sevendust\" title=\"Sevendust\">Sevendust</a>, <a href=\"/wiki/Operator_(band)\" title=\"Operator (band)\">Operator</a>, <a href=\"/wiki/Thousand_Foot_Krutch\" title=\"Thousand Foot Krutch\">Thousand Foot Krutch</a> and <a href=\"/wiki/Chevelle_(rock_band)\" class=\"mw-redirect\" title=\"Chevelle (rock band)\">Chevelle</a>.\n</p><p>A year later on January 29, 2008, \"Beautiful\", the new single from <i>Division</i>, was released to <a href=\"/wiki/ITunes\" title=\"ITunes\">iTunes</a> and a snippet was also posted on the band's MySpace page.  <i><a href=\"/wiki/Division_(10_Years_album)\" title=\"Division (10 Years album)\">Division</a></i> was released on May 13, 2008, after being pushed back due to finalization of the album's artwork.<sup id=\"cite_ref-blabbermouth.net_7-3\" class=\"reference\"><a href=\"#cite_note-blabbermouth.net-7\"><span class=\"cite-bracket\">&#91;</span>7<span class=\"cite-bracket\">&#93;</span></a></sup>\n</p><p>10 Years was featured on the Revolution Stage of <a href=\"/wiki/Linkin_Park\" title=\"Linkin Park\">Linkin Park's</a> Summer <a href=\"/wiki/Projekt_Revolution\" title=\"Projekt Revolution\">Projekt Revolution 2008</a> tour with <a href=\"/wiki/Atreyu_(band)\" class=\"mw-redirect\" title=\"Atreyu (band)\">Atreyu</a>, <a href=\"/wiki/Hawthorne_Heights\" title=\"Hawthorne Heights\">Hawthorne Heights</a> and <a href=\"/wiki/Armor_For_Sleep\" class=\"mw-redirect\" title=\"Armor For Sleep\">Armor For Sleep</a>.<sup id=\"cite_ref-9\" class=\"reference\"><a href=\"#cite_note-9\"><span class=\"cite-bracket\">&#91;</span>9<span class=\"cite-bracket\">&#93;</span></a></sup> They went on tour with Mudvayne until mid December 2008.\n</p><p>In December 2009, Matt Wantland announced he was leaving the band to pursue other interests.\n</p><p>The album was dedicated to actor <a href=\"/wiki/Brad_Renfro\" title=\"Brad Renfro\">Brad Renfro</a> who passed away in 2008 at the age of 25. Renfro was Jesse Hasek's cousin.\n</p>\n<div class=\"mw-heading mw-heading3\"><h3 id=\"Feeding_the_Wolves_(2009–2011)\"><span id=\"Feeding_the_Wolves_.282009.E2.80.932011.29\"></span><i>Feeding the Wolves</i> (2009–2011)</h3></div>\n<p>10 Years announced that their upcoming and third major label album would be titled <i><a href=\"/wiki/Feeding_the_Wolves_(10_Years_album)\" title=\"Feeding the Wolves (10 Years album)\">Feeding the Wolves</a></i>. The album was produced by <a href=\"/wiki/Grammy\" class=\"mw-redirect\" title=\"Grammy\">Grammy</a>-nominated producer <a href=\"/wiki/Howard_Benson\" title=\"Howard Benson\">Howard Benson</a> and mixed by Chris Lord-Alge. The band has mentioned the album is of their heaviest material to date and \"very similar to some of their early songs\".\n</p><p>Throughout the first half of 2010, the band went back and forth between putting on live shows and working in the studio. Before the album was released, the band debuted new songs at live performances such as \"Dead in the Water\", \"Now is the Time\", and the new album's first single <a href=\"/wiki/Shoot_It_Out_(10_Years_song)\" class=\"mw-redirect\" title=\"Shoot It Out (10 Years song)\">\"Shoot It Out\"</a>.\n<sup id=\"cite_ref-10\" class=\"reference\"><a href=\"#cite_note-10\"><span class=\"cite-bracket\">&#91;</span>10<span class=\"cite-bracket\">&#93;</span></a></sup>\n</p><p>On June 12, 2010, <a href=\"/wiki/Shoot_It_Out_(10_Years_song)\" class=\"mw-redirect\" title=\"Shoot It Out (10 Years song)\">\"Shoot It Out\"</a> was featured on Sirius/XM Radio. The track was released to radio later that month,<sup id=\"cite_ref-11\" class=\"reference\"><a href=\"#cite_note-11\"><span class=\"cite-bracket\">&#91;</span>11<span class=\"cite-bracket\">&#93;</span></a></sup> and was made available for download on iTunes July 6.<sup id=\"cite_ref-12\" class=\"reference\"><a href=\"#cite_note-12\"><span class=\"cite-bracket\">&#91;</span>12<span class=\"cite-bracket\">&#93;</span></a></sup> <i>Feeding the Wolves</i> was released on August 31, 2010.\n</p><p>To promote the album's release, the band opened <a href=\"/wiki/Shinedown\" title=\"Shinedown\">Shinedown</a>'s 2010 Carnival of Madness summer tour alongside <a href=\"/wiki/Chevelle_(rock_band)\" class=\"mw-redirect\" title=\"Chevelle (rock band)\">Chevelle</a>, <a href=\"/wiki/Puddle_of_Mudd\" title=\"Puddle of Mudd\">Puddle of Mudd</a>, and <a href=\"/wiki/Sevendust\" title=\"Sevendust\">Sevendust</a>.<sup id=\"cite_ref-13\" class=\"reference\"><a href=\"#cite_note-13\"><span class=\"cite-bracket\">&#91;</span>13<span class=\"cite-bracket\">&#93;</span></a></sup> In the fall, they joined Sevendust again on the Hard Drive Live tour with support from <a href=\"/wiki/Since_October\" title=\"Since October\">Since October</a> and <a href=\"/wiki/Anew_Revolution\" title=\"Anew Revolution\">Anew Revolution</a>.\n</p><p>In December, the band went on a mini-headline tour,<sup id=\"cite_ref-14\" class=\"reference\"><a href=\"#cite_note-14\"><span class=\"cite-bracket\">&#91;</span>14<span class=\"cite-bracket\">&#93;</span></a></sup> where they played some older songs that they had not played in some time. February 2011, their new single \"Fix Me\" releases to radio while they headline a spring tour with <a href=\"/wiki/Hollywood_Undead\" title=\"Hollywood Undead\">Hollywood Undead</a>.\n</p><p>On June 17 and 18, the band shot a music video for \"Fix Me\" in Columbus, Ohio with production company Thunder Down Country.<sup id=\"cite_ref-15\" class=\"reference\"><a href=\"#cite_note-15\"><span class=\"cite-bracket\">&#91;</span>15<span class=\"cite-bracket\">&#93;</span></a></sup> The video was released via YouTube on August 9, 2011.<sup id=\"cite_ref-16\" class=\"reference\"><a href=\"#cite_note-16\"><span class=\"cite-bracket\">&#91;</span>16<span class=\"cite-bracket\">&#93;</span></a></sup>\n</p>\n<div class=\"mw-heading mw-heading3\"><h3 id=\"Minus_the_Machine_(2011–2014)\"><span id=\"Minus_the_Machine_.282011.E2.80.932014.29\"></span><i>Minus the Machine</i> (2011–2014)</h3></div>\n<p>On April 2, 2012, the band announced that their upcoming record, <i><a href=\"/wiki/Minus_the_Machine\" title=\"Minus the Machine\">Minus the Machine</a></i>, was to be released on July 30 on their own independent label, Palehorse Records; a label which the band stated is a part of <a href=\"/wiki/Warner_Music_Group\" title=\"Warner Music Group\">Warner Music Group</a>'s Independent Label Group. They also announced a four-week headlining tour to support the record, which was to begin on June 27 in New Orleans.<sup id=\"cite_ref-17\" class=\"reference\"><a href=\"#cite_note-17\"><span class=\"cite-bracket\">&#91;</span>17<span class=\"cite-bracket\">&#93;</span></a></sup>\n</p><p>On May 11, the band unveiled the cover art of the album and it was announced that the album's release has been pushed back to August 7.<sup id=\"cite_ref-18\" class=\"reference\"><a href=\"#cite_note-18\"><span class=\"cite-bracket\">&#91;</span>18<span class=\"cite-bracket\">&#93;</span></a></sup> 10 Years released their first single \"Backlash\" on radio and iTunes on June 19. On July 2, 2012, 10 years releases a compilation video on their website featuring another song \"Knives\" from their upcoming album Minus the Machine. \"Backlash\" music video made its premiere on July 27, 2012.<sup id=\"cite_ref-19\" class=\"reference\"><a href=\"#cite_note-19\"><span class=\"cite-bracket\">&#91;</span>19<span class=\"cite-bracket\">&#93;</span></a></sup> Their next single was \"Dancing with the Dead\". \n</p><p>10 Years recruited Fair to Midland bassist Ryan Collier to join them on their upcoming North American headline tour On September 19, 2012. Collier replaced Lewis Cosby, who took time off to prepare for the birth of his first child.<sup id=\"cite_ref-20\" class=\"reference\"><a href=\"#cite_note-20\"><span class=\"cite-bracket\">&#91;</span>20<span class=\"cite-bracket\">&#93;</span></a></sup>\n</p><p>On December 29, 2012, at a home show in Knoxville, 10 Years performed a special version of \"Shoot It Out\" featuring the original lead singer, Mike Underdown, along with current vocalist Jesse Hasek.<sup id=\"cite_ref-21\" class=\"reference\"><a href=\"#cite_note-21\"><span class=\"cite-bracket\">&#91;</span>21<span class=\"cite-bracket\">&#93;</span></a></sup>\n</p><p>10 Years toured Australia in late February as part of <a href=\"/wiki/Soundwave_(Australian_music_festival)\" title=\"Soundwave (Australian music festival)\">Soundwave 2014</a>, after not playing in the country for seven years.\n</p>\n<div class=\"mw-heading mw-heading3\"><h3 id=\"From_Birth_to_Burial_and_(2014–2017)\"><span id=\"From_Birth_to_Burial_and_.282014.E2.80.932017.29\"></span><i>From Birth to Burial</i> and (2014–2017)</h3></div>\n<p><i><a href=\"/wiki/From_Birth_to_Burial\" title=\"From Birth to Burial\">From Birth to Burial</a></i> is 10 Years's seventh studio album, released on April 21, 2015.<sup id=\"cite_ref-22\" class=\"reference\"><a href=\"#cite_note-22\"><span class=\"cite-bracket\">&#91;</span>22<span class=\"cite-bracket\">&#93;</span></a></sup> Their first single Miscellanea was released on February 13, 2015.<sup id=\"cite_ref-23\" class=\"reference\"><a href=\"#cite_note-23\"><span class=\"cite-bracket\">&#91;</span>23<span class=\"cite-bracket\">&#93;</span></a></sup> The band have been on tour supporting the album touring with <a href=\"/wiki/Breaking_Benjamin\" title=\"Breaking Benjamin\">Breaking Benjamin</a> for the American leg of the tour and <a href=\"/wiki/Dead_Letter_Circus\" title=\"Dead Letter Circus\">Dead Letter Circus</a> for the Australian leg.\n</p><p>At the end of 2016, the group signed to <a href=\"/wiki/Mascot_Label_Group\" title=\"Mascot Label Group\">Mascot Label Group</a>.\n</p>\n<div class=\"mw-heading mw-heading3\"><h3 id=\"(How_to_Live)_as_Ghosts_(2017–2018)\"><span id=\".28How_to_Live.29_as_Ghosts_.282017.E2.80.932018.29\"></span><i>(How to Live) as Ghosts</i> (2017–2018)</h3></div>\n<p>The band's eighth studio album titled <i><a href=\"/wiki/(How_to_Live)_as_Ghosts\" title=\"(How to Live) as Ghosts\">(How to Live) as Ghosts</a></i>, and recorded with producer, <a href=\"/wiki/Nick_Raskulinecz\" title=\"Nick Raskulinecz\">Nick Raskulinecz</a>, was released on October 27, 2017.<sup id=\"cite_ref-BlabNova_24-0\" class=\"reference\"><a href=\"#cite_note-BlabNova-24\"><span class=\"cite-bracket\">&#91;</span>24<span class=\"cite-bracket\">&#93;</span></a></sup> The first single, \"<a href=\"/wiki/Novacaine_(10_Years_song)\" class=\"mw-redirect\" title=\"Novacaine (10 Years song)\">Novacaine</a>\", was released prior in August,<sup id=\"cite_ref-BlabNova_24-1\" class=\"reference\"><a href=\"#cite_note-BlabNova-24\"><span class=\"cite-bracket\">&#91;</span>24<span class=\"cite-bracket\">&#93;</span></a></sup> while the second single, \"<a href=\"/wiki/Burnout_(10_Years_song)\" title=\"Burnout (10 Years song)\">Burnout</a>\" followed in April. The former single became the group's first Top 5 hit on the Mainstream Rock chart since \"Wasteland\" in 2005.\n</p><p>Chad Grennor joined 10 Years as a touring bassist in 2018, playing his first show with the band in January.<sup class=\"noprint Inline-Template Template-Fact\" style=\"white-space:nowrap;\">&#91;<i><a href=\"/wiki/Wikipedia:Citation_needed\" title=\"Wikipedia:Citation needed\"><span title=\"This claim needs references to reliable sources. (July 2020)\">citation needed</span></a></i>&#93;</sup> Luke Narey joined the band for their European tour for the fall of 2018 following drummer Kyle Mayer's departure from the band.<sup class=\"noprint Inline-Template Template-Fact\" style=\"white-space:nowrap;\">&#91;<i><a href=\"/wiki/Wikipedia:Citation_needed\" title=\"Wikipedia:Citation needed\"><span title=\"This claim needs references to reliable sources. (July 2020)\">citation needed</span></a></i>&#93;</sup>\n</p>\n<div class=\"mw-heading mw-heading3\"><h3 id=\"Violent_Allies_(2019–present)\"><span id=\"Violent_Allies_.282019.E2.80.93present.29\"></span><i>Violent Allies</i> (2019–present)</h3></div>\n<figure class=\"mw-default-size\" typeof=\"mw:File/Thumb\"><a href=\"/wiki/File:%D0%93%D1%83%D1%80%D1%82_10_Years.jpg\" class=\"mw-file-description\"><img src=\"//upload.wikimedia.org/wikipedia/commons/thumb/3/37/%D0%93%D1%83%D1%80%D1%82_10_Years.jpg/250px-%D0%93%D1%83%D1%80%D1%82_10_Years.jpg\" decoding=\"async\" width=\"250\" height=\"161\" class=\"mw-file-element\" srcset=\"//upload.wikimedia.org/wikipedia/commons/thumb/3/37/%D0%93%D1%83%D1%80%D1%82_10_Years.jpg/500px-%D0%93%D1%83%D1%80%D1%82_10_Years.jpg 1.5x\" data-file-width=\"1280\" data-file-height=\"825\" /></a><figcaption>10 Years performing</figcaption></figure>\n<p>In May 2020, the band released a new single, \"<a href=\"/wiki/The_Shift_(song)\" title=\"The Shift (song)\">The Shift</a>\".<sup id=\"cite_ref-25\" class=\"reference\"><a href=\"#cite_note-25\"><span class=\"cite-bracket\">&#91;</span>25<span class=\"cite-bracket\">&#93;</span></a></sup> On July 10, they released another song, \"The Unknown\", and announced their newest album, <i><a href=\"/wiki/Violent_Allies\" title=\"Violent Allies\">Violent Allies</a></i>, which was released on September 18.<sup id=\"cite_ref-26\" class=\"reference\"><a href=\"#cite_note-26\"><span class=\"cite-bracket\">&#91;</span>26<span class=\"cite-bracket\">&#93;</span></a></sup>\n</p><p>On February 10, 2022, the band announced a new digital-only album: <i>Deconstructed</i>. The album includes 19 alternate takes on the band's biggest hits, including the lead singles \"Wasteland\" and \"The Unknown\". It was released on March 4, 2022.<sup id=\"cite_ref-27\" class=\"reference\"><a href=\"#cite_note-27\"><span class=\"cite-bracket\">&#91;</span>27<span class=\"cite-bracket\">&#93;</span></a></sup>\n</p><p>On September 9th, 2025, the band released a cover of Florence + The Machine’s song, “No Light, No Light”.\n</p>\n<div class=\"mw-heading mw-heading2\"><h2 id=\"Musical_style\">Musical style</h2></div>\n<p>The band's genre has mainly been termed by journalists as <a href=\"/wiki/Alternative_metal\" title=\"Alternative metal\">alternative metal</a>;<sup id=\"cite_ref-mm_28-0\" class=\"reference\"><a href=\"#cite_note-mm-28\"><span class=\"cite-bracket\">&#91;</span>28<span class=\"cite-bracket\">&#93;</span></a></sup><sup id=\"cite_ref-machine_29-0\" class=\"reference\"><a href=\"#cite_note-machine-29\"><span class=\"cite-bracket\">&#91;</span>29<span class=\"cite-bracket\">&#93;</span></a></sup><sup id=\"cite_ref-omaha_30-0\" class=\"reference\"><a href=\"#cite_note-omaha-30\"><span class=\"cite-bracket\">&#91;</span>30<span class=\"cite-bracket\">&#93;</span></a></sup><sup id=\"cite_ref-31\" class=\"reference\"><a href=\"#cite_note-31\"><span class=\"cite-bracket\">&#91;</span>31<span class=\"cite-bracket\">&#93;</span></a></sup> however, they have also been categorized under <a href=\"/wiki/Progressive_metal\" title=\"Progressive metal\">progressive metal</a>,<sup id=\"cite_ref-32\" class=\"reference\"><a href=\"#cite_note-32\"><span class=\"cite-bracket\">&#91;</span>32<span class=\"cite-bracket\">&#93;</span></a></sup><sup id=\"cite_ref-33\" class=\"reference\"><a href=\"#cite_note-33\"><span class=\"cite-bracket\">&#91;</span>33<span class=\"cite-bracket\">&#93;</span></a></sup> <a href=\"/wiki/Post-grunge\" title=\"Post-grunge\">post-grunge</a>,<sup id=\"cite_ref-machine_29-1\" class=\"reference\"><a href=\"#cite_note-machine-29\"><span class=\"cite-bracket\">&#91;</span>29<span class=\"cite-bracket\">&#93;</span></a></sup> and <a href=\"/wiki/Nu_metal\" title=\"Nu metal\">nu metal</a>.<sup id=\"cite_ref-34\" class=\"reference\"><a href=\"#cite_note-34\"><span class=\"cite-bracket\">&#91;</span>34<span class=\"cite-bracket\">&#93;</span></a></sup>\n</p>\n<div class=\"mw-heading mw-heading2\"><h2 id=\"Band_members\">Band members</h2></div>\n<div class=\"mw-heading mw-heading3\"><h3 id=\"Current_official_members\">Current official members</h3></div>\n<ul><li>Brian Vodinh – <a href=\"/wiki/Lead_guitar\" title=\"Lead guitar\">lead guitar</a> <small>(2016–present)</small>, <a href=\"/wiki/Drums\" class=\"mw-redirect\" title=\"Drums\">drums</a> <small>(1999–2012, 2012–present only studio and occasionally live until 2016)</small>, <a href=\"/wiki/Bass_guitar\" title=\"Bass guitar\">bass</a> <small>(2012–present studio and occasionally live until 2016)</small>, <a href=\"/wiki/Rhythm_guitar\" title=\"Rhythm guitar\">rhythm guitar</a> <small>(2009–2012, 2012–2016 studio and occasionally live)</small></li>\n<li>Matt Wantland – rhythm guitar <small>(1999–2009, 2016–present)</small></li>\n<li>Jesse Hasek – <a href=\"/wiki/Lead_vocals\" class=\"mw-redirect\" title=\"Lead vocals\">lead vocals</a> <small>(2002–present)</small></li></ul>\n<div class=\"mw-heading mw-heading4\"><h4 id=\"Current_session_members\">Current session members</h4></div>\n<ul><li>Brian Medeiros – drums <small>(2025–present)</small></li>\n<li>Chad Grennor – bass <small>(2018–present)</small></li></ul>\n<div class=\"mw-heading mw-heading3\"><h3 id=\"Former_members\">Former members</h3></div>\n<ul><li>Mike Underdown – lead vocals <small>(1999–2001)</small></li>\n<li>Ryan Johnson – lead guitar, backing vocals <small>(1999–2016)</small></li>\n<li>Lewis Cosby – bass <small>(1999–2001, 2002–2012)</small></li>\n<li>Andy Parks – bass <small>(2001–2002)</small></li></ul>\n<div class=\"mw-heading mw-heading4\"><h4 id=\"Former_session_members\">Former session members</h4></div>\n<ul><li>Matt Brown – drums <small>(2010)</small></li>\n<li>Kyle Mayer – drums, occasional <a href=\"/wiki/Keyboard_instrument\" title=\"Keyboard instrument\">keyboards</a> <small>(2012–2018)</small></li>\n<li>Chad Huff – rhythm guitar <small>(2012–2016)</small>, bass <small>(occasionally: 2012–2016, full-time: 2016–2018)</small></li>\n<li>Ryan Collier – bass <small>(2012–2016)</small></li>\n<li>Luke Narey – drums <small>(2018–2024)</small></li></ul>\n<div class=\"mw-heading mw-heading3\"><h3 id=\"Timelines\">Timelines</h3></div>\n<p><b>Studio</b>\n</p>\n<div class=\"timeline-wrapper\"><map name=\"timeline_7tdn87osm3pf875tovhbj9pepc65qt7\"></map><img usemap=\"#timeline_7tdn87osm3pf875tovhbj9pepc65qt7\" src=\"//upload.wikimedia.org/wikipedia/en/timeline/7tdn87osm3pf875tovhbj9pepc65qt7.png\" /></div>\n<p><b>Live</b>\n</p>\n<div class=\"timeline-wrapper\"><map name=\"timeline_0n3v0wjwyn61540oub7qjpb7w660e5q\"></map><img usemap=\"#timeline_0n3v0wjwyn61540oub7qjpb7w660e5q\" src=\"//upload.wikimedia.org/wikipedia/en/timeline/0n3v0wjwyn61540oub7qjpb7w660e5q.png\" /></div>\n<div class=\"mw-heading mw-heading2\"><h2 id=\"Discography\">Discography</h2></div>\n<style data-mw-deduplicate=\"TemplateStyles:r1236090951\">.mw-parser-output .hatnote{font-style:italic}.mw-parser-output div.hatnote{padding-left:1.6em;margin-bottom:0.5em}.mw-parser-output .hatnote i{font-style:normal}.mw-parser-output .hatnote+link+.hatnote{margin-top:-0.5em}@media print{body.ns-0 .mw-parser-output .hatnote{display:none!important}}</style><div role=\"note\" class=\"hatnote navigation-not-searchable\">Main article: <a href=\"/wiki/10_Years_discography\" title=\"10 Years discography\">10 Years discography</a></div>\n<p><b>Studio albums</b>\n</p>\n<ul><li><i><a href=\"/wiki/Into_the_Half_Moon\" title=\"Into the Half Moon\">Into the Half Moon</a></i> (2001)</li>\n<li><i><a href=\"/wiki/Killing_All_That_Holds_You\" title=\"Killing All That Holds You\">Killing All That Holds You</a></i> (2004)</li>\n<li><i><a href=\"/wiki/The_Autumn_Effect\" title=\"The Autumn Effect\">The Autumn Effect</a></i> (2005)</li>\n<li><i><a href=\"/wiki/Division_(10_Years_album)\" title=\"Division (10 Years album)\">Division</a></i> (2008)</li>\n<li><i><a href=\"/wiki/Feeding_the_Wolves_(10_Years_album)\" title=\"Feeding the Wolves (10 Years album)\">Feeding the Wolves</a></i> (2010)</li>\n<li><i><a href=\"/wiki/Minus_the_Machine\" title=\"Minus the Machine\">Minus the Machine</a></i> (2012)</li>\n<li><i><a href=\"/wiki/From_Birth_to_Burial\" title=\"From Birth to Burial\">From Birth to Burial</a></i> (2015)</li>\n<li><i><a href=\"/wiki/(How_to_Live)_as_Ghosts\" title=\"(How to Live) as Ghosts\">(How to Live) as Ghosts</a></i> (2017)</li>\n<li><i><a href=\"/wiki/Violent_Allies\" title=\"Violent Allies\">Violent Allies</a></i> (2020)</li>\n<li><i>Deconstructed (Alternate Take)</i> (2022)</li>\n<li><i>Inner Darkness EP (2024)</i></li></ul>\n<div class=\"mw-heading mw-heading2\"><h2 id=\"References\">References</h2></div>\n<style data-mw-deduplicate=\"TemplateStyles:r1239543626\">.mw-parser-output .reflist{margin-bottom:0.5em;list-style-type:decimal}@media screen{.mw-parser-output .reflist{font-size:90%}}.mw-parser-output .reflist .references{font-size:100%;margin-bottom:0;list-style-type:inherit}.mw-parser-output .reflist-columns-2{column-width:30em}.mw-parser-output .reflist-columns-3{column-width:25em}.mw-parser-output .reflist-columns{margin-top:0.3em}.mw-parser-output .reflist-columns ol{margin-top:0}.mw-parser-output .reflist-columns li{page-break-inside:avoid;break-inside:avoid-column}.mw-parser-output .reflist-upper-alpha{list-style-type:upper-alpha}.mw-parser-output .reflist-upper-roman{list-style-type:upper-roman}.mw-parser-output .reflist-lower-alpha{list-style-type:lower-alpha}.mw-parser-output .reflist-lower-greek{list-style-type:lower-greek}.mw-parser-output .reflist-lower-roman{list-style-type:lower-roman}</style><div class=\"reflist\">\n<div class=\"mw-references-wrap mw-references-columns\"><ol class=\"references\">\n<li id=\"cite_note-mascot-1\"><span class=\"mw-cite-backlink\">^ <a href=\"#cite_ref-mascot_1-0\"><sup><i><b>a</b></i></sup></a> <a href=\"#cite_ref-mascot_1-1\"><sup><i><b>b</b></i></sup></a></span> <span class=\"reference-text\"><style data-mw-deduplicate=\"TemplateStyles:r1238218222\">.mw-parser-output cite.citation{font-style:inherit;word-wrap:break-word}.mw-parser-output .citation q{quotes:\"\\\"\"\"\\\"\"\"'\"\"'\"}.mw-parser-output .citation:target{background-color:rgba(0,127,255,0.133)}.mw-parser-output .id-lock-free.id-lock-free a{background:url(\"//upload.wikimedia.org/wikipedia/commons/6/65/Lock-green.svg\")right 0.1em center/9px no-repeat}.mw-parser-output .id-lock-limited.id-lock-limited a,.mw-parser-output .id-lock-registration.id-lock-registration a{background:url(\"//upload.wikimedia.org/wikipedia/commons/d/d6/Lock-gray-alt-2.svg\")right 0.1em center/9px no-repeat}.mw-parser-output .id-lock-subscription.id-lock-subscription a{background:url(\"//upload.wikimedia.org/wikipedia/commons/a/aa/Lock-red-alt-2.svg\")right 0.1em center/9px no-repeat}.mw-parser-output .cs1-ws-icon a{background:url(\"//upload.wikimedia.org/wikipedia/commons/4/4c/Wikisource-logo.svg\")right 0.1em center/12px no-repeat}body:not(.skin-timeless):not(.skin-minerva) .mw-parser-output .id-lock-free a,body:not(.skin-timeless):not(.skin-minerva) .mw-parser-output .id-lock-limited a,body:not(.skin-timeless):not(.skin-minerva) .mw-parser-output .id-lock-registration a,body:not(.skin-timeless):not(.skin-minerva) .mw-parser-output .id-lock-subscription a,body:not(.skin-timeless):not(.skin-minerva) .mw-parser-output .cs1-ws-icon a{background-size:contain;padding:0 1em 0 0}.mw-parser-output .cs1-code{color:inherit;background:inherit;border:none;padding:inherit}.mw-parser-output .cs1-hidden-error{display:none;color:var(--color-error,#d33)}.mw-parser-output .cs1-visible-error{color:var(--color-error,#d33)}.mw-parser-output .cs1-maint{display:none;color:#085;margin-left:0.3em}.mw-parser-output .cs1-kern-left{padding-left:0.2em}.mw-parser-output .cs1-kern-right{padding-right:0.2em}.mw-parser-output .citation .mw-selflink{font-weight:inherit}@media screen{.mw-parser-output .cs1-format{font-size:95%}html.skin-theme-clientpref-night .mw-parser-output .cs1-maint{color:#18911f}}@media screen and (prefers-color-scheme:dark){html.skin-theme-clientpref-os .mw-parser-output .cs1-maint{color:#18911f}}</style><cite class=\"citation web cs1\"><a rel=\"nofollow\" class=\"external text\" href=\"http://www.blabbermouth.net/news/10-years-signs-with-mascot-label-group/\">\"10 Years Signs With Mascot Label Group\"</a>. <a href=\"/wiki/Blabbermouth.net\" title=\"Blabbermouth.net\">Blabbermouth</a>. December 2, 2016<span class=\"reference-accessdate\">. Retrieved <span class=\"nowrap\">December 8,</span> 2017</span>.</cite><span title=\"ctx_ver=Z39.88-2004&amp;rft_val_fmt=info%3Aofi%2Ffmt%3Akev%3Amtx%3Abook&amp;rft.genre=unknown&amp;rft.btitle=10+Years+Signs+With+Mascot+Label+Group&amp;rft.pub=Blabbermouth&amp;rft.date=2016-12-02&amp;rft_id=http%3A%2F%2Fwww.blabbermouth.net%2Fnews%2F10-years-signs-with-mascot-label-group%2F&amp;rfr_id=info%3Asid%2Fen.wikipedia.org%3A10+Years+%28band%29\" class=\"Z3988\"></span></span>\n</li>\n<li id=\"cite_note-2\"><span class=\"mw-cite-backlink\"><b><a href=\"#cite_ref-2\">^</a></b></span> <span class=\"reference-text\"><link rel=\"mw-deduplicated-inline-style\" href=\"mw-data:TemplateStyles:r1238218222\" /><cite class=\"citation web cs1\"><a rel=\"nofollow\" class=\"external text\" href=\"https://music.apple.com/us/artist/10-years/63569098\">\"Biography\"</a>. <i><a href=\"/wiki/ITunes\" title=\"ITunes\">iTunes</a></i><span class=\"reference-accessdate\">. Retrieved <span class=\"nowrap\">March 10,</span> 2015</span>.</cite><span title=\"ctx_ver=Z39.88-2004&amp;rft_val_fmt=info%3Aofi%2Ffmt%3Akev%3Amtx%3Ajournal&amp;rft.genre=unknown&amp;rft.jtitle=iTunes&amp;rft.atitle=Biography&amp;rft_id=https%3A%2F%2Fmusic.apple.com%2Fus%2Fartist%2F10-years%2F63569098&amp;rfr_id=info%3Asid%2Fen.wikipedia.org%3A10+Years+%28band%29\" class=\"Z3988\"></span></span>\n</li>\n<li id=\"cite_note-3\"><span class=\"mw-cite-backlink\"><b><a href=\"#cite_ref-3\">^</a></b></span> <span class=\"reference-text\"><link rel=\"mw-deduplicated-inline-style\" href=\"mw-data:TemplateStyles:r1238218222\" /><cite class=\"citation web cs1\"><a rel=\"nofollow\" class=\"external text\" href=\"http://www.billboard.com/artist/431829/10-years/chart?f=377\">\"Chart History\"</a>. <i>Billboard.com</i><span class=\"reference-accessdate\">. Retrieved <span class=\"nowrap\">March 10,</span> 2015</span>.</cite><span title=\"ctx_ver=Z39.88-2004&amp;rft_val_fmt=info%3Aofi%2Ffmt%3Akev%3Amtx%3Ajournal&amp;rft.genre=unknown&amp;rft.jtitle=Billboard.com&amp;rft.atitle=Chart+History&amp;rft_id=http%3A%2F%2Fwww.billboard.com%2Fartist%2F431829%2F10-years%2Fchart%3Ff%3D377&amp;rfr_id=info%3Asid%2Fen.wikipedia.org%3A10+Years+%28band%29\" class=\"Z3988\"></span></span>\n</li>\n<li id=\"cite_note-4\"><span class=\"mw-cite-backlink\"><b><a href=\"#cite_ref-4\">^</a></b></span> <span class=\"reference-text\"><link rel=\"mw-deduplicated-inline-style\" href=\"mw-data:TemplateStyles:r1238218222\" /><cite class=\"citation web cs1\"><a rel=\"nofollow\" class=\"external text\" href=\"http://www.metalunderground.com/news/details.cfm?newsid=18272\">\"Official Ozzfest 2006 Lineup Revealed\"</a>. Metal Underground. March 9, 2006<span class=\"reference-accessdate\">. Retrieved <span class=\"nowrap\">March 10,</span> 2015</span>.</cite><span title=\"ctx_ver=Z39.88-2004&amp;rft_val_fmt=info%3Aofi%2Ffmt%3Akev%3Amtx%3Abook&amp;rft.genre=unknown&amp;rft.btitle=Official+Ozzfest+2006+Lineup+Revealed&amp;rft.pub=Metal+Underground&amp;rft.date=2006-03-09&amp;rft_id=http%3A%2F%2Fwww.metalunderground.com%2Fnews%2Fdetails.cfm%3Fnewsid%3D18272&amp;rfr_id=info%3Asid%2Fen.wikipedia.org%3A10+Years+%28band%29\" class=\"Z3988\"></span></span>\n</li>\n<li id=\"cite_note-5\"><span class=\"mw-cite-backlink\"><b><a href=\"#cite_ref-5\">^</a></b></span> <span class=\"reference-text\"><link rel=\"mw-deduplicated-inline-style\" href=\"mw-data:TemplateStyles:r1238218222\" /><cite class=\"citation web cs1\"><a rel=\"nofollow\" class=\"external text\" href=\"http://www.billboard.com/artist/431829/10-years/chart\">\"Chart History\"</a>. <i>Billboard.com</i><span class=\"reference-accessdate\">. Retrieved <span class=\"nowrap\">March 10,</span> 2015</span>.</cite><span title=\"ctx_ver=Z39.88-2004&amp;rft_val_fmt=info%3Aofi%2Ffmt%3Akev%3Amtx%3Ajournal&amp;rft.genre=unknown&amp;rft.jtitle=Billboard.com&amp;rft.atitle=Chart+History&amp;rft_id=http%3A%2F%2Fwww.billboard.com%2Fartist%2F431829%2F10-years%2Fchart&amp;rfr_id=info%3Asid%2Fen.wikipedia.org%3A10+Years+%28band%29\" class=\"Z3988\"></span></span>\n</li>\n<li id=\"cite_note-RIAA-6\"><span class=\"mw-cite-backlink\"><b><a href=\"#cite_ref-RIAA_6-0\">^</a></b></span> <span class=\"reference-text\"><link rel=\"mw-deduplicated-inline-style\" href=\"mw-data:TemplateStyles:r1238218222\" /><cite class=\"citation web cs1\"><a rel=\"nofollow\" class=\"external text\" href=\"https://www.riaa.com/gold-platinum/?tab_active=default-award&amp;ar=10+Years&amp;ti=&amp;format=&amp;type=#search_section\">\"American    certifications – 10 Years\"</a>. <a href=\"/wiki/Recording_Industry_Association_of_America\" title=\"Recording Industry Association of America\">Recording Industry Association of America</a><span class=\"reference-accessdate\">. Retrieved <span class=\"nowrap\">December 7,</span> 2017</span>.</cite><span title=\"ctx_ver=Z39.88-2004&amp;rft_val_fmt=info%3Aofi%2Ffmt%3Akev%3Amtx%3Abook&amp;rft.genre=unknown&amp;rft.btitle=American+certifications+%E2%80%93+10+Years&amp;rft.pub=Recording+Industry+Association+of+America&amp;rft_id=https%3A%2F%2Fwww.riaa.com%2Fgold-platinum%2F%3Ftab_active%3Ddefault-award%26ar%3D10%2BYears%26ti%3D%26format%3D%26type%3D%23search_section&amp;rfr_id=info%3Asid%2Fen.wikipedia.org%3A10+Years+%28band%29\" class=\"Z3988\"></span></span>\n</li>\n<li id=\"cite_note-blabbermouth.net-7\"><span class=\"mw-cite-backlink\">^ <a href=\"#cite_ref-blabbermouth.net_7-0\"><sup><i><b>a</b></i></sup></a> <a href=\"#cite_ref-blabbermouth.net_7-1\"><sup><i><b>b</b></i></sup></a> <a href=\"#cite_ref-blabbermouth.net_7-2\"><sup><i><b>c</b></i></sup></a> <a href=\"#cite_ref-blabbermouth.net_7-3\"><sup><i><b>d</b></i></sup></a></span> <span class=\"reference-text\"><link rel=\"mw-deduplicated-inline-style\" href=\"mw-data:TemplateStyles:r1238218222\" /><cite class=\"citation web cs1\"><a rel=\"nofollow\" class=\"external text\" href=\"https://blabbermouth.net/news/years-bassist-says-new-album-is-so-different-from-the-autumn-effect/\">\"10 YEARS Bassist Says New Album Is 'So Different' From 'The Autumn Effect'<span class=\"cs1-kern-right\"></span>\"</a>. <i>Blabbermouth.net</i>. January 23, 2008. <a rel=\"nofollow\" class=\"external text\" href=\"https://web.archive.org/web/20161130042833/http://www.blabbermouth.net/news/years-bassist-says-new-album-is-so-different-from-the-autumn-effect/\">Archived</a> from the original on November 30, 2016<span class=\"reference-accessdate\">. Retrieved <span class=\"nowrap\">December 2,</span> 2019</span>.</cite><span title=\"ctx_ver=Z39.88-2004&amp;rft_val_fmt=info%3Aofi%2Ffmt%3Akev%3Amtx%3Ajournal&amp;rft.genre=unknown&amp;rft.jtitle=Blabbermouth.net&amp;rft.atitle=10+YEARS+Bassist+Says+New+Album+Is+%27So+Different%27+From+%27The+Autumn+Effect%27&amp;rft.date=2008-01-23&amp;rft_id=https%3A%2F%2Fblabbermouth.net%2Fnews%2Fyears-bassist-says-new-album-is-so-different-from-the-autumn-effect%2F&amp;rfr_id=info%3Asid%2Fen.wikipedia.org%3A10+Years+%28band%29\" class=\"Z3988\"></span></span>\n</li>\n<li id=\"cite_note-8\"><span class=\"mw-cite-backlink\"><b><a href=\"#cite_ref-8\">^</a></b></span> <span class=\"reference-text\"><link rel=\"mw-deduplicated-inline-style\" href=\"mw-data:TemplateStyles:r1238218222\" /><cite class=\"citation web cs1\"><a rel=\"nofollow\" class=\"external text\" href=\"http://www.loudside.com\">\"Search for Hasek\"</a>. <i>Loudside.com</i><span class=\"reference-accessdate\">. Retrieved <span class=\"nowrap\">September 21,</span> 2012</span>.</cite><span title=\"ctx_ver=Z39.88-2004&amp;rft_val_fmt=info%3Aofi%2Ffmt%3Akev%3Amtx%3Ajournal&amp;rft.genre=unknown&amp;rft.jtitle=Loudside.com&amp;rft.atitle=Search+for+Hasek&amp;rft_id=http%3A%2F%2Fwww.loudside.com&amp;rfr_id=info%3Asid%2Fen.wikipedia.org%3A10+Years+%28band%29\" class=\"Z3988\"></span></span>\n</li>\n<li id=\"cite_note-9\"><span class=\"mw-cite-backlink\"><b><a href=\"#cite_ref-9\">^</a></b></span> <span class=\"reference-text\"><link rel=\"mw-deduplicated-inline-style\" href=\"mw-data:TemplateStyles:r1238218222\" /><cite class=\"citation web cs1\"><a rel=\"nofollow\" class=\"external text\" href=\"https://web.archive.org/web/20101118212417/http://loudside.com/news/3426\">\"10 Years 'Division' Preview Available\"</a>. <i>Loudside.com</i>. Archived from <a rel=\"nofollow\" class=\"external text\" href=\"http://loudside.com/news/3426\">the original</a> on November 18, 2010<span class=\"reference-accessdate\">. Retrieved <span class=\"nowrap\">December 2,</span> 2019</span>.</cite><span title=\"ctx_ver=Z39.88-2004&amp;rft_val_fmt=info%3Aofi%2Ffmt%3Akev%3Amtx%3Ajournal&amp;rft.genre=unknown&amp;rft.jtitle=Loudside.com&amp;rft.atitle=10+Years+%27Division%27+Preview+Available&amp;rft_id=http%3A%2F%2Floudside.com%2Fnews%2F3426&amp;rfr_id=info%3Asid%2Fen.wikipedia.org%3A10+Years+%28band%29\" class=\"Z3988\"></span></span>\n</li>\n<li id=\"cite_note-10\"><span class=\"mw-cite-backlink\"><b><a href=\"#cite_ref-10\">^</a></b></span> <span class=\"reference-text\"><link rel=\"mw-deduplicated-inline-style\" href=\"mw-data:TemplateStyles:r1238218222\" /><cite class=\"citation web cs1\"><a rel=\"nofollow\" class=\"external text\" href=\"https://web.archive.org/web/20111114030417/http://sphotos.ak.fbcdn.net/hphotos-ak-ash1/hs327.ash1/28506_118271661546897_100000921922019_108371_1460630_n.jpg\">\"Track listing\"</a>. <i>Sphotos.ak.fbcdn.net</i>. Archived from <a rel=\"nofollow\" class=\"external text\" href=\"https://sphotos.ak.fbcdn.net/hphotos-ak-ash1/hs327.ash1/28506_118271661546897_100000921922019_108371_1460630_n.jpg\">the original</a> on November 14, 2011<span class=\"reference-accessdate\">. Retrieved <span class=\"nowrap\">September 21,</span> 2012</span>.</cite><span title=\"ctx_ver=Z39.88-2004&amp;rft_val_fmt=info%3Aofi%2Ffmt%3Akev%3Amtx%3Ajournal&amp;rft.genre=unknown&amp;rft.jtitle=Sphotos.ak.fbcdn.net&amp;rft.atitle=Track+listing&amp;rft_id=http%3A%2F%2Fsphotos.ak.fbcdn.net%2Fhphotos-ak-ash1%2Fhs327.ash1%2F28506_118271661546897_100000921922019_108371_1460630_n.jpg&amp;rfr_id=info%3Asid%2Fen.wikipedia.org%3A10+Years+%28band%29\" class=\"Z3988\"></span></span>\n</li>\n<li id=\"cite_note-11\"><span class=\"mw-cite-backlink\"><b><a href=\"#cite_ref-11\">^</a></b></span> <span class=\"reference-text\"><link rel=\"mw-deduplicated-inline-style\" href=\"mw-data:TemplateStyles:r1238218222\" /><cite class=\"citation web cs1\"><a rel=\"nofollow\" class=\"external text\" href=\"https://web.archive.org/web/20130101233136/http://www.fmqb.com/Article.asp?id=16697\">\"FMQB: Radio Industry News, Music Industry Updates, Arbitron Ratings, Music News and more!\"</a>. <i>Fmqb.com</i>. Archived from <a rel=\"nofollow\" class=\"external text\" href=\"http://fmqb.com/Article.asp?id=16697\">the original</a> on January 1, 2013<span class=\"reference-accessdate\">. Retrieved <span class=\"nowrap\">June 4,</span> 2018</span>.</cite><span title=\"ctx_ver=Z39.88-2004&amp;rft_val_fmt=info%3Aofi%2Ffmt%3Akev%3Amtx%3Ajournal&amp;rft.genre=unknown&amp;rft.jtitle=Fmqb.com&amp;rft.atitle=FMQB%3A+Radio+Industry+News%2C+Music+Industry+Updates%2C+Arbitron+Ratings%2C+Music+News+and+more%21&amp;rft_id=http%3A%2F%2Ffmqb.com%2FArticle.asp%3Fid%3D16697&amp;rfr_id=info%3Asid%2Fen.wikipedia.org%3A10+Years+%28band%29\" class=\"Z3988\"></span></span>\n</li>\n<li id=\"cite_note-12\"><span class=\"mw-cite-backlink\"><b><a href=\"#cite_ref-12\">^</a></b></span> <span class=\"reference-text\"><link rel=\"mw-deduplicated-inline-style\" href=\"mw-data:TemplateStyles:r1238218222\" /><cite class=\"citation web cs1\"><a rel=\"nofollow\" class=\"external text\" href=\"https://twitter.com/10years/status/15754395930\">\"Twitter / 10years: \"Shoot it Out\" will be available\"</a>. <a href=\"/wiki/Twitter\" title=\"Twitter\">Twitter</a>. June 8, 2010<span class=\"reference-accessdate\">. Retrieved <span class=\"nowrap\">September 17,</span> 2012</span>.</cite><span title=\"ctx_ver=Z39.88-2004&amp;rft_val_fmt=info%3Aofi%2Ffmt%3Akev%3Amtx%3Abook&amp;rft.genre=unknown&amp;rft.btitle=Twitter+%2F+10years%3A+%22Shoot+it+Out%22+will+be+available&amp;rft.pub=Twitter&amp;rft.date=2010-06-08&amp;rft_id=https%3A%2F%2Ftwitter.com%2F10years%2Fstatus%2F15754395930&amp;rfr_id=info%3Asid%2Fen.wikipedia.org%3A10+Years+%28band%29\" class=\"Z3988\"></span></span>\n</li>\n<li id=\"cite_note-13\"><span class=\"mw-cite-backlink\"><b><a href=\"#cite_ref-13\">^</a></b></span> <span class=\"reference-text\"><link rel=\"mw-deduplicated-inline-style\" href=\"mw-data:TemplateStyles:r1238218222\" /><cite class=\"citation web cs1\"><a rel=\"nofollow\" class=\"external text\" href=\"https://web.archive.org/web/20110708121254/http://carnivalofmadness.com/\">\"Carnival of Madness\"</a>. <i>Carnivalofmadness.com</i>. Archived from <a rel=\"nofollow\" class=\"external text\" href=\"http://carnivalofmadness.com/\">the original</a> on July 8, 2011<span class=\"reference-accessdate\">. Retrieved <span class=\"nowrap\">June 4,</span> 2018</span>.</cite><span title=\"ctx_ver=Z39.88-2004&amp;rft_val_fmt=info%3Aofi%2Ffmt%3Akev%3Amtx%3Ajournal&amp;rft.genre=unknown&amp;rft.jtitle=Carnivalofmadness.com&amp;rft.atitle=Carnival+of+Madness&amp;rft_id=http%3A%2F%2Fcarnivalofmadness.com%2F&amp;rfr_id=info%3Asid%2Fen.wikipedia.org%3A10+Years+%28band%29\" class=\"Z3988\"></span></span>\n</li>\n<li id=\"cite_note-14\"><span class=\"mw-cite-backlink\"><b><a href=\"#cite_ref-14\">^</a></b></span> <span class=\"reference-text\"><link rel=\"mw-deduplicated-inline-style\" href=\"mw-data:TemplateStyles:r1238218222\" /><cite class=\"citation web cs1\"><a rel=\"nofollow\" class=\"external text\" href=\"https://web.archive.org/web/20101210170218/http://thedeadhub.com/10-years-at-the-brat-stop/\">\"10 Years at the Brat Stop\"</a>. <i>Thedeadhub.com</i>. Archived from <a rel=\"nofollow\" class=\"external text\" href=\"http://thedeadhub.com/10-years-at-the-brat-stop\">the original</a> on December 10, 2010<span class=\"reference-accessdate\">. Retrieved <span class=\"nowrap\">May 31,</span> 2013</span>.</cite><span title=\"ctx_ver=Z39.88-2004&amp;rft_val_fmt=info%3Aofi%2Ffmt%3Akev%3Amtx%3Ajournal&amp;rft.genre=unknown&amp;rft.jtitle=Thedeadhub.com&amp;rft.atitle=10+Years+at+the+Brat+Stop&amp;rft_id=http%3A%2F%2Fthedeadhub.com%2F10-years-at-the-brat-stop&amp;rfr_id=info%3Asid%2Fen.wikipedia.org%3A10+Years+%28band%29\" class=\"Z3988\"></span></span>\n</li>\n<li id=\"cite_note-15\"><span class=\"mw-cite-backlink\"><b><a href=\"#cite_ref-15\">^</a></b></span> <span class=\"reference-text\"><link rel=\"mw-deduplicated-inline-style\" href=\"mw-data:TemplateStyles:r1238218222\" /><cite class=\"citation web cs1\"><a rel=\"nofollow\" class=\"external text\" href=\"https://www.facebook.com/event.php?eid=216337668397623\">\"Video Shoot for \"FIX ME\"<span class=\"cs1-kern-right\"></span>\"</a>. <a href=\"/wiki/Facebook\" title=\"Facebook\">Facebook</a><span class=\"reference-accessdate\">. Retrieved <span class=\"nowrap\">May 31,</span> 2013</span>.</cite><span title=\"ctx_ver=Z39.88-2004&amp;rft_val_fmt=info%3Aofi%2Ffmt%3Akev%3Amtx%3Abook&amp;rft.genre=unknown&amp;rft.btitle=Video+Shoot+for+%22FIX+ME%22&amp;rft.pub=Facebook&amp;rft_id=http%3A%2F%2Fwww.facebook.com%2Fevent.php%3Feid%3D216337668397623&amp;rfr_id=info%3Asid%2Fen.wikipedia.org%3A10+Years+%28band%29\" class=\"Z3988\"></span></span>\n</li>\n<li id=\"cite_note-16\"><span class=\"mw-cite-backlink\"><b><a href=\"#cite_ref-16\">^</a></b></span> <span class=\"reference-text\"><link rel=\"mw-deduplicated-inline-style\" href=\"mw-data:TemplateStyles:r1238218222\" /><cite class=\"citation web cs1\"><a rel=\"nofollow\" class=\"external text\" href=\"https://www.youtube.com/watch?v=DCbkeUxkbYc\">\"10 Years - Fix Me\"</a>. <a href=\"/wiki/YouTube\" title=\"YouTube\">YouTube</a>. August 9, 2011<span class=\"reference-accessdate\">. Retrieved <span class=\"nowrap\">June 4,</span> 2018</span>.</cite><span title=\"ctx_ver=Z39.88-2004&amp;rft_val_fmt=info%3Aofi%2Ffmt%3Akev%3Amtx%3Abook&amp;rft.genre=unknown&amp;rft.btitle=10+Years+-+Fix+Me&amp;rft.pub=YouTube&amp;rft.date=2011-08-09&amp;rft_id=https%3A%2F%2Fwww.youtube.com%2Fwatch%3Fv%3DDCbkeUxkbYc&amp;rfr_id=info%3Asid%2Fen.wikipedia.org%3A10+Years+%28band%29\" class=\"Z3988\"></span></span>\n</li>\n<li id=\"cite_note-17\"><span class=\"mw-cite-backlink\"><b><a href=\"#cite_ref-17\">^</a></b></span> <span class=\"reference-text\"><link rel=\"mw-deduplicated-inline-style\" href=\"mw-data:TemplateStyles:r1238218222\" /><cite class=\"citation web cs1\"><a rel=\"nofollow\" class=\"external text\" href=\"http://www.blabbermouth.net/news/years-to-release-minus-the-machine-in-july/\">\"10 YEARS To Release 'Minus The Machine' In July\"</a>. <a href=\"/wiki/Blabbermouth\" class=\"mw-redirect\" title=\"Blabbermouth\">Blabbermouth</a>. April 12, 2012<span class=\"reference-accessdate\">. Retrieved <span class=\"nowrap\">March 10,</span> 2015</span>.</cite><span title=\"ctx_ver=Z39.88-2004&amp;rft_val_fmt=info%3Aofi%2Ffmt%3Akev%3Amtx%3Abook&amp;rft.genre=unknown&amp;rft.btitle=10+YEARS+To+Release+%27Minus+The+Machine%27+In+July&amp;rft.pub=Blabbermouth&amp;rft.date=2012-04-12&amp;rft_id=http%3A%2F%2Fwww.blabbermouth.net%2Fnews%2Fyears-to-release-minus-the-machine-in-july%2F&amp;rfr_id=info%3Asid%2Fen.wikipedia.org%3A10+Years+%28band%29\" class=\"Z3988\"></span></span>\n</li>\n<li id=\"cite_note-18\"><span class=\"mw-cite-backlink\"><b><a href=\"#cite_ref-18\">^</a></b></span> <span class=\"reference-text\"><a rel=\"nofollow\" class=\"external autonumber\" href=\"http://www.10yearsmusic.com/news_d.aspx?nid=9577\">[1]</a> <sup class=\"noprint Inline-Template\"><span style=\"white-space: nowrap;\">&#91;<i><a href=\"/wiki/Wikipedia:Link_rot\" title=\"Wikipedia:Link rot\"><span title=\"&#160;Dead link tagged June 2017\">permanent dead link</span></a></i>&#93;</span></sup></span>\n</li>\n<li id=\"cite_note-19\"><span class=\"mw-cite-backlink\"><b><a href=\"#cite_ref-19\">^</a></b></span> <span class=\"reference-text\"><link rel=\"mw-deduplicated-inline-style\" href=\"mw-data:TemplateStyles:r1238218222\" /><cite class=\"citation web cs1\"><a rel=\"nofollow\" class=\"external text\" href=\"https://www.youtube.com/watch?v=9NLLH-2-ZUg\">\"10 Years - Backlash &#91;Official Music Video&#93;\"</a>. <a href=\"/wiki/YouTube\" title=\"YouTube\">YouTube</a>. April 12, 2012<span class=\"reference-accessdate\">. Retrieved <span class=\"nowrap\">March 10,</span> 2015</span>.</cite><span title=\"ctx_ver=Z39.88-2004&amp;rft_val_fmt=info%3Aofi%2Ffmt%3Akev%3Amtx%3Abook&amp;rft.genre=unknown&amp;rft.btitle=10+Years+-+Backlash+%5BOfficial+Music+Video%5D&amp;rft.pub=YouTube&amp;rft.date=2012-04-12&amp;rft_id=https%3A%2F%2Fwww.youtube.com%2Fwatch%3Fv%3D9NLLH-2-ZUg&amp;rfr_id=info%3Asid%2Fen.wikipedia.org%3A10+Years+%28band%29\" class=\"Z3988\"></span></span>\n</li>\n<li id=\"cite_note-20\"><span class=\"mw-cite-backlink\"><b><a href=\"#cite_ref-20\">^</a></b></span> <span class=\"reference-text\"><link rel=\"mw-deduplicated-inline-style\" href=\"mw-data:TemplateStyles:r1238218222\" /><cite class=\"citation web cs1\"><a rel=\"nofollow\" class=\"external text\" href=\"http://www.antimusic.com/news/12/September/1810_Years_Recruit_Fair_To_Midland_Member_For_Tour.shtml\">\"10 Years Recruit Fair To Midland Member For Tour\"</a>. <i>Antimusic.com</i>. September 18, 2012<span class=\"reference-accessdate\">. Retrieved <span class=\"nowrap\">May 29,</span> 2013</span>.</cite><span title=\"ctx_ver=Z39.88-2004&amp;rft_val_fmt=info%3Aofi%2Ffmt%3Akev%3Amtx%3Ajournal&amp;rft.genre=unknown&amp;rft.jtitle=Antimusic.com&amp;rft.atitle=10+Years+Recruit+Fair+To+Midland+Member+For+Tour&amp;rft.date=2012-09-18&amp;rft_id=http%3A%2F%2Fwww.antimusic.com%2Fnews%2F12%2FSeptember%2F1810_Years_Recruit_Fair_To_Midland_Member_For_Tour.shtml&amp;rfr_id=info%3Asid%2Fen.wikipedia.org%3A10+Years+%28band%29\" class=\"Z3988\"></span></span>\n</li>\n<li id=\"cite_note-21\"><span class=\"mw-cite-backlink\"><b><a href=\"#cite_ref-21\">^</a></b></span> <span class=\"reference-text\"><link rel=\"mw-deduplicated-inline-style\" href=\"mw-data:TemplateStyles:r1238218222\" /><cite class=\"citation web cs1\"><a rel=\"nofollow\" class=\"external text\" href=\"https://www.youtube.com/watch?v=0-Asp9nFJgc\">\"10 Years - Shoot It Out (With Mike Underdown) &amp; Guitar Smash 10 Years\"</a>. <a href=\"/wiki/YouTube\" title=\"YouTube\">YouTube</a>. January 3, 2013<span class=\"reference-accessdate\">. Retrieved <span class=\"nowrap\">October 9,</span> 2013</span>.</cite><span title=\"ctx_ver=Z39.88-2004&amp;rft_val_fmt=info%3Aofi%2Ffmt%3Akev%3Amtx%3Abook&amp;rft.genre=unknown&amp;rft.btitle=10+Years+-+Shoot+It+Out+%28With+Mike+Underdown%29+%26+Guitar+Smash+10+Years&amp;rft.pub=YouTube&amp;rft.date=2013-01-03&amp;rft_id=https%3A%2F%2Fwww.youtube.com%2Fwatch%3Fv%3D0-Asp9nFJgc&amp;rfr_id=info%3Asid%2Fen.wikipedia.org%3A10+Years+%28band%29\" class=\"Z3988\"></span></span>\n</li>\n<li id=\"cite_note-22\"><span class=\"mw-cite-backlink\"><b><a href=\"#cite_ref-22\">^</a></b></span> <span class=\"reference-text\"><link rel=\"mw-deduplicated-inline-style\" href=\"mw-data:TemplateStyles:r1238218222\" /><cite class=\"citation web cs1\"><a rel=\"nofollow\" class=\"external text\" href=\"http://loudwire.com/10-years-miscellanea-exclusive-video-premiere/\">\"10 Years, 'Miscellanea' – Exclusive Video Premiere\"</a>. <i>Loudwire.com</i>. February 10, 2015<span class=\"reference-accessdate\">. Retrieved <span class=\"nowrap\">February 10,</span> 2015</span>.</cite><span title=\"ctx_ver=Z39.88-2004&amp;rft_val_fmt=info%3Aofi%2Ffmt%3Akev%3Amtx%3Ajournal&amp;rft.genre=unknown&amp;rft.jtitle=Loudwire.com&amp;rft.atitle=10+Years%2C+%27Miscellanea%27+%E2%80%93+Exclusive+Video+Premiere&amp;rft.date=2015-02-10&amp;rft_id=http%3A%2F%2Floudwire.com%2F10-years-miscellanea-exclusive-video-premiere%2F&amp;rfr_id=info%3Asid%2Fen.wikipedia.org%3A10+Years+%28band%29\" class=\"Z3988\"></span></span>\n</li>\n<li id=\"cite_note-23\"><span class=\"mw-cite-backlink\"><b><a href=\"#cite_ref-23\">^</a></b></span> <span class=\"reference-text\"><link rel=\"mw-deduplicated-inline-style\" href=\"mw-data:TemplateStyles:r1238218222\" /><cite class=\"citation web cs1\"><a rel=\"nofollow\" class=\"external text\" href=\"https://www.youtube.com/watch?v=gOCThCujxak&amp;t=20\">\"10 Years \"Miscellanea\" Official Song Stream/Lyric Video\"</a>. <a href=\"/wiki/YouTube\" title=\"YouTube\">YouTube</a>. February 13, 2015<span class=\"reference-accessdate\">. Retrieved <span class=\"nowrap\">March 13,</span> 2015</span>.</cite><span title=\"ctx_ver=Z39.88-2004&amp;rft_val_fmt=info%3Aofi%2Ffmt%3Akev%3Amtx%3Abook&amp;rft.genre=unknown&amp;rft.btitle=10+Years+%22Miscellanea%22+Official+Song+Stream%2FLyric+Video&amp;rft.pub=YouTube&amp;rft.date=2015-02-13&amp;rft_id=https%3A%2F%2Fwww.youtube.com%2Fwatch%3Fv%3DgOCThCujxak%26t%3D20&amp;rfr_id=info%3Asid%2Fen.wikipedia.org%3A10+Years+%28band%29\" class=\"Z3988\"></span></span>\n</li>\n<li id=\"cite_note-BlabNova-24\"><span class=\"mw-cite-backlink\">^ <a href=\"#cite_ref-BlabNova_24-0\"><sup><i><b>a</b></i></sup></a> <a href=\"#cite_ref-BlabNova_24-1\"><sup><i><b>b</b></i></sup></a></span> <span class=\"reference-text\"><link rel=\"mw-deduplicated-inline-style\" href=\"mw-data:TemplateStyles:r1238218222\" /><cite class=\"citation web cs1\"><a rel=\"nofollow\" class=\"external text\" href=\"http://www.blabbermouth.net/news/10-years-to-release-how-to-live-as-ghosts-album-in-october/\">\"10 YEARS To Release '(How To Live) As Ghosts' Album In October\"</a>. <i><a href=\"/wiki/Blabbermouth.net\" title=\"Blabbermouth.net\">Blabbermouth.net</a></i>. August 16, 2017<span class=\"reference-accessdate\">. Retrieved <span class=\"nowrap\">June 4,</span> 2018</span>.</cite><span title=\"ctx_ver=Z39.88-2004&amp;rft_val_fmt=info%3Aofi%2Ffmt%3Akev%3Amtx%3Ajournal&amp;rft.genre=unknown&amp;rft.jtitle=Blabbermouth.net&amp;rft.atitle=10+YEARS+To+Release+%27%28How+To+Live%29+As+Ghosts%27+Album+In+October&amp;rft.date=2017-08-16&amp;rft_id=http%3A%2F%2Fwww.blabbermouth.net%2Fnews%2F10-years-to-release-how-to-live-as-ghosts-album-in-october%2F&amp;rfr_id=info%3Asid%2Fen.wikipedia.org%3A10+Years+%28band%29\" class=\"Z3988\"></span></span>\n</li>\n<li id=\"cite_note-25\"><span class=\"mw-cite-backlink\"><b><a href=\"#cite_ref-25\">^</a></b></span> <span class=\"reference-text\"><link rel=\"mw-deduplicated-inline-style\" href=\"mw-data:TemplateStyles:r1238218222\" /><cite class=\"citation web cs1\"><a rel=\"nofollow\" class=\"external text\" href=\"https://loudwire.com/10-years-the-shift/\">\"10 Years Seeking Unity with New Song 'The Shift'<span class=\"cs1-kern-right\"></span>\"</a>. <i><a href=\"/wiki/Loudwire\" title=\"Loudwire\">Loudwire</a></i>. May 15, 2020.</cite><span title=\"ctx_ver=Z39.88-2004&amp;rft_val_fmt=info%3Aofi%2Ffmt%3Akev%3Amtx%3Ajournal&amp;rft.genre=unknown&amp;rft.jtitle=Loudwire&amp;rft.atitle=10+Years+Seeking+Unity+with+New+Song+%27The+Shift%27&amp;rft.date=2020-05-15&amp;rft_id=https%3A%2F%2Floudwire.com%2F10-years-the-shift%2F&amp;rfr_id=info%3Asid%2Fen.wikipedia.org%3A10+Years+%28band%29\" class=\"Z3988\"></span></span>\n</li>\n<li id=\"cite_note-26\"><span class=\"mw-cite-backlink\"><b><a href=\"#cite_ref-26\">^</a></b></span> <span class=\"reference-text\"><link rel=\"mw-deduplicated-inline-style\" href=\"mw-data:TemplateStyles:r1238218222\" /><cite class=\"citation web cs1\"><a rel=\"nofollow\" class=\"external text\" href=\"https://loudwire.com/10-years-the-unknown-violent-allies-album/\">\"10 Years Unveil Soaring New Song 'The Unknown,' Announce 'Violent Allies' Album\"</a>. <i><a href=\"/wiki/Loudwire.com\" class=\"mw-redirect\" title=\"Loudwire.com\">Loudwire.com</a></i>. July 10, 2020<span class=\"reference-accessdate\">. Retrieved <span class=\"nowrap\">July 11,</span> 2020</span>.</cite><span title=\"ctx_ver=Z39.88-2004&amp;rft_val_fmt=info%3Aofi%2Ffmt%3Akev%3Amtx%3Ajournal&amp;rft.genre=unknown&amp;rft.jtitle=Loudwire.com&amp;rft.atitle=10+Years+Unveil+Soaring+New+Song+%27The+Unknown%2C%27+Announce+%27Violent+Allies%27+Album&amp;rft.date=2020-07-10&amp;rft_id=https%3A%2F%2Floudwire.com%2F10-years-the-unknown-violent-allies-album%2F&amp;rfr_id=info%3Asid%2Fen.wikipedia.org%3A10+Years+%28band%29\" class=\"Z3988\"></span></span>\n</li>\n<li id=\"cite_note-27\"><span class=\"mw-cite-backlink\"><b><a href=\"#cite_ref-27\">^</a></b></span> <span class=\"reference-text\"><link rel=\"mw-deduplicated-inline-style\" href=\"mw-data:TemplateStyles:r1238218222\" /><cite id=\"CITEREFChilders2022\" class=\"citation web cs1\">Childers, Chad (February 10, 2022). <a rel=\"nofollow\" class=\"external text\" href=\"https://loudwire.com/10-years-deconstructed-album/\">\"10 Years Rework 19 Songs for 'Deconstructed' Album, Reveal 'Wasteland' Alternate Take\"</a>. <i>Loudwire</i><span class=\"reference-accessdate\">. Retrieved <span class=\"nowrap\">February 14,</span> 2022</span>.</cite><span title=\"ctx_ver=Z39.88-2004&amp;rft_val_fmt=info%3Aofi%2Ffmt%3Akev%3Amtx%3Ajournal&amp;rft.genre=unknown&amp;rft.jtitle=Loudwire&amp;rft.atitle=10+Years+Rework+19+Songs+for+%27Deconstructed%27+Album%2C+Reveal+%27Wasteland%27+Alternate+Take&amp;rft.date=2022-02-10&amp;rft.aulast=Childers&amp;rft.aufirst=Chad&amp;rft_id=https%3A%2F%2Floudwire.com%2F10-years-deconstructed-album%2F&amp;rfr_id=info%3Asid%2Fen.wikipedia.org%3A10+Years+%28band%29\" class=\"Z3988\"></span></span>\n</li>\n<li id=\"cite_note-mm-28\"><span class=\"mw-cite-backlink\"><b><a href=\"#cite_ref-mm_28-0\">^</a></b></span> <span class=\"reference-text\"><link rel=\"mw-deduplicated-inline-style\" href=\"mw-data:TemplateStyles:r1238218222\" /><cite class=\"citation web cs1\"><a rel=\"nofollow\" class=\"external text\" href=\"https://web.archive.org/web/20131004215658/http://www.musicmight.com/artist/usa/tennessee/knoxville/10+years\">\"Artists&#160;:: 10 YEARS\"</a>. MusicMight. June 12, 2008. Archived from <a rel=\"nofollow\" class=\"external text\" href=\"http://www.musicmight.com/artist/usa/tennessee/knoxville/10+years\">the original</a> on October 4, 2013<span class=\"reference-accessdate\">. Retrieved <span class=\"nowrap\">May 10,</span> 2013</span>.</cite><span title=\"ctx_ver=Z39.88-2004&amp;rft_val_fmt=info%3Aofi%2Ffmt%3Akev%3Amtx%3Abook&amp;rft.genre=unknown&amp;rft.btitle=Artists+%3A%3A+10+YEARS&amp;rft.pub=MusicMight&amp;rft.date=2008-06-12&amp;rft_id=http%3A%2F%2Fwww.musicmight.com%2Fartist%2Fusa%2Ftennessee%2Fknoxville%2F10%2Byears&amp;rfr_id=info%3Asid%2Fen.wikipedia.org%3A10+Years+%28band%29\" class=\"Z3988\"></span></span>\n</li>\n<li id=\"cite_note-machine-29\"><span class=\"mw-cite-backlink\">^ <a href=\"#cite_ref-machine_29-0\"><sup><i><b>a</b></i></sup></a> <a href=\"#cite_ref-machine_29-1\"><sup><i><b>b</b></i></sup></a></span> <span class=\"reference-text\"><link rel=\"mw-deduplicated-inline-style\" href=\"mw-data:TemplateStyles:r1238218222\" /><cite id=\"CITEREFChristopher2012\" class=\"citation web cs1\">Christopher, James (August 7, 2012). <a rel=\"nofollow\" class=\"external text\" href=\"http://www.allmusic.com/album/minus-the-machine-mw0002390260\">\"Minus the Machine - 10 Years&#160;: Songs, Reviews, Credits, Awards\"</a>. <a href=\"/wiki/AllMusic\" title=\"AllMusic\">AllMusic</a><span class=\"reference-accessdate\">. Retrieved <span class=\"nowrap\">May 10,</span> 2013</span>.</cite><span title=\"ctx_ver=Z39.88-2004&amp;rft_val_fmt=info%3Aofi%2Ffmt%3Akev%3Amtx%3Abook&amp;rft.genre=unknown&amp;rft.btitle=Minus+the+Machine+-+10+Years+%3A+Songs%2C+Reviews%2C+Credits%2C+Awards&amp;rft.pub=AllMusic&amp;rft.date=2012-08-07&amp;rft.aulast=Christopher&amp;rft.aufirst=James&amp;rft_id=http%3A%2F%2Fwww.allmusic.com%2Falbum%2Fminus-the-machine-mw0002390260&amp;rfr_id=info%3Asid%2Fen.wikipedia.org%3A10+Years+%28band%29\" class=\"Z3988\"></span></span>\n</li>\n<li id=\"cite_note-omaha-30\"><span class=\"mw-cite-backlink\"><b><a href=\"#cite_ref-omaha_30-0\">^</a></b></span> <span class=\"reference-text\"><link rel=\"mw-deduplicated-inline-style\" href=\"mw-data:TemplateStyles:r1238218222\" /><cite id=\"CITEREFOmaha_World-Herald\" class=\"citation web cs1\">Omaha World-Herald. <a rel=\"nofollow\" class=\"external text\" href=\"https://archive.today/20130630015234/http://www.omaha.com/article/20130509/GO/705099978\">\"Sick Puppies grateful for involved fans\"</a>. <i>Omaha.com</i>. Archived from <a rel=\"nofollow\" class=\"external text\" href=\"https://www.omaha.com/article/20130509/GO/705099978\">the original</a> on June 30, 2013<span class=\"reference-accessdate\">. Retrieved <span class=\"nowrap\">May 10,</span> 2013</span>.</cite><span title=\"ctx_ver=Z39.88-2004&amp;rft_val_fmt=info%3Aofi%2Ffmt%3Akev%3Amtx%3Ajournal&amp;rft.genre=unknown&amp;rft.jtitle=Omaha.com&amp;rft.atitle=Sick+Puppies+grateful+for+involved+fans&amp;rft.au=Omaha+World-Herald&amp;rft_id=http%3A%2F%2Fwww.omaha.com%2Farticle%2F20130509%2FGO%2F705099978&amp;rfr_id=info%3Asid%2Fen.wikipedia.org%3A10+Years+%28band%29\" class=\"Z3988\"></span></span>\n</li>\n<li id=\"cite_note-31\"><span class=\"mw-cite-backlink\"><b><a href=\"#cite_ref-31\">^</a></b></span> <span class=\"reference-text\"><link rel=\"mw-deduplicated-inline-style\" href=\"mw-data:TemplateStyles:r1238218222\" /><cite id=\"CITEREFSharpe-Young2005\" class=\"citation book cs1\">Sharpe-Young, Garry (2005). <a rel=\"nofollow\" class=\"external text\" href=\"https://books.google.com/books?id=uIIf03bGyAAC&amp;q=%22alternative+metal+band+10+years%22&amp;pg=PA1\"><i>New Wave of American Heavy Metal - Garry Sharpe-Young - Google Books</i></a>. Zonda Books Limited. p.&#160;1. <a href=\"/wiki/ISBN_(identifier)\" class=\"mw-redirect\" title=\"ISBN (identifier)\">ISBN</a>&#160;<a href=\"/wiki/Special:BookSources/9780958268400\" title=\"Special:BookSources/9780958268400\"><bdi>9780958268400</bdi></a><span class=\"reference-accessdate\">. Retrieved <span class=\"nowrap\">May 10,</span> 2013</span>.</cite><span title=\"ctx_ver=Z39.88-2004&amp;rft_val_fmt=info%3Aofi%2Ffmt%3Akev%3Amtx%3Abook&amp;rft.genre=book&amp;rft.btitle=New+Wave+of+American+Heavy+Metal+-+Garry+Sharpe-Young+-+Google+Books&amp;rft.pages=1&amp;rft.pub=Zonda+Books+Limited&amp;rft.date=2005&amp;rft.isbn=9780958268400&amp;rft.aulast=Sharpe-Young&amp;rft.aufirst=Garry&amp;rft_id=https%3A%2F%2Fbooks.google.com%2Fbooks%3Fid%3DuIIf03bGyAAC%26q%3D%2522alternative%2Bmetal%2Bband%2B10%2Byears%2522%26pg%3DPA1&amp;rfr_id=info%3Asid%2Fen.wikipedia.org%3A10+Years+%28band%29\" class=\"Z3988\"></span></span>\n</li>\n<li id=\"cite_note-32\"><span class=\"mw-cite-backlink\"><b><a href=\"#cite_ref-32\">^</a></b></span> <span class=\"reference-text\"><link rel=\"mw-deduplicated-inline-style\" href=\"mw-data:TemplateStyles:r1238218222\" /><cite class=\"citation web cs1\"><a rel=\"nofollow\" class=\"external text\" href=\"https://archive.today/20130630104216/http://m.themonitor.com/entertainment/article_0fe97c1e-0be6-11e2-8660-0019bb30f31a.html?mode=jqm&amp;login=\">\"Bands 10 Years and Red Jumpsuit Apparatus to play at Geo's Friday\"</a>. The Monitor. October 1, 2012. Archived from <a rel=\"nofollow\" class=\"external text\" href=\"http://m.themonitor.com/entertainment/article_0fe97c1e-0be6-11e2-8660-0019bb30f31a.html?mode=jqm&amp;login=\">the original</a> on June 30, 2013<span class=\"reference-accessdate\">. Retrieved <span class=\"nowrap\">May 10,</span> 2013</span>.</cite><span title=\"ctx_ver=Z39.88-2004&amp;rft_val_fmt=info%3Aofi%2Ffmt%3Akev%3Amtx%3Abook&amp;rft.genre=unknown&amp;rft.btitle=Bands+10+Years+and+Red+Jumpsuit+Apparatus+to+play+at+Geo%27s+Friday&amp;rft.pub=The+Monitor&amp;rft.date=2012-10-01&amp;rft_id=http%3A%2F%2Fm.themonitor.com%2Fentertainment%2Farticle_0fe97c1e-0be6-11e2-8660-0019bb30f31a.html%3Fmode%3Djqm%26login%3D&amp;rfr_id=info%3Asid%2Fen.wikipedia.org%3A10+Years+%28band%29\" class=\"Z3988\"></span></span>\n</li>\n<li id=\"cite_note-33\"><span class=\"mw-cite-backlink\"><b><a href=\"#cite_ref-33\">^</a></b></span> <span class=\"reference-text\"><link rel=\"mw-deduplicated-inline-style\" href=\"mw-data:TemplateStyles:r1238218222\" /><cite id=\"CITEREFShea2017\" class=\"citation web cs1\">Shea, Tara (October 26, 2017). <a rel=\"nofollow\" class=\"external text\" href=\"https://crypticrock.com/10-years-live-ghosts-album-review/\">\"10 Years – (how to live) AS GHOSTS (Album Review)\"</a>. <i>Cryptic Rock</i>.</cite><span title=\"ctx_ver=Z39.88-2004&amp;rft_val_fmt=info%3Aofi%2Ffmt%3Akev%3Amtx%3Ajournal&amp;rft.genre=unknown&amp;rft.jtitle=Cryptic+Rock&amp;rft.atitle=10+Years+%E2%80%93+%28how+to+live%29+AS+GHOSTS+%28Album+Review%29&amp;rft.date=2017-10-26&amp;rft.aulast=Shea&amp;rft.aufirst=Tara&amp;rft_id=https%3A%2F%2Fcrypticrock.com%2F10-years-live-ghosts-album-review%2F&amp;rfr_id=info%3Asid%2Fen.wikipedia.org%3A10+Years+%28band%29\" class=\"Z3988\"></span></span>\n</li>\n<li id=\"cite_note-34\"><span class=\"mw-cite-backlink\"><b><a href=\"#cite_ref-34\">^</a></b></span> <span class=\"reference-text\"><link rel=\"mw-deduplicated-inline-style\" href=\"mw-data:TemplateStyles:r1238218222\" /><cite id=\"CITEREFMcCoy2005\" class=\"citation web cs1\">McCoy, Julene (June 10, 2005). <a rel=\"nofollow\" class=\"external text\" href=\"https://web.archive.org/web/20221029192600/https://chicagoist.com/2005/06/10/reviewed_the_exies_and_10_years.php\">\"Re-Viewed: The Exies and 10 Years\"</a>. <i>The Chicagoist</i>. Archived from <a rel=\"nofollow\" class=\"external text\" href=\"https://chicagoist.com/2005/06/10/reviewed_the_exies_and_10_years.php\">the original</a> on October 29, 2022<span class=\"reference-accessdate\">. Retrieved <span class=\"nowrap\">March 3,</span> 2023</span>.</cite><span title=\"ctx_ver=Z39.88-2004&amp;rft_val_fmt=info%3Aofi%2Ffmt%3Akev%3Amtx%3Ajournal&amp;rft.genre=unknown&amp;rft.jtitle=The+Chicagoist&amp;rft.atitle=Re-Viewed%3A+The+Exies+and+10+Years&amp;rft.date=2005-06-10&amp;rft.aulast=McCoy&amp;rft.aufirst=Julene&amp;rft_id=https%3A%2F%2Fchicagoist.com%2F2005%2F06%2F10%2Freviewed_the_exies_and_10_years.php&amp;rfr_id=info%3Asid%2Fen.wikipedia.org%3A10+Years+%28band%29\" class=\"Z3988\"></span></span>\n</li>\n</ol></div></div>\n<div class=\"mw-heading mw-heading2\"><h2 id=\"External_links\">External links</h2></div>\n<style data-mw-deduplicate=\"TemplateStyles:r1308029216\">.mw-parser-output .side-box{margin:4px 0;box-sizing:border-box;border:1px solid #aaa;font-size:88%;line-height:1.25em;background-color:var(--background-color-interactive-subtle,#f8f9fa);display:flow-root}.mw-parser-output .infobox .side-box{font-size:100%}.mw-parser-output .side-box-abovebelow,.mw-parser-output .side-box-text{padding:0.25em 0.9em}.mw-parser-output .side-box-image{padding:2px 0 2px 0.9em;text-align:center}.mw-parser-output .side-box-imageright{padding:2px 0.9em 2px 0;text-align:center}@media(min-width:500px){.mw-parser-output .side-box-flex{display:flex;align-items:center}.mw-parser-output .side-box-text{flex:1;min-width:0}}@media(min-width:640px){.mw-parser-output .side-box{width:238px}.mw-parser-output .side-box-right{clear:right;float:right;margin-left:1em}.mw-parser-output .side-box-left{margin-right:1em}}</style><style data-mw-deduplicate=\"TemplateStyles:r1311551236\">@media print{body.ns-0 .mw-parser-output .sistersitebox{display:none!important}}@media screen{html.skin-theme-clientpref-night .mw-parser-output .sistersitebox img[src*=\"Wiktionary-logo-en-v2.svg\"]{filter:invert(1)brightness(55%)contrast(250%)hue-rotate(180deg)}}@media screen and (prefers-color-scheme:dark){html.skin-theme-clientpref-os .mw-parser-output .sistersitebox img[src*=\"Wiktionary-logo-en-v2.svg\"]{filter:invert(1)brightness(55%)contrast(250%)hue-rotate(180deg)}}</style><div class=\"side-box side-box-right plainlinks sistersitebox\"><link rel=\"mw-deduplicated-inline-style\" href=\"mw-data:TemplateStyles:r1126788409\" />\n<div class=\"side-box-flex\">\n<div class=\"side-box-image\"><span class=\"noviewer\" typeof=\"mw:File\"><a href=\"/wiki/File:Commons-logo.svg\" class=\"mw-file-description\"><img alt=\"\" src=\"//upload.wikimedia.org/wikipedia/en/thumb/4/4a/Commons-logo.svg/40px-Commons-logo.svg.png\" decoding=\"async\" width=\"30\" height=\"40\" class=\"mw-file-element\" srcset=\"//upload.wikimedia.org/wikipedia/en/thumb/4/4a/Commons-logo.svg/60px-Commons-logo.svg.png 1.5x\" data-file-width=\"1024\" data-file-height=\"1376\" /></a></span></div>\n<div class=\"side-box-text plainlist\">Wikimedia Commons has media related to <span style=\"font-weight: bold; font-style: italic;\"><a href=\"https://commons.wikimedia.org/wiki/Category:10_Years_(band)\" class=\"extiw\" title=\"commons:Category:10 Years (band)\">10 Years (band)</a></span>.</div></div>\n</div>\n<ul><li><span class=\"official-website\"><span class=\"url\"><a rel=\"nofollow\" class=\"external text\" href=\"http://10yearsmusic.com\">Official website</a></span></span></li>\n<li><a rel=\"nofollow\" class=\"external text\" href=\"http://www.10yearsmerch.com/\">Official store</a></li>\n<li><a rel=\"nofollow\" class=\"external text\" href=\"https://www.allmusic.com/artist/mn0000331323\">10 Years</a> at <a href=\"/wiki/AllMusic_(identifier)\" class=\"mw-redirect\" title=\"AllMusic (identifier)\">AllMusic</a> <span class=\"mw-valign-text-top noprint\" typeof=\"mw:File/Frameless\"><a href=\"https://www.wikidata.org/wiki/Q169119#P1728\" title=\"Edit this at Wikidata\"><img alt=\"Edit this at Wikidata\" src=\"//upload.wikimedia.org/wikipedia/en/thumb/8/8a/OOjs_UI_icon_edit-ltr-progressive.svg/20px-OOjs_UI_icon_edit-ltr-progressive.svg.png\" decoding=\"async\" width=\"10\" height=\"10\" class=\"mw-file-element\" data-file-width=\"20\" data-file-height=\"20\" /></a></span></li></ul>\n<div class=\"navbox-styles\"><link rel=\"mw-deduplicated-inline-style\" href=\"mw-data:TemplateStyles:r1129693374\" /><style data-mw-deduplicate=\"TemplateStyles:r1236075235\">.mw-parser-output .navbox{box-sizing:border-box;border:1px solid #a2a9b1;width:100%;clear:both;font-size:88%;text-align:center;padding:1px;margin:1em auto 0}.mw-parser-output .navbox .navbox{margin-top:0}.mw-parser-output .navbox+.navbox,.mw-parser-output .navbox+.navbox-styles+.navbox{margin-top:-1px}.mw-parser-output .navbox-inner,.mw-parser-output .navbox-subgroup{width:100%}.mw-parser-output .navbox-group,.mw-parser-output .navbox-title,.mw-parser-output .navbox-abovebelow{padding:0.25em 1em;line-height:1.5em;text-align:center}.mw-parser-output .navbox-group{white-space:nowrap;text-align:right}.mw-parser-output .navbox,.mw-parser-output .navbox-subgroup{background-color:#fdfdfd}.mw-parser-output .navbox-list{line-height:1.5em;border-color:#fdfdfd}.mw-parser-output .navbox-list-with-group{text-align:left;border-left-width:2px;border-left-style:solid}.mw-parser-output tr+tr>.navbox-abovebelow,.mw-parser-output tr+tr>.navbox-group,.mw-parser-output tr+tr>.navbox-image,.mw-parser-output tr+tr>.navbox-list{border-top:2px solid #fdfdfd}.mw-parser-output .navbox-title{background-color:#ccf}.mw-parser-output .navbox-abovebelow,.mw-parser-output .navbox-group,.mw-parser-output .navbox-subgroup .navbox-title{background-color:#ddf}.mw-parser-output .navbox-subgroup .navbox-group,.mw-parser-output .navbox-subgroup .navbox-abovebelow{background-color:#e6e6ff}.mw-parser-output .navbox-even{background-color:#f7f7f7}.mw-parser-output .navbox-odd{background-color:transparent}.mw-parser-output .navbox .hlist td dl,.mw-parser-output .navbox .hlist td ol,.mw-parser-output .navbox .hlist td ul,.mw-parser-output .navbox td.hlist dl,.mw-parser-output .navbox td.hlist ol,.mw-parser-output .navbox td.hlist ul{padding:0.125em 0}.mw-parser-output .navbox .navbar{display:block;font-size:100%}.mw-parser-output .navbox-title .navbar{float:left;text-align:left;margin-right:0.5em}body.skin--responsive .mw-parser-output .navbox-image img{max-width:none!important}@media print{body.ns-0 .mw-parser-output .navbox{display:none!important}}</style><style data-mw-deduplicate=\"TemplateStyles:r1256394678\">@media screen{.mw-parser-output .navbox-musical-artist-solo .navbox-title{background-color:#f0e68c}.mw-parser-output .navbox-musical-artist-non-vocal .navbox-title{background-color:#f4bf92}.mw-parser-output .navbox-musical-artist-non-perform .navbox-title{background-color:#bfe0bf}.mw-parser-output .navbox-musical-artist-group .navbox-title{background-color:#b0c4de}.mw-parser-output .navbox-musical-artist-cover .navbox-title{background-color:#d8bfd8}.mw-parser-output .navbox-musical-artist-classical .navbox-title{background-color:#b0e0e6}.mw-parser-output .navbox-musical-artist-temp .navbox-title{background-color:#d3d3d3}.mw-parser-output .navbox-musical-artist .navbox-group,.mw-parser-output .navbox-musical-artist .navbox-abovebelow{background-color:var(--background-color-neutral,#eaecf0)}html.skin-theme-clienpref-night .mw-parser-output .navbox-musical-artist .navbox-title{background-color:inherit}}@media screen and (prefers-color-scheme:dark){html.skin-theme-clienpref-os .mw-parser-output .navbox-musical-artist .navbox-title{background-color:inherit}}</style></div><div role=\"navigation\" class=\"navbox navbox-musical-artist navbox-musical-artist-group\" aria-labelledby=\"10_Years949\" style=\"padding:3px\"><table class=\"nowraplinks vcard hlist mw-collapsible autocollapse navbox-inner\" style=\"border-spacing:0;background:transparent;color:inherit\"><tbody><tr><th scope=\"col\" class=\"navbox-title\" colspan=\"2\"><link rel=\"mw-deduplicated-inline-style\" href=\"mw-data:TemplateStyles:r1129693374\" /><style data-mw-deduplicate=\"TemplateStyles:r1239400231\">.mw-parser-output .navbar{display:inline;font-size:88%;font-weight:normal}.mw-parser-output .navbar-collapse{float:left;text-align:left}.mw-parser-output .navbar-boxtext{word-spacing:0}.mw-parser-output .navbar ul{display:inline-block;white-space:nowrap;line-height:inherit}.mw-parser-output .navbar-brackets::before{margin-right:-0.125em;content:\"[ \"}.mw-parser-output .navbar-brackets::after{margin-left:-0.125em;content:\" ]\"}.mw-parser-output .navbar li{word-spacing:-0.125em}.mw-parser-output .navbar a>span,.mw-parser-output .navbar a>abbr{text-decoration:inherit}.mw-parser-output .navbar-mini abbr{font-variant:small-caps;border-bottom:none;text-decoration:none;cursor:inherit}.mw-parser-output .navbar-ct-full{font-size:114%;margin:0 7em}.mw-parser-output .navbar-ct-mini{font-size:114%;margin:0 4em}html.skin-theme-clientpref-night .mw-parser-output .navbar li a abbr{color:var(--color-base)!important}@media(prefers-color-scheme:dark){html.skin-theme-clientpref-os .mw-parser-output .navbar li a abbr{color:var(--color-base)!important}}@media print{.mw-parser-output .navbar{display:none!important}}</style><div class=\"navbar plainlinks hlist navbar-mini\"><ul><li class=\"nv-view\"><a href=\"/wiki/Template:10_Years_(band)\" title=\"Template:10 Years (band)\"><abbr title=\"View this template\">v</abbr></a></li><li class=\"nv-talk\"><a href=\"/wiki/Template_talk:10_Years_(band)\" title=\"Template talk:10 Years (band)\"><abbr title=\"Discuss this template\">t</abbr></a></li><li class=\"nv-edit\"><a href=\"/wiki/Special:EditPage/Template:10_Years_(band)\" title=\"Special:EditPage/Template:10 Years (band)\"><abbr title=\"Edit this template\">e</abbr></a></li></ul></div><div id=\"10_Years949\" class=\"fn org\" style=\"font-size:114%;margin:0 4em\"><a class=\"mw-selflink selflink\">10 Years</a></div></th></tr><tr><th scope=\"row\" class=\"navbox-group\" style=\"width:1%\">Albums</th><td class=\"navbox-list-with-group navbox-list navbox-odd\" style=\"width:100%;padding:0\"><div style=\"padding:0 0.25em\">\n<ul><li><i><a href=\"/wiki/Into_the_Half_Moon\" title=\"Into the Half Moon\">Into the Half Moon</a></i></li>\n<li><i><a href=\"/wiki/Killing_All_That_Holds_You\" title=\"Killing All That Holds You\">Killing All That Holds You</a></i></li>\n<li><i><a href=\"/wiki/The_Autumn_Effect\" title=\"The Autumn Effect\">The Autumn Effect</a></i></li>\n<li><i><a href=\"/wiki/Division_(10_Years_album)\" title=\"Division (10 Years album)\">Division</a></i></li>\n<li><i><a href=\"/wiki/Feeding_the_Wolves_(10_Years_album)\" title=\"Feeding the Wolves (10 Years album)\">Feeding the Wolves</a></i></li>\n<li><i><a href=\"/wiki/Minus_the_Machine\" title=\"Minus the Machine\">Minus the Machine</a></i></li>\n<li><i><a href=\"/wiki/From_Birth_to_Burial\" title=\"From Birth to Burial\">From Birth to Burial</a></i></li>\n<li><i><a href=\"/wiki/(How_to_Live)_as_Ghosts\" title=\"(How to Live) as Ghosts\">(How to Live) as Ghosts</a></i></li>\n<li><i><a href=\"/wiki/Violent_Allies\" title=\"Violent Allies\">Violent Allies</a></i></li></ul>\n</div></td></tr><tr><th scope=\"row\" class=\"navbox-group\" style=\"width:1%\">Singles</th><td class=\"navbox-list-with-group navbox-list navbox-even\" style=\"width:100%;padding:0\"><div style=\"padding:0 0.25em\">\n<ul><li>\"<a href=\"/wiki/Wasteland_(10_Years_song)\" title=\"Wasteland (10 Years song)\">Wasteland</a>\"</li>\n<li>\"<a href=\"/wiki/Through_the_Iris\" title=\"Through the Iris\">Through the Iris</a>\"</li>\n<li>\"<a href=\"/wiki/Beautiful_(10_Years_song)\" title=\"Beautiful (10 Years song)\">Beautiful</a>\"</li>\n<li>\"<a href=\"/wiki/So_Long,_Good-bye_(10_Years_song)\" class=\"mw-redirect\" title=\"So Long, Good-bye (10 Years song)\"> So Long, Good-Bye</a>\"</li>\n<li>\"<a href=\"/wiki/Actions_%26_Motives\" title=\"Actions &amp; Motives\">Actions &amp; Motives</a>\"</li>\n<li>\"<a href=\"/wiki/Shoot_It_Out\" title=\"Shoot It Out\">Shoot It Out</a>\"</li>\n<li>\"<a href=\"/wiki/Fix_Me_(10_Years_song)\" class=\"mw-redirect\" title=\"Fix Me (10 Years song)\">Fix Me</a>\"</li>\n<li>\"<a href=\"/wiki/Novacaine_(song)\" title=\"Novacaine (song)\">Novacaine</a>\"</li>\n<li>\"<a href=\"/wiki/Burnout_(10_Years_song)\" title=\"Burnout (10 Years song)\">Burnout</a>\"</li>\n<li>\"<a href=\"/wiki/The_Shift_(song)\" title=\"The Shift (song)\">The Shift</a>\"</li>\n<li>\"<a href=\"/wiki/The_Unknown_(song)\" title=\"The Unknown (song)\">The Unknown</a>\"</li></ul>\n</div></td></tr><tr><th scope=\"row\" class=\"navbox-group\" style=\"width:1%\">Related</th><td class=\"navbox-list-with-group navbox-list navbox-odd\" style=\"width:100%;padding:0\"><div style=\"padding:0 0.25em\">\n<ul><li><a href=\"/wiki/10_Years_discography\" title=\"10 Years discography\">Discography</a></li></ul>\n</div></td></tr></tbody></table></div>\n<div class=\"navbox-styles\"><link rel=\"mw-deduplicated-inline-style\" href=\"mw-data:TemplateStyles:r1129693374\" /><link rel=\"mw-deduplicated-inline-style\" href=\"mw-data:TemplateStyles:r1236075235\" /></div><div role=\"navigation\" class=\"navbox authority-control\" aria-labelledby=\"Authority_control_databases_frameless&amp;#124;text-top&amp;#124;10px&amp;#124;alt=Edit_this_at_Wikidata&amp;#124;link=https&amp;#58;//www.wikidata.org/wiki/Q169119#identifiers&amp;#124;class=noprint&amp;#124;Edit_this_at_Wikidata959\" style=\"padding:3px\"><table class=\"nowraplinks hlist mw-collapsible autocollapse navbox-inner\" style=\"border-spacing:0;background:transparent;color:inherit\"><tbody><tr><th scope=\"col\" class=\"navbox-title\" colspan=\"2\"><div id=\"Authority_control_databases_frameless&amp;#124;text-top&amp;#124;10px&amp;#124;alt=Edit_this_at_Wikidata&amp;#124;link=https&amp;#58;//www.wikidata.org/wiki/Q169119#identifiers&amp;#124;class=noprint&amp;#124;Edit_this_at_Wikidata959\" style=\"font-size:114%;margin:0 4em\"><a href=\"/wiki/Help:Authority_control\" title=\"Help:Authority control\">Authority control databases</a> <span class=\"mw-valign-text-top noprint\" typeof=\"mw:File/Frameless\"><a href=\"https://www.wikidata.org/wiki/Q169119#identifiers\" title=\"Edit this at Wikidata\"><img alt=\"Edit this at Wikidata\" src=\"//upload.wikimedia.org/wikipedia/en/thumb/8/8a/OOjs_UI_icon_edit-ltr-progressive.svg/20px-OOjs_UI_icon_edit-ltr-progressive.svg.png\" decoding=\"async\" width=\"10\" height=\"10\" class=\"mw-file-element\" data-file-width=\"20\" data-file-height=\"20\" /></a></span></div></th></tr><tr><th scope=\"row\" class=\"navbox-group\" style=\"width:1%\">International</th><td class=\"navbox-list-with-group navbox-list navbox-odd\" style=\"width:100%;padding:0\"><div style=\"padding:0 0.25em\"><ul><li><span class=\"uid\"><a rel=\"nofollow\" class=\"external text\" href=\"https://isni.org/isni/0000000107893700\">ISNI</a></span></li><li><span class=\"uid\"><a rel=\"nofollow\" class=\"external text\" href=\"https://viaf.org/viaf/128633074\">VIAF</a></span></li><li><span class=\"uid\"><a rel=\"nofollow\" class=\"external text\" href=\"https://d-nb.info/gnd/10339027-3\">GND</a></span></li></ul></div></td></tr><tr><th scope=\"row\" class=\"navbox-group\" style=\"width:1%\">National</th><td class=\"navbox-list-with-group navbox-list navbox-even\" style=\"width:100%;padding:0\"><div style=\"padding:0 0.25em\"><ul><li><span class=\"uid\"><a rel=\"nofollow\" class=\"external text\" href=\"https://id.loc.gov/authorities/no2006048637\">United States</a></span></li><li><span class=\"uid\"><a rel=\"nofollow\" class=\"external text\" href=\"https://catalogue.bnf.fr/ark:/12148/cb16248778z\">France</a></span></li><li><span class=\"uid\"><a rel=\"nofollow\" class=\"external text\" href=\"https://data.bnf.fr/ark:/12148/cb16248778z\">BnF data</a></span></li></ul></div></td></tr><tr><th scope=\"row\" class=\"navbox-group\" style=\"width:1%\">Artists</th><td class=\"navbox-list-with-group navbox-list navbox-odd\" style=\"width:100%;padding:0\"><div style=\"padding:0 0.25em\"><ul><li><span class=\"uid\"><a rel=\"nofollow\" class=\"external text\" href=\"https://musicbrainz.org/artist/b18bc9c4-6f22-4f1b-a918-e9c86a39fe7a\">MusicBrainz</a></span></li></ul></div></td></tr></tbody></table></div>\n<!-- \nNewPP limit report\nParsed by mw‐web.codfw.main‐9c75744‐zkhdv\nCached time: 20250928050024\nCache expiry: 2592000\nReduced expiry: false\nComplications: [vary‐revision‐sha1, show‐toc]\nCPU time usage: 0.760 seconds\nReal time usage: 0.967 seconds\nPreprocessor visited node count: 3639/1000000\nRevision size: 28573/2097152 bytes\nPost‐expand include size: 85916/2097152 bytes\nTemplate argument size: 5590/2097152 bytes\nHighest expansion depth: 16/100\nExpensive parser function count: 5/500\nUnstrip recursion depth: 1/20\nUnstrip post‐expand size: 136349/5000000 bytes\nLua time usage: 0.462/10.000 seconds\nLua memory usage: 7920065/52428800 bytes\nNumber of Wikibase entities loaded: 1/500\n-->\n<!--\nTransclusion expansion time report (%,ms,calls,template)\n100.00%  882.522      1 -total\n 37.62%  331.984      1 Template:Reflist\n 27.68%  244.297     31 Template:Cite_web\n 14.65%  129.297      1 Template:Infobox_musical_artist\n 14.06%  124.119      1 Template:Infobox\n  6.84%   60.402      1 Template:Short_description\n  6.82%   60.155      1 Template:10_Years_(band)\n  6.61%   58.368      1 Template:Navbox_musical_artist\n  5.43%   47.935      1 Template:Cc\n  5.14%   45.349      2 Template:Hlist\n-->\n\n<!-- Saved in parser cache with key enwiki:pcache:39538382:|#|:idhash:canonical and timestamp 20250928050024 and revision id 1313542268. Rendering was triggered because: page_view\n -->\n</div>"
        }
    }
}