{
    "parse": {
        "title": "38 Special (band)",
        "pageid": 173058,
        "text": {
            "*": "<div class=\"mw-content-ltr mw-parser-output\" lang=\"en\" dir=\"ltr\"><div class=\"shortdescription nomobile noexcerpt noprint searchaux\" style=\"display:none\">American rock band</div>\n<p class=\"mw-empty-elt\">\n</p>\n<style data-mw-deduplicate=\"TemplateStyles:r1305433154\">.mw-parser-output .ambox{border:1px solid #a2a9b1;border-left:10px solid #36c;background-color:#fbfbfb;box-sizing:border-box}.mw-parser-output .ambox+link+.ambox,.mw-parser-output .ambox+link+style+.ambox,.mw-parser-output .ambox+link+link+.ambox,.mw-parser-output .ambox+.mw-empty-elt+link+.ambox,.mw-parser-output .ambox+.mw-empty-elt+link+style+.ambox,.mw-parser-output .ambox+.mw-empty-elt+link+link+.ambox{margin-top:-1px}html body.mediawiki .mw-parser-output .ambox.mbox-small-left{margin:4px 1em 4px 0;overflow:hidden;width:238px;border-collapse:collapse;font-size:88%;line-height:1.25em}.mw-parser-output .ambox-speedy{border-left:10px solid #b32424;background-color:#fee7e6}.mw-parser-output .ambox-delete{border-left:10px solid #b32424}.mw-parser-output .ambox-content{border-left:10px solid #f28500}.mw-parser-output .ambox-style{border-left:10px solid #fc3}.mw-parser-output .ambox-move{border-left:10px solid #9932cc}.mw-parser-output .ambox-protection{border-left:10px solid #a2a9b1}.mw-parser-output .ambox .mbox-text{border:none;padding:0.25em 0.5em;width:100%}.mw-parser-output .ambox .mbox-image{border:none;padding:2px 0 2px 0.5em;text-align:center}.mw-parser-output .ambox .mbox-imageright{border:none;padding:2px 0.5em 2px 0;text-align:center}.mw-parser-output .ambox .mbox-empty-cell{border:none;padding:0;width:1px}.mw-parser-output .ambox .mbox-image-div{width:52px}@media(min-width:720px){.mw-parser-output .ambox{margin:0 10%}}@media print{body.ns-0 .mw-parser-output .ambox{display:none!important}}</style><table class=\"box-More_citations_needed plainlinks metadata ambox ambox-content ambox-Refimprove\" role=\"presentation\"><tbody><tr><td class=\"mbox-image\"><div class=\"mbox-image-div\"><span typeof=\"mw:File\"><a href=\"/wiki/File:Question_book-new.svg\" class=\"mw-file-description\"><img alt=\"\" src=\"//upload.wikimedia.org/wikipedia/en/thumb/9/99/Question_book-new.svg/60px-Question_book-new.svg.png\" decoding=\"async\" width=\"50\" height=\"39\" class=\"mw-file-element\" srcset=\"//upload.wikimedia.org/wikipedia/en/thumb/9/99/Question_book-new.svg/120px-Question_book-new.svg.png 1.5x\" data-file-width=\"512\" data-file-height=\"399\" /></a></span></div></td><td class=\"mbox-text\"><div class=\"mbox-text-span\">This article <b>needs additional citations for <a href=\"/wiki/Wikipedia:Verifiability\" title=\"Wikipedia:Verifiability\">verification</a></b>.<span class=\"hide-when-compact\"> Please help <a href=\"/wiki/Special:EditPage/38_Special_(band)\" title=\"Special:EditPage/38 Special (band)\">improve this article</a> by <a href=\"/wiki/Help:Referencing_for_beginners\" title=\"Help:Referencing for beginners\">adding citations to reliable sources</a>. Unsourced material may be challenged and removed.<br /><small><span class=\"plainlinks\"><i>Find sources:</i>&#160;<a rel=\"nofollow\" class=\"external text\" href=\"https://www.google.com/search?as_eq=wikipedia&amp;q=%2238+Special%22+band\">\"38 Special\"&#160;band</a>&#160;–&#160;<a rel=\"nofollow\" class=\"external text\" href=\"https://www.google.com/search?tbm=nws&amp;q=%2238+Special%22+band+-wikipedia&amp;tbs=ar:1\">news</a>&#160;<b>·</b> <a rel=\"nofollow\" class=\"external text\" href=\"https://www.google.com/search?&amp;q=%2238+Special%22+band&amp;tbs=bkt:s&amp;tbm=bks\">newspapers</a>&#160;<b>·</b> <a rel=\"nofollow\" class=\"external text\" href=\"https://www.google.com/search?tbs=bks:1&amp;q=%2238+Special%22+band+-wikipedia\">books</a>&#160;<b>·</b> <a rel=\"nofollow\" class=\"external text\" href=\"https://scholar.google.com/scholar?q=%2238+Special%22+band\">scholar</a>&#160;<b>·</b> <a rel=\"nofollow\" class=\"external text\" href=\"https://www.jstor.org/action/doBasicSearch?Query=%2238+Special%22+band&amp;acc=on&amp;wc=on\">JSTOR</a></span></small></span>  <span class=\"date-container\"><i>(<span class=\"date\">November 2019</span>)</i></span><span class=\"hide-when-compact\"><i> (<small><a href=\"/wiki/Help:Maintenance_template_removal\" title=\"Help:Maintenance template removal\">Learn how and when to remove this message</a></small>)</i></span></div></td></tr></tbody></table>\n<style data-mw-deduplicate=\"TemplateStyles:r1126788409\">.mw-parser-output .plainlist ol,.mw-parser-output .plainlist ul{line-height:inherit;list-style:none;margin:0;padding:0}.mw-parser-output .plainlist ol li,.mw-parser-output .plainlist ul li{margin-bottom:0}</style><style data-mw-deduplicate=\"TemplateStyles:r1295905060\">.mw-parser-output .infobox-subbox{padding:0;border:none;margin:-3px;width:auto;min-width:100%;font-size:100%;clear:none;float:none;background-color:transparent}.mw-parser-output .infobox-3cols-child{margin:auto}.mw-parser-output .infobox .navbar{font-size:100%}@media screen{html.skin-theme-clientpref-night .mw-parser-output .infobox-full-data:not(.notheme)>div:not(.notheme)[style]{background:#1f1f23!important;color:#f8f9fa}}@media screen and (prefers-color-scheme:dark){html.skin-theme-clientpref-os .mw-parser-output .infobox-full-data:not(.notheme)>div:not(.notheme)[style]{background:#1f1f23!important;color:#f8f9fa}}@media(min-width:640px){body.skin--responsive .mw-parser-output .infobox-table{display:table!important}body.skin--responsive .mw-parser-output .infobox-table>caption{display:table-caption!important}body.skin--responsive .mw-parser-output .infobox-table>tbody{display:table-row-group}body.skin--responsive .mw-parser-output .infobox-table th,body.skin--responsive .mw-parser-output .infobox-table td{padding-left:inherit;padding-right:inherit}}</style><table class=\"infobox vcard plainlist\"><tbody><tr><th colspan=\"2\" class=\"infobox-above\" style=\"color: #202122;background-color: #b0c4de; font-size: 125%;\"><div class=\"\">.38 Special</div></th></tr><tr><td colspan=\"2\" class=\"infobox-image\"><span class=\"mw-default-size\" typeof=\"mw:File/Frameless\"><a href=\"/wiki/File:Rock_band_.38_Special_in_2010.jpg\" class=\"mw-file-description\" title=\".38 Special performing at Wright-Patterson Air Force Base near Dayton, Ohio, June 2010\"><img alt=\".38 Special performing at Wright-Patterson Air Force Base near Dayton, Ohio, June 2010\" src=\"//upload.wikimedia.org/wikipedia/commons/thumb/a/ad/Rock_band_.38_Special_in_2010.jpg/330px-Rock_band_.38_Special_in_2010.jpg\" decoding=\"async\" width=\"300\" height=\"200\" class=\"mw-file-element\" srcset=\"//upload.wikimedia.org/wikipedia/commons/thumb/a/ad/Rock_band_.38_Special_in_2010.jpg/500px-Rock_band_.38_Special_in_2010.jpg 1.5x, //upload.wikimedia.org/wikipedia/commons/thumb/a/ad/Rock_band_.38_Special_in_2010.jpg/960px-Rock_band_.38_Special_in_2010.jpg 2x\" data-file-width=\"3800\" data-file-height=\"2533\" /></a></span><div class=\"infobox-caption\">.38 Special performing at <a href=\"/wiki/Wright-Patterson_Air_Force_Base\" title=\"Wright-Patterson Air Force Base\">Wright-Patterson Air Force Base</a> near <a href=\"/wiki/Dayton,_Ohio\" title=\"Dayton, Ohio\">Dayton, Ohio</a>, June 2010</div></td></tr><tr><th colspan=\"2\" class=\"infobox-header\" style=\"color: #202122;background-color: #b0c4de\">Background information</th></tr><tr><th scope=\"row\" class=\"infobox-label\"><span class=\"nowrap\">Also known as</span></th><td class=\"infobox-data nickname\">.38 Special, Thirty-eight Special</td></tr><tr><th scope=\"row\" class=\"infobox-label\">Origin</th><td class=\"infobox-data\"><a href=\"/wiki/Jacksonville,_Florida\" title=\"Jacksonville, Florida\">Jacksonville, Florida</a>, US</td></tr><tr><th scope=\"row\" class=\"infobox-label\">Genres</th><td class=\"infobox-data\"><style data-mw-deduplicate=\"TemplateStyles:r1129693374\">.mw-parser-output .hlist dl,.mw-parser-output .hlist ol,.mw-parser-output .hlist ul{margin:0;padding:0}.mw-parser-output .hlist dd,.mw-parser-output .hlist dt,.mw-parser-output .hlist li{margin:0;display:inline}.mw-parser-output .hlist.inline,.mw-parser-output .hlist.inline dl,.mw-parser-output .hlist.inline ol,.mw-parser-output .hlist.inline ul,.mw-parser-output .hlist dl dl,.mw-parser-output .hlist dl ol,.mw-parser-output .hlist dl ul,.mw-parser-output .hlist ol dl,.mw-parser-output .hlist ol ol,.mw-parser-output .hlist ol ul,.mw-parser-output .hlist ul dl,.mw-parser-output .hlist ul ol,.mw-parser-output .hlist ul ul{display:inline}.mw-parser-output .hlist .mw-empty-li{display:none}.mw-parser-output .hlist dt::after{content:\": \"}.mw-parser-output .hlist dd::after,.mw-parser-output .hlist li::after{content:\" · \";font-weight:bold}.mw-parser-output .hlist dd:last-child::after,.mw-parser-output .hlist dt:last-child::after,.mw-parser-output .hlist li:last-child::after{content:none}.mw-parser-output .hlist dd dd:first-child::before,.mw-parser-output .hlist dd dt:first-child::before,.mw-parser-output .hlist dd li:first-child::before,.mw-parser-output .hlist dt dd:first-child::before,.mw-parser-output .hlist dt dt:first-child::before,.mw-parser-output .hlist dt li:first-child::before,.mw-parser-output .hlist li dd:first-child::before,.mw-parser-output .hlist li dt:first-child::before,.mw-parser-output .hlist li li:first-child::before{content:\" (\";font-weight:normal}.mw-parser-output .hlist dd dd:last-child::after,.mw-parser-output .hlist dd dt:last-child::after,.mw-parser-output .hlist dd li:last-child::after,.mw-parser-output .hlist dt dd:last-child::after,.mw-parser-output .hlist dt dt:last-child::after,.mw-parser-output .hlist dt li:last-child::after,.mw-parser-output .hlist li dd:last-child::after,.mw-parser-output .hlist li dt:last-child::after,.mw-parser-output .hlist li li:last-child::after{content:\")\";font-weight:normal}.mw-parser-output .hlist ol{counter-reset:listitem}.mw-parser-output .hlist ol>li{counter-increment:listitem}.mw-parser-output .hlist ol>li::before{content:\" \"counter(listitem)\"\\a0 \"}.mw-parser-output .hlist dd ol>li:first-child::before,.mw-parser-output .hlist dt ol>li:first-child::before,.mw-parser-output .hlist li ol>li:first-child::before{content:\" (\"counter(listitem)\"\\a0 \"}</style><div class=\"hlist\"><ul><li><a href=\"/wiki/Hard_rock\" title=\"Hard rock\">Hard rock</a></li><li><a href=\"/wiki/Southern_rock\" title=\"Southern rock\">southern rock</a></li><li><a href=\"/wiki/Boogie_rock\" title=\"Boogie rock\">boogie rock</a></li><li><a href=\"/wiki/Blues_rock\" title=\"Blues rock\">blues rock</a><sup id=\"cite_ref-allmusic.com_1-0\" class=\"reference\"><a href=\"#cite_note-allmusic.com-1\"><span class=\"cite-bracket\">&#91;</span>1<span class=\"cite-bracket\">&#93;</span></a></sup></li></ul></div></td></tr><tr><th scope=\"row\" class=\"infobox-label\">Works</th><td class=\"infobox-data\"><a href=\"/wiki/38_Special_discography\" title=\"38 Special discography\">38 Special discography</a></td></tr><tr><th scope=\"row\" class=\"infobox-label\"><span class=\"nowrap\">Years active</span></th><td class=\"infobox-data\">1974–present</td></tr><tr><th scope=\"row\" class=\"infobox-label\">Labels</th><td class=\"infobox-data\"><a href=\"/wiki/A%26M_Records\" title=\"A&amp;M Records\">A&amp;M</a></td></tr><tr><th colspan=\"2\" class=\"infobox-header\" style=\"color: #202122;background-color: #b0c4de\"></th></tr><tr><th scope=\"row\" class=\"infobox-label\">Members</th><td class=\"infobox-data\"><a href=\"/wiki/Don_Barnes\" title=\"Don Barnes\">Don Barnes</a><br />Bobby Capps<br />Gary Moffatt<br /><a href=\"/wiki/Barry_Dunaway\" title=\"Barry Dunaway\">Barry Dunaway</a><br /><a href=\"/wiki/Jerry_Riggs\" title=\"Jerry Riggs\">Jerry Riggs</a></td></tr><tr><th colspan=\"2\" class=\"infobox-header\" style=\"color: #202122;background-color: #b0c4de\"></th></tr><tr><th scope=\"row\" class=\"infobox-label\"><span class=\"nowrap\">Past members</span></th><td class=\"infobox-data\"><a href=\"/wiki/Donnie_Van_Zant\" title=\"Donnie Van Zant\">Donnie Van Zant</a><br />Jeff Carlisi<br />Jack Grondin<br />Steve Brookins<br /><a href=\"/wiki/Ken_Lyons\" title=\"Ken Lyons\">Ken Lyons</a><br /><a href=\"/wiki/Larry_Junstrom\" title=\"Larry Junstrom\">Larry Junstrom</a><br />Steve McRay<br /><a href=\"/wiki/Max_Carl\" title=\"Max Carl\">Max Carl</a><br /><a href=\"/wiki/Danny_Chauncey\" title=\"Danny Chauncey\">Danny Chauncey</a><br />Scott Meeder<br /><a href=\"/wiki/Scott_Hoffman\" title=\"Scott Hoffman\">Scott Hoffman</a></td></tr><tr><th colspan=\"2\" class=\"infobox-header\" style=\"color: #202122;background-color: #b0c4de\"></th></tr><tr><th scope=\"row\" class=\"infobox-label\">Website</th><td class=\"infobox-data\"><span class=\"url\"><a rel=\"nofollow\" class=\"external text\" href=\"http://38special.com\">38special<wbr />.com</a></span></td></tr></tbody></table>\n<p><b>38 Special</b>, often stylized as <b>.38 Special</b> or spelled out as <b>Thirty-eight Special</b>, is an American <a href=\"/wiki/Rock_music\" title=\"Rock music\">rock</a> band formed in <a href=\"/wiki/Jacksonville,_Florida\" title=\"Jacksonville, Florida\">Jacksonville, Florida</a>, in 1974 by singer-guitarists <a href=\"/wiki/Donnie_Van_Zant\" title=\"Donnie Van Zant\">Donald Newton \"Donnie\" Van Zant</a> (born June 11, 1952) and <a href=\"/wiki/Don_Barnes\" title=\"Don Barnes\">Richard Donald \"Don\" Barnes</a> (born December 3, 1952).<sup id=\"cite_ref-Jacksonville_2-0\" class=\"reference\"><a href=\"#cite_note-Jacksonville-2\"><span class=\"cite-bracket\">&#91;</span>2<span class=\"cite-bracket\">&#93;</span></a></sup><sup id=\"cite_ref-3\" class=\"reference\"><a href=\"#cite_note-3\"><span class=\"cite-bracket\">&#91;</span>3<span class=\"cite-bracket\">&#93;</span></a></sup>\n</p><p>They are known for their hit songs including \"<a href=\"/wiki/Hold_On_Loosely\" title=\"Hold On Loosely\">Hold On Loosely</a>\" and \"<a href=\"/wiki/Caught_Up_in_You\" title=\"Caught Up in You\">Caught Up in You</a>\" among various other <a href=\"/wiki/Top_40\" title=\"Top 40\">top 40</a> hits on the US <a href=\"/wiki/Billboard_Hot_100\" title=\"Billboard Hot 100\"><i>Billboard</i> Hot 100</a> during the 1980s and early 1990s. The other songs include \"<a href=\"/wiki/Fantasy_Girl\" title=\"Fantasy Girl\">Fantasy Girl</a>\", \"<a href=\"/wiki/Rockin%27_into_the_Night_(song)\" title=\"Rockin&#39; into the Night (song)\">Rockin' into the Night</a>\", \"<a href=\"/wiki/You_Keep_Runnin%27_Away\" title=\"You Keep Runnin&#39; Away\">You Keep Runnin' Away</a>\", \"<a href=\"/wiki/If_I%27d_Been_the_One\" title=\"If I&#39;d Been the One\">If I'd Been the One</a>\", \"<a href=\"/wiki/Back_Where_You_Belong\" title=\"Back Where You Belong\">Back Where You Belong</a>\", \"<a href=\"/wiki/Teacher,_Teacher_(38_Special_song)\" title=\"Teacher, Teacher (38 Special song)\">Teacher, Teacher</a>\", \"<a href=\"/wiki/Like_No_Other_Night\" title=\"Like No Other Night\">Like No Other Night</a>\", \"<a href=\"/wiki/Second_Chance_(38_Special_song)\" title=\"Second Chance (38 Special song)\">Second Chance</a>\", and \"<a href=\"/wiki/The_Sound_of_Your_Voice\" class=\"mw-redirect\" title=\"The Sound of Your Voice\">The Sound of Your Voice</a>\".<sup id=\"cite_ref-4\" class=\"reference\"><a href=\"#cite_note-4\"><span class=\"cite-bracket\">&#91;</span>4<span class=\"cite-bracket\">&#93;</span></a></sup>\n</p>\n\n<div class=\"mw-heading mw-heading2\"><h2 id=\"History\">History</h2></div>\n<style data-mw-deduplicate=\"TemplateStyles:r1273380762/mw-parser-output/.tmulti\">.mw-parser-output .tmulti .multiimageinner{display:flex;flex-direction:column}.mw-parser-output .tmulti .trow{display:flex;flex-direction:row;clear:left;flex-wrap:wrap;width:100%;box-sizing:border-box}.mw-parser-output .tmulti .tsingle{margin:1px;float:left}.mw-parser-output .tmulti .theader{clear:both;font-weight:bold;text-align:center;align-self:center;background-color:transparent;width:100%}.mw-parser-output .tmulti .thumbcaption{background-color:transparent}.mw-parser-output .tmulti .text-align-left{text-align:left}.mw-parser-output .tmulti .text-align-right{text-align:right}.mw-parser-output .tmulti .text-align-center{text-align:center}@media all and (max-width:720px){.mw-parser-output .tmulti .thumbinner{width:100%!important;box-sizing:border-box;max-width:none!important;align-items:center}.mw-parser-output .tmulti .trow{justify-content:center}.mw-parser-output .tmulti .tsingle{float:none!important;max-width:100%!important;box-sizing:border-box;text-align:center}.mw-parser-output .tmulti .tsingle .thumbcaption{text-align:left}.mw-parser-output .tmulti .trow>.thumbcaption{text-align:center}}@media screen{html.skin-theme-clientpref-night .mw-parser-output .tmulti .multiimageinner span:not(.skin-invert-image):not(.skin-invert):not(.bg-transparent) img{background-color:white}}@media screen and (prefers-color-scheme:dark){html.skin-theme-clientpref-os .mw-parser-output .tmulti .multiimageinner span:not(.skin-invert-image):not(.skin-invert):not(.bg-transparent) img{background-color:white}}</style><div class=\"thumb tmulti tright\"><div class=\"thumbinner multiimageinner\" style=\"width:242px;max-width:242px\"><div class=\"trow\"><div class=\"tsingle\" style=\"width:240px;max-width:240px\"><div class=\"thumbimage\" style=\"height:160px;overflow:hidden\"><span typeof=\"mw:File\"><a href=\"/wiki/File:38_Special_-_WPLR_(2).jpg\" class=\"mw-file-description\"><img alt=\"\" src=\"//upload.wikimedia.org/wikipedia/commons/thumb/c/c7/38_Special_-_WPLR_%282%29.jpg/250px-38_Special_-_WPLR_%282%29.jpg\" decoding=\"async\" width=\"238\" height=\"161\" class=\"mw-file-element\" srcset=\"//upload.wikimedia.org/wikipedia/commons/thumb/c/c7/38_Special_-_WPLR_%282%29.jpg/500px-38_Special_-_WPLR_%282%29.jpg 1.5x\" data-file-width=\"1781\" data-file-height=\"1202\" /></a></span></div></div></div><div class=\"trow\"><div class=\"tsingle\" style=\"width:240px;max-width:240px\"><div class=\"thumbimage\" style=\"height:155px;overflow:hidden\"><span typeof=\"mw:File\"><a href=\"/wiki/File:38_Special_-_WPLR.jpg\" class=\"mw-file-description\"><img alt=\"\" src=\"//upload.wikimedia.org/wikipedia/commons/thumb/5/52/38_Special_-_WPLR.jpg/250px-38_Special_-_WPLR.jpg\" decoding=\"async\" width=\"238\" height=\"156\" class=\"mw-file-element\" srcset=\"//upload.wikimedia.org/wikipedia/commons/thumb/5/52/38_Special_-_WPLR.jpg/500px-38_Special_-_WPLR.jpg 1.5x\" data-file-width=\"1872\" data-file-height=\"1226\" /></a></span></div></div></div><div class=\"trow\" style=\"display:flex\"><div class=\"thumbcaption\">.38 Special performing at <a href=\"/wiki/Trod_Nossel_Studios\" title=\"Trod Nossel Studios\">Trod Nossel Studios</a> in <a href=\"/wiki/Wallingford,_Connecticut\" title=\"Wallingford, Connecticut\">Wallingford, Connecticut</a></div></div></div></div>\n<div class=\"mw-heading mw-heading3\"><h3 id=\"1970s\">1970s</h3></div>\n<p>Donnie Van Zant is the younger brother of <a href=\"/wiki/Lynyrd_Skynyrd\" title=\"Lynyrd Skynyrd\">Lynyrd Skynyrd</a> co-founder and frontman <a href=\"/wiki/Ronnie_Van_Zant\" title=\"Ronnie Van Zant\">Ronnie Van Zant</a>. Donnie began playing music during his teen years. He formed a band, the Other Side, in 1965, and later Sons of Satan which changed its name to Standard Production in 1968. In 1969, he formed his first professional group, Sweet Rooster, with guitarists Jeff Carlisi (from Doomsday Refreshment Committee) and Kevin Elson,<sup id=\"cite_ref-5\" class=\"reference\"><a href=\"#cite_note-5\"><span class=\"cite-bracket\">&#91;</span>a<span class=\"cite-bracket\">&#93;</span></a></sup> drummer Bill Pelkey, and Standard Production's bassist <a href=\"/wiki/Ken_Lyons\" title=\"Ken Lyons\">Ken Lyons</a>. Carlisi left Sweet Rooster after graduating from high school to study architecture at <a href=\"/wiki/Georgia_Tech\" title=\"Georgia Tech\">Georgia Tech</a> and was replaced by <a href=\"/wiki/Don_Barnes\" title=\"Don Barnes\">Don Barnes</a>, from a fellow band called Camelots, in 1970. Sweet Rooster evolved into Alice Marr with Van Zant, Barnes, Elson, Pelkey, bassist Larry Steele and keyboardist  <a href=\"/wiki/Billy_Powell\" title=\"Billy Powell\">Billy Powell</a>, who soon moved on to being a roadie for Lynyrd Skynyrd before joining them as their pianist.\n</p><p>In the meantime, Van Zant, Barnes and Lyons, while continuing to work their day jobs as well as their musical careers, began composing original songs. By 1974, they decided to form \"the ultimate band\" that would be their \"one last shot\" at success. Briefly, Van Zant was considering a higher-paying position for the railroad at which he worked, but was finally convinced by brother Ronnie to stick with music since it was \"in his blood\".<sup class=\"noprint Inline-Template Template-Fact\" style=\"white-space:nowrap;\">&#91;<i><a href=\"/wiki/Wikipedia:Citation_needed\" title=\"Wikipedia:Citation needed\"><span title=\"This claim needs references to reliable sources. (October 2021)\">citation needed</span></a></i>&#93;</sup>\n</p><p>The new group constisted of Van Zant, Barnes, Steele (who dropped out almost immediately, to be replaced by Lyons, later returning as the group's stage manager), drummer Brookins (who had played with Van Zant in Sons of Satan), second drummer Jack Grondin (a New Jersey native who was attending <a href=\"/wiki/Jacksonville_University\" title=\"Jacksonville University\">Jacksonville University</a> at the time) and a returning Carlisi.<sup id=\"cite_ref-LarkinHM_6-0\" class=\"reference\"><a href=\"#cite_note-LarkinHM-6\"><span class=\"cite-bracket\">&#91;</span>5<span class=\"cite-bracket\">&#93;</span></a></sup> The band's name was thought up after an incident which found the boys practicing in a warehouse out in the middle of nowhere. When police arrived after being notified by locals of the noise, the band members were unable to come out because of a padlock on the door. One of the cops said, \"That's all right. We'll let this <a href=\"/wiki/.38_Special\" title=\".38 Special\">.38 special</a> do the talking\", and shot off the lock.<sup id=\"cite_ref-7\" class=\"reference\"><a href=\"#cite_note-7\"><span class=\"cite-bracket\">&#91;</span>6<span class=\"cite-bracket\">&#93;</span></a></sup>\n</p><p>Now that they had their name, the group spent most of 1975 and 1976 playing a steady grind of one-nighters, mostly in the South and the Midwest. Eventually, big brother Ronnie, who had hooked the boys up with <a href=\"/wiki/Phil_Walden\" title=\"Phil Walden\">Phil Walden</a>'s <a href=\"/wiki/Paragon_Booking_Agency\" title=\"Paragon Booking Agency\">Paragon Booking Agency</a>, who had worked with Skynyrd, figured Donnie and the gang had paid enough dues and set them up with Skynryd's manager Peter Rudge, who also handled <a href=\"/wiki/The_Who\" title=\"The Who\">the Who</a> and was tour manager for <a href=\"/wiki/The_Rolling_Stones\" title=\"The Rolling Stones\">the Rolling Stones</a>. Rudge quickly set the group up to open shows for popular acts such as <a href=\"/wiki/Peter_Frampton\" title=\"Peter Frampton\">Peter Frampton</a>, <a href=\"/wiki/Foghat\" title=\"Foghat\">Foghat</a> and <a href=\"/wiki/Kiss_(band)\" title=\"Kiss (band)\">Kiss</a>, and got them signed to <a href=\"/wiki/A%26M_Records\" title=\"A&amp;M Records\">A&amp;M Records</a>, who assigned <a href=\"/wiki/Dan_Hartman\" title=\"Dan Hartman\">Dan Hartman</a> (of <a href=\"/wiki/Edgar_Winter_Group\" class=\"mw-redirect\" title=\"Edgar Winter Group\">Edgar Winter Group</a> fame) to produce their first album, <i><a href=\"/wiki/.38_Special_(album)\" class=\"mw-redirect\" title=\".38 Special (album)\">.38 Special</a></i>, which was released in May 1977.<sup id=\"cite_ref-LarkinHM_6-1\" class=\"reference\"><a href=\"#cite_note-LarkinHM-6\"><span class=\"cite-bracket\">&#91;</span>5<span class=\"cite-bracket\">&#93;</span></a></sup>\n</p><p>During the record's recording, bassist Ken Lyons had decided to leave the band due to domestic troubles and was replaced by their friend, roadie and original <a href=\"/wiki/Lynyrd_Skynyrd\" title=\"Lynyrd Skynyrd\">Lynyrd Skynyrd</a> member <a href=\"/wiki/Larry_Junstrom\" title=\"Larry Junstrom\">Larry Junstrom</a>. Also in 1977, the band added two female backup singers, Carol Bristow and Dale Krantz. Krantz was replaced by Nancy Henderson (1979–1981), Lu Moss (1981–1984) and then Lynn Hineman (1986–1987), before backup singers were dispensed with in 1987.<sup class=\"noprint Inline-Template Template-Fact\" style=\"white-space:nowrap;\">&#91;<i><a href=\"/wiki/Wikipedia:Citation_needed\" title=\"Wikipedia:Citation needed\"><span title=\"This claim needs references to reliable sources. (October 2021)\">citation needed</span></a></i>&#93;</sup>\n</p><p>In October 1977 Ronnie Van Zant was killed when <a href=\"/wiki/Lynyrd_Skynyrd_plane_crash\" title=\"Lynyrd Skynyrd plane crash\">Skynyrd's plane crashed</a>. Donnie wrote \"Take Me Back\" as a tribute to his brother, which appeared on the band's second album, <i><a href=\"/wiki/Special_Delivery_(38_Special_album)\" title=\"Special Delivery (38 Special album)\">Special Delivery</a></i> (March 1978), also produced by Hartman.<sup id=\"cite_ref-LarkinHM_6-2\" class=\"reference\"><a href=\"#cite_note-LarkinHM-6\"><span class=\"cite-bracket\">&#91;</span>5<span class=\"cite-bracket\">&#93;</span></a></sup>\n</p>\n<div class=\"mw-heading mw-heading3\"><h3 id=\"1980–1999\"><span id=\"1980.E2.80.931999\"></span>1980–1999</h3></div>\n<p>The band's first two albums had a strong <a href=\"/wiki/Southern_rock\" title=\"Southern rock\">Southern rock</a> influence. By the early 1980s, .38 Special had shifted to a more accessible guitar-driven <a href=\"/wiki/Arena_rock\" title=\"Arena rock\">arena rock</a> style without completely abandoning the Southern rock roots.<sup id=\"cite_ref-LarkinHM_6-3\" class=\"reference\"><a href=\"#cite_note-LarkinHM-6\"><span class=\"cite-bracket\">&#91;</span>5<span class=\"cite-bracket\">&#93;</span></a></sup> The change also involved Don Barnes replacing Donnie Van Zant on lead vocals.<sup id=\"cite_ref-8\" class=\"reference\"><a href=\"#cite_note-8\"><span class=\"cite-bracket\">&#91;</span>7<span class=\"cite-bracket\">&#93;</span></a></sup><sup id=\"cite_ref-9\" class=\"reference\"><a href=\"#cite_note-9\"><span class=\"cite-bracket\">&#91;</span>8<span class=\"cite-bracket\">&#93;</span></a></sup> This shift helped to usher in a string of successful albums and singles. Engineer <a href=\"/wiki/Rodney_Mills\" title=\"Rodney Mills\">Rodney Mills</a>, who had worked with <a href=\"/wiki/Atlanta_Rhythm_Section\" title=\"Atlanta Rhythm Section\">Atlanta Rhythm Section</a> and others, assumed the producer's reins, and <a href=\"/wiki/Survivor_(band)\" title=\"Survivor (band)\">Survivor</a> co-founder <a href=\"/wiki/Jim_Peterik\" title=\"Jim Peterik\">Jim Peterik</a> became a frequent songwriting collaborator with the band from 1979 on, which helped account for this change in sound and subsequent success.\n</p><p>\"<a href=\"/wiki/Rockin%27_into_the_Night_(song)\" title=\"Rockin&#39; into the Night (song)\">Rockin' into the Night</a>\", the title track from the group's third album (released in October 1979), which Peterik and his bandmates had originally written for <a href=\"/wiki/Survivor_(band)\" title=\"Survivor (band)\">Survivor</a>, found its way to 38 Special's manager, Mark Spector (who'd left his job at <a href=\"/wiki/A%26M_Records\" title=\"A&amp;M Records\">A&amp;M Records</a> to manage the group), and was given to the band. Sung by 38's guitarist Don Barnes (who would sing lead vocals on all of the band's hits through 1987), the tune became their first song to receive national airplay, peaking at No. 43 on the <i><a href=\"/wiki/Billboard_(magazine)\" title=\"Billboard (magazine)\">Billboard</a></i> <a href=\"/wiki/Billboard_Hot_100\" title=\"Billboard Hot 100\">Hot 100</a> in early 1980.<sup id=\"cite_ref-LarkinHM_6-4\" class=\"reference\"><a href=\"#cite_note-LarkinHM-6\"><span class=\"cite-bracket\">&#91;</span>5<span class=\"cite-bracket\">&#93;</span></a></sup>\n</p><p>That paved the way for their platinum-selling fourth record, <i><a href=\"/wiki/Wild-Eyed_Southern_Boys\" title=\"Wild-Eyed Southern Boys\">Wild-Eyed Southern Boys</a></i> (January 1981), and its bigger hit \"<a href=\"/wiki/Hold_On_Loosely\" title=\"Hold On Loosely\">Hold On Loosely</a>\" (which reached No. 27 in 1981).<sup id=\"cite_ref-LarkinHM_6-5\" class=\"reference\"><a href=\"#cite_note-LarkinHM-6\"><span class=\"cite-bracket\">&#91;</span>5<span class=\"cite-bracket\">&#93;</span></a></sup> Their next release, <i><a href=\"/wiki/Special_Forces_(.38_Special_album)\" class=\"mw-redirect\" title=\"Special Forces (.38 Special album)\">Special Forces</a></i> (May 1982),<sup id=\"cite_ref-LarkinHM_6-6\" class=\"reference\"><a href=\"#cite_note-LarkinHM-6\"><span class=\"cite-bracket\">&#91;</span>5<span class=\"cite-bracket\">&#93;</span></a></sup> contained the Top 10 hit \"<a href=\"/wiki/Caught_Up_in_You\" title=\"Caught Up in You\">Caught Up in You</a>\" (just like \"Hold On Loosely\", composed by Barnes, Carlisi, and Peterik), which hit No. 1 on the <i>Billboard</i> Rock Tracks chart, as did the single \"If I'd Been the One\" (October 1983) from their November 1983 release <i><a href=\"/wiki/Tour_de_Force_(38_Special_album)\" title=\"Tour de Force (38 Special album)\">Tour de Force</a></i>. \"You Keep Runnin' Away\" (August 1982) and \"Back Where You Belong\" (February 1984) continued the sequence of hit radio favorites.\n</p><p>In the fall of 1984, they had another hit with \"<a href=\"/wiki/Teacher,_Teacher_(38_Special_song)\" title=\"Teacher, Teacher (38 Special song)\">Teacher, Teacher</a>\", from the soundtrack of the 1984 film <i><a href=\"/wiki/Teachers_(film)\" title=\"Teachers (film)\">Teachers</a></i>, written by <a href=\"/wiki/Jim_Vallance\" title=\"Jim Vallance\">Jim Vallance</a> and <a href=\"/wiki/Bryan_Adams\" title=\"Bryan Adams\">Bryan Adams</a>. The song climbed to No. 4 on the Billboard Top Tracks Chart, spending ten weeks on the chart.<sup class=\"noprint Inline-Template Template-Fact\" style=\"white-space:nowrap;\">&#91;<i><a href=\"/wiki/Wikipedia:Citation_needed\" title=\"Wikipedia:Citation needed\"><span title=\"This claim needs references to reliable sources. (October 2021)\">citation needed</span></a></i>&#93;</sup> In 1984 38 Special toured with the up-and-coming <a href=\"/wiki/Huey_Lewis_and_the_News\" title=\"Huey Lewis and the News\">Huey Lewis and the News</a>, who were just breaking huge with their <i><a href=\"/wiki/Sports_(Huey_Lewis_and_the_News_album)\" title=\"Sports (Huey Lewis and the News album)\">Sports</a></i> album, and in 1986 they shared the bill with the soon-to-be-platinum-selling hard rock band <a href=\"/wiki/Bon_Jovi\" title=\"Bon Jovi\">Bon Jovi</a>.\n</p><p>By 1987, Don Barnes, who was having differences with Carlisi and some of the others, had decided to leave the band to go out on his own.<sup id=\"cite_ref-LarkinHM_6-7\" class=\"reference\"><a href=\"#cite_note-LarkinHM-6\"><span class=\"cite-bracket\">&#91;</span>5<span class=\"cite-bracket\">&#93;</span></a></sup> He recorded an album called <i>Ride the Storm</i>, which, though slated for release in 1989, was shelved after A&amp;M Records was sold, and was not released until 2017–some 28 years later. In the meantime, the group moved on bringing in <a href=\"/wiki/San_Francisco\" title=\"San Francisco\">San Francisco</a> guitarist <a href=\"/wiki/Danny_Chauncey\" title=\"Danny Chauncey\">Danny Chauncey</a>, after drummer Steve Brookins also decided to leave, and singer/keyboardist <a href=\"/wiki/Max_Carl\" title=\"Max Carl\">Max Carl</a>, from West Coast <a href=\"/wiki/Rhythm_and_blues\" title=\"Rhythm and blues\">rhythm and blues</a> group Jack Mack &amp; the Heart Attack.<sup id=\"cite_ref-LarkinHM_6-8\" class=\"reference\"><a href=\"#cite_note-LarkinHM-6\"><span class=\"cite-bracket\">&#91;</span>5<span class=\"cite-bracket\">&#93;</span></a></sup>\n</p><p>The next release, <i><a href=\"/wiki/Rock_%26_Roll_Strategy\" title=\"Rock &amp; Roll Strategy\">Rock &amp; Roll Strategy</a></i> (June 1988),<sup id=\"cite_ref-LarkinHM_6-9\" class=\"reference\"><a href=\"#cite_note-LarkinHM-6\"><span class=\"cite-bracket\">&#91;</span>5<span class=\"cite-bracket\">&#93;</span></a></sup> had the group playing down their heavy guitar sound and putting forth a more 1980s pop keyboard-oriented approach, led by Carl's more R&amp;B-style voice. \"<a href=\"/wiki/Second_Chance_(38_Special_song)\" title=\"Second Chance (38 Special song)\">Second Chance</a>\" (taken from <i>Rock &amp; Roll Strategy</i>) was a No. 1 hit on <i>Billboard'</i>s <a href=\"/wiki/Adult_Contemporary_(chart)\" title=\"Adult Contemporary (chart)\">adult contemporary chart</a> in early 1989. Carl was also lead singer on \"The Sound of Your Voice\" (<a href=\"/wiki/Billboard_Hot_100\" title=\"Billboard Hot 100\"><i>Billboard</i> Hot 100</a> No. 33 in 1991) from <i><a href=\"/wiki/Bone_Against_Steel\" title=\"Bone Against Steel\">Bone Against Steel</a></i> (July 1991), which saw the group moving from A&amp;M to the American iteration of the British label <a href=\"/wiki/Charisma_Records\" title=\"Charisma Records\">Charisma Records</a>.<sup id=\"cite_ref-LarkinHM_6-10\" class=\"reference\"><a href=\"#cite_note-LarkinHM-6\"><span class=\"cite-bracket\">&#91;</span>5<span class=\"cite-bracket\">&#93;</span></a></sup> That same year, <a href=\"/wiki/Arkansas\" title=\"Arkansas\">Arkansas</a> native Bobby Capps (from <a href=\"/wiki/Johnny_Van_Zant\" title=\"Johnny Van Zant\">Johnny Van Zant</a> Band) came aboard as keyboardist/co-singer and drummer Scott Meeder replaced Jack Grondin after Grondin decided to leave the music business to pursue a career as a Christian missionary. The band found themselves without a home after Charisma folded in 1992.\n</p><p>After touring with the band through the spring of 1992, Max Carl decided to depart, making way for the return of Don Barnes. Since that time, the band has mostly concentrated on touring, with an occasional release of new material. <a href=\"/wiki/Scott_Hoffman\" title=\"Scott Hoffman\">Scott Hoffman</a> took over the drum chair from Meeder later in 1992. <a href=\"/wiki/Donny_Baldwin\" title=\"Donny Baldwin\">Donny Baldwin</a> (ex-<a href=\"/wiki/Jefferson_Starship\" title=\"Jefferson Starship\">Jefferson Starship</a>) filled in for Hoffman on some 1996 tour dates after Hoffman was down with a broken arm, but Gary \"Madman\" Moffatt (formerly of <a href=\"/wiki/Cactus_(American_band)\" title=\"Cactus (American band)\">Cactus</a>) has been the band's drummer since 1997.<sup class=\"noprint Inline-Template Template-Fact\" style=\"white-space:nowrap;\">&#91;<i><a href=\"/wiki/Wikipedia:Citation_needed\" title=\"Wikipedia:Citation needed\"><span title=\"This claim needs references to reliable sources. (October 2021)\">citation needed</span></a></i>&#93;</sup>\n</p><p>In early 1997, 38's long time guitarist/co-founder Jeff Carlisi, tired of the endless touring, decided to leave to form the Bonnie Blue Band, which led to the <a href=\"/wiki/Supergroup_(music)\" title=\"Supergroup (music)\">supergroup</a> Big People, which also featured <a href=\"/wiki/Benjamin_Orr\" title=\"Benjamin Orr\">Benjamin Orr</a> (from <a href=\"/wiki/The_Cars\" title=\"The Cars\">the Cars</a>), <a href=\"/wiki/Liberty_DeVitto\" title=\"Liberty DeVitto\">Liberty DeVitto</a> (from <a href=\"/wiki/Billy_Joel\" title=\"Billy Joel\">Billy Joel</a>'s band), <a href=\"/wiki/Derek_St._Holmes\" title=\"Derek St. Holmes\">Derek St. Holmes</a> (ex-<a href=\"/wiki/Ted_Nugent\" title=\"Ted Nugent\">Ted Nugent</a>) and <a href=\"/wiki/Pat_Travers\" title=\"Pat Travers\">Pat Travers</a>. Unfortunately Big People failed to launch after the death of Benjamin Orr in 2000.\n</p><p>Through the small <a href=\"/wiki/Razor_%26_Tie\" title=\"Razor &amp; Tie\">Razor &amp; Tie</a> label, 38 Special released \"Fade to Blue\" from the album <i><a href=\"/wiki/Resolution_(38_Special_album)\" class=\"mw-redirect\" title=\"Resolution (38 Special album)\">Resolution</a></i> (The last album to feature Carlisi, released in June 1997). The single hit No. 33 on the Mainstream Rock chart in 1997.<sup class=\"noprint Inline-Template Template-Fact\" style=\"white-space:nowrap;\">&#91;<i><a href=\"/wiki/Wikipedia:Citation_needed\" title=\"Wikipedia:Citation needed\"><span title=\"This claim needs references to reliable sources. (October 2021)\">citation needed</span></a></i>&#93;</sup> Since 1997's <i>Resolution</i>, two more releases came out on the <a href=\"/wiki/CMC_International\" title=\"CMC International\">CMC International</a> and <a href=\"/wiki/Sanctuary_Records\" title=\"Sanctuary Records\">Sanctuary Records</a> labels, respectively <i><a href=\"/wiki/A_Wild-Eyed_Christmas_Night\" title=\"A Wild-Eyed Christmas Night\">A Wild-Eyed Christmas Night</a></i> (September 2001) and <i><a href=\"/wiki/Drivetrain_(album)\" title=\"Drivetrain (album)\">Drivetrain</a></i> (July 2004).<sup class=\"noprint Inline-Template Template-Fact\" style=\"white-space:nowrap;\">&#91;<i><a href=\"/wiki/Wikipedia:Citation_needed\" title=\"Wikipedia:Citation needed\"><span title=\"This claim needs references to reliable sources. (October 2021)\">citation needed</span></a></i>&#93;</sup>\n</p>\n<div class=\"mw-heading mw-heading3\"><h3 id=\"2000s–present\"><span id=\"2000s.E2.80.93present\"></span>2000s–present</h3></div>\n<p>In 2007 .38 Special was the opening act on <a href=\"/wiki/Lynyrd_Skynyrd\" title=\"Lynyrd Skynyrd\">Lynyrd Skynyrd</a> and <a href=\"/wiki/Hank_Williams_Jr.\" title=\"Hank Williams Jr.\">Hank Williams Jr.</a>'s Rowdy Frynds Tour.<sup id=\"cite_ref-10\" class=\"reference\"><a href=\"#cite_note-10\"><span class=\"cite-bracket\">&#91;</span>9<span class=\"cite-bracket\">&#93;</span></a></sup> Also, on September 27, 2008, they filmed a <a href=\"/wiki/CMT_Crossroads\" title=\"CMT Crossroads\">CMT Crossroads</a> special with country singer <a href=\"/wiki/Trace_Adkins\" title=\"Trace Adkins\">Trace Adkins</a>, performing both artists' hits from over the years.<sup class=\"noprint Inline-Template Template-Fact\" style=\"white-space:nowrap;\">&#91;<i><a href=\"/wiki/Wikipedia:Citation_needed\" title=\"Wikipedia:Citation needed\"><span title=\"This claim needs references to reliable sources. (October 2021)\">citation needed</span></a></i>&#93;</sup> In 2009 .38 Special opened for <a href=\"/wiki/REO_Speedwagon\" title=\"REO Speedwagon\">REO Speedwagon</a> and <a href=\"/wiki/Styx_(band)\" title=\"Styx (band)\">Styx</a> as part of the \"Can't Stop Rockin' Tour\".<sup id=\"cite_ref-11\" class=\"reference\"><a href=\"#cite_note-11\"><span class=\"cite-bracket\">&#91;</span>10<span class=\"cite-bracket\">&#93;</span></a></sup>\n</p><p>Van Zant missed a handful of shows in 2011, and in 2012 a notice was posted on 38 Special's website saying Donnie Van Zant would not tour with the band due to health issues related to inner-ear nerve damage, although he would continue to write and record with the band. In 2013, after nearly a year of missing performances, Van Zant officially left 38 Special after 39 years and retired from music.<sup id=\"cite_ref-ConversationwithDonBarnes_12-0\" class=\"reference\"><a href=\"#cite_note-ConversationwithDonBarnes-12\"><span class=\"cite-bracket\">&#91;</span>11<span class=\"cite-bracket\">&#93;</span></a></sup>\n</p><p>In 2012 original bassist Ken Lyons died at age 59.<sup id=\"cite_ref-Lyons_13-0\" class=\"reference\"><a href=\"#cite_note-Lyons-13\"><span class=\"cite-bracket\">&#91;</span>12<span class=\"cite-bracket\">&#93;</span></a></sup> In 2014 longtime bassist Larry Junstrom was replaced by <a href=\"/wiki/Barry_Dunaway\" title=\"Barry Dunaway\">Barry Dunaway</a> (a veteran of many classic rock groups, including <a href=\"/wiki/Pat_Travers_Band\" class=\"mw-redirect\" title=\"Pat Travers Band\">Pat Travers Band</a>, <a href=\"/wiki/Yngwie_Malmsteen\" title=\"Yngwie Malmsteen\">Yngwie Malmsteen</a> and <a href=\"/wiki/Survivor_(band)\" title=\"Survivor (band)\">Survivor</a>). Dunaway had previously filled in for Junstrom for a handful of shows in 2011, and a few shows in 2013 as well. Junstrom was then forced to retire due to a hand injury that required surgery.<sup class=\"noprint Inline-Template Template-Fact\" style=\"white-space:nowrap;\">&#91;<i><a href=\"/wiki/Wikipedia:Citation_needed\" title=\"Wikipedia:Citation needed\"><span title=\"This claim needs references to reliable sources. (October 2021)\">citation needed</span></a></i>&#93;</sup>\n</p><p>Since 2019, the band's lineup has consisted of <a href=\"/wiki/Don_Barnes\" title=\"Don Barnes\">Don Barnes</a>, keyboardist/vocalist Bobby Capps, drummer Gary Moffatt, Dunaway, and guitarist <a href=\"/wiki/Jerry_Riggs\" title=\"Jerry Riggs\">Jerry Riggs</a>. This leaves Don Barnes as the only original member, although Barnes was absent from the band from 1987 until 1992.<sup class=\"noprint Inline-Template Template-Fact\" style=\"white-space:nowrap;\">&#91;<i><a href=\"/wiki/Wikipedia:Citation_needed\" title=\"Wikipedia:Citation needed\"><span title=\"This claim needs references to reliable sources. (October 2021)\">citation needed</span></a></i>&#93;</sup> Larry Junstrom died on October 6, 2019, at age 70.<sup id=\"cite_ref-14\" class=\"reference\"><a href=\"#cite_note-14\"><span class=\"cite-bracket\">&#91;</span>13<span class=\"cite-bracket\">&#93;</span></a></sup>\n</p><p>In 2022 bassist Paul Drennan filled in for <a href=\"/wiki/Barry_Dunaway\" title=\"Barry Dunaway\">Barry Dunaway</a>.<sup id=\"cite_ref-15\" class=\"reference\"><a href=\"#cite_note-15\"><span class=\"cite-bracket\">&#91;</span>14<span class=\"cite-bracket\">&#93;</span></a></sup>\n</p><p>On July 11, 2025 the band announced they were releasing their first album in 21 years, titled <i>Milestone</i>. This announcement was accompanied by the release of the album's first single \"All I Haven't Said\".<sup id=\"cite_ref-16\" class=\"reference\"><a href=\"#cite_note-16\"><span class=\"cite-bracket\">&#91;</span>15<span class=\"cite-bracket\">&#93;</span></a></sup>\n</p>\n<div class=\"mw-heading mw-heading2\"><h2 id=\"Band_members\">Band members</h2></div>\n<style data-mw-deduplicate=\"TemplateStyles:r1216972533\">.mw-parser-output .col-begin{border-collapse:collapse;padding:0;color:inherit;width:100%;border:0;margin:0}.mw-parser-output .col-begin-small{font-size:90%}.mw-parser-output .col-break{vertical-align:top;text-align:left}.mw-parser-output .col-break-2{width:50%}.mw-parser-output .col-break-3{width:33.3%}.mw-parser-output .col-break-4{width:25%}.mw-parser-output .col-break-5{width:20%}@media(max-width:720px){.mw-parser-output .col-begin,.mw-parser-output .col-begin>tbody,.mw-parser-output .col-begin>tbody>tr,.mw-parser-output .col-begin>tbody>tr>td{display:block!important;width:100%!important}.mw-parser-output .col-break{padding-left:0!important}}</style><div>\n<table class=\"col-begin\" role=\"presentation\">\n\n\n<tbody><tr>\n<td class=\"col-break\">\n<div class=\"mw-heading mw-heading3\"><h3 id=\"Current_members\">Current members</h3></div>\n<ul><li><a href=\"/wiki/Don_Barnes\" title=\"Don Barnes\">Don Barnes</a> – lead and backing vocals, lead and rhythm guitar, harmonica, mandolin, piano <small>(1974–1987, 1992–present)</small></li>\n<li>Bobby Capps – keyboards, backing and lead vocals <small>(1991–present)</small></li>\n<li>Gary \"Madman\" Moffatt – drums, percussion <small>(1996–present)</small></li>\n<li><a href=\"/wiki/Barry_Dunaway\" title=\"Barry Dunaway\">Barry Dunaway</a> – bass, backing vocals <small>(2014–present; touring substitute 2011, 2013)</small></li>\n<li><a href=\"/wiki/Jerry_Riggs\" title=\"Jerry Riggs\">Jerry Riggs</a> – lead guitar, backing vocals <small>(2019–present)</small></li></ul>\n<div class=\"mw-heading mw-heading3\"><h3 id=\"Touring_musicians\">Touring musicians</h3></div>\n<ul><li>Carol Bristow – backing vocals <small>(1977–1987)</small></li>\n<li>Dale Krantz Rossington – backing vocals <small>(1977–1979)</small></li>\n<li>Nancy Henderson – backing vocals <small>(1979–1980)</small></li>\n<li>Lu Moss – backing vocals <small>(1981–1984)</small></li>\n<li>Lynn Hineman – backing vocals <small>(1986–1987)</small></li></ul>\n<div class=\"mw-heading mw-heading3\"><h3 id=\"Touring_substitutes\">Touring substitutes</h3></div>\n<ul><li><a href=\"/wiki/Donny_Baldwin\" title=\"Donny Baldwin\">Donny Baldwin</a> – drums, percussion <small>(1996; filled in for Scott Hoffman)</small></li>\n<li>Paul Drennan (Drennen) – bass, backing vocals <small>(2022; filled in for <a href=\"/wiki/Barry_Dunaway\" title=\"Barry Dunaway\">Barry Dunaway</a>)</small></li></ul>\n</td>\n<td class=\"col-break\">\n<div class=\"mw-heading mw-heading3\"><h3 id=\"Former_members\">Former members</h3></div>\n<ul><li><a href=\"/wiki/Donnie_Van_Zant\" title=\"Donnie Van Zant\">Donnie Van Zant</a> – lead and backing vocals, occasional guitar <small>(1974–2013)</small></li>\n<li>Jeff Carlisi – lead guitar <small>(1974–1997)</small></li>\n<li>Jack Grondin – drums, percussion <small>(1974–1991)</small></li>\n<li>Steve Brookins – drums, percussion <small>(1974–1987)</small></li>\n<li><a href=\"/wiki/Ken_Lyons\" title=\"Ken Lyons\">Ken Lyons</a> – bass <small>(1974–1977; died 2012)</small><sup id=\"cite_ref-Lyons_13-1\" class=\"reference\"><a href=\"#cite_note-Lyons-13\"><span class=\"cite-bracket\">&#91;</span>12<span class=\"cite-bracket\">&#93;</span></a></sup></li>\n<li><a href=\"/wiki/Larry_Junstrom\" title=\"Larry Junstrom\">Larry Junstrom</a> – bass, occasional guitar <small>(1977–2014; died 2019)</small></li>\n<li>Steve McRay – keyboards, harmonica, backing vocals <small>(1986–1987)</small></li>\n<li><a href=\"/wiki/Max_Carl\" title=\"Max Carl\">Max Carl</a> – lead and backing vocals, keyboards, guitar <small>(1987–1992)</small></li>\n<li><a href=\"/wiki/Danny_Chauncey\" title=\"Danny Chauncey\">Danny Chauncey</a> – lead guitar, backing vocals, keyboards <small>(1987–2019)</small></li>\n<li>Scott Meeder – drums, percussion <small>(1991–1992)</small></li>\n<li><a href=\"/wiki/Scott_Hoffman\" title=\"Scott Hoffman\">Scott Hoffman</a> – drums, percussion <small>(1992–1997)</small></li></ul>\n<p>&#32;\n</p>\n</td></tr></tbody></table></div>\n<div class=\"mw-heading mw-heading3\"><h3 id=\"Lineups\">Lineups</h3></div>\n<table class=\"toccolours\" border=\"1\" cellpadding=\"2\" cellspacing=\"0\" style=\"float: width: 375px; margin: 0 0 1em 1em; border-collapse: collapse; border: 1px solid #E2E2E2;\" width=\"99%\">\n\n<tbody><tr>\n<th bgcolor=\"#E7EBEE\" valign=\"top\" width=\"25%\">1974–1977\n</th>\n<th bgcolor=\"#E7EBEE\" valign=\"top\" width=\"25%\">1977–1986\n</th>\n<th bgcolor=\"#E7EBEE\" valign=\"top\" width=\"25%\">1986–1987\n</th>\n<th bgcolor=\"#E7EBEE\" valign=\"top\" width=\"25%\">1987–1991\n</th></tr>\n<tr>\n<td valign=\"top\">\n<ul><li>Don Barnes – guitar, mandolin, keyboards, harmonica, backing vocals</li>\n<li>Donnie Van Zant – lead vocals, guitar</li>\n<li>Steve Brookins – drums, percussion</li>\n<li>Jeff Carlisi – guitar</li>\n<li>Jack Grondin – drums, percussion</li>\n<li>Ken Lyons – bass</li></ul>\n</td>\n<td valign=\"top\">\n<ul><li>Don Barnes – lead vocals, guitar, mandolin, keyboards, harmonica</li>\n<li>Donnie Van Zant – lead vocals, guitar</li>\n<li>Steve Brookins – drums, percussion</li>\n<li>Jeff Carlisi – guitar</li>\n<li>Jack Grondin – drums, percussion</li>\n<li>Larry Junstrom – bass, guitar</li></ul>\n</td>\n<td valign=\"top\">\n<ul><li>Don Barnes – lead vocals, guitar, mandolin, keyboards, harmonica</li>\n<li>Donnie Van Zant – lead vocals, guitar</li>\n<li>Steve Brookins – drums, percussion</li>\n<li>Jeff Carlisi – guitar</li>\n<li>Jack Grondin – drums, percussion</li>\n<li>Larry Junstrom – bass, guitar</li>\n<li>Steve McRay – keyboards, harmonica, backing vocals</li></ul>\n</td>\n<td valign=\"top\">\n<ul><li>Donnie Van Zant – lead vocals, guitar</li>\n<li>Jeff Carlisi – guitar</li>\n<li>Jack Grondin – drums, percussion</li>\n<li>Larry Junstrom – bass, guitar</li>\n<li>Max Carl – lead vocals, keyboards</li>\n<li>Danny Chauncey – guitar, backing vocals</li></ul>\n</td></tr>\n<tr>\n<th bgcolor=\"#E7EBEE\" valign=\"top\" width=\"25%\">1991–1992\n</th>\n<th bgcolor=\"#E7EBEE\" valign=\"top\" width=\"25%\">1992–1997\n</th>\n<th bgcolor=\"#E7EBEE\" valign=\"top\" width=\"25%\">1997–2013\n</th>\n<th bgcolor=\"#E7EBEE\" valign=\"top\" width=\"25%\">2013–2014\n</th></tr>\n<tr>\n<td valign=\"top\">\n<ul><li>Donnie Van Zant – lead vocals, guitar</li>\n<li>Jeff Carlisi – guitar</li>\n<li>Larry Junstrom – bass, guitar</li>\n<li>Max Carl – lead vocals, keyboards</li>\n<li>Danny Chauncey – guitar, backing vocals</li>\n<li>Scott Meeder – drums, percussion</li></ul>\n</td>\n<td valign=\"top\">\n<ul><li>Don Barnes – lead vocals, guitar, mandolin, keyboards, harmonica</li>\n<li>Donnie Van Zant – lead vocals, guitar</li>\n<li>Jeff Carlisi – guitar</li>\n<li>Larry Junstrom – bass, guitar</li>\n<li>Danny Chauncey – guitar, backing vocals</li>\n<li>Bobby Capps – keyboards, vocals</li>\n<li>Scott Hoffman – drums, percussion</li></ul>\n</td>\n<td valign=\"top\">\n<ul><li>Don Barnes – lead vocals, guitar, mandolin, keyboards, harmonica</li>\n<li>Donnie Van Zant – lead vocals, guitar</li>\n<li>Larry Junstrom – bass, guitar</li>\n<li>Danny Chauncey – guitar, backing vocals</li>\n<li>Bobby Capps – keyboards, vocals</li>\n<li>Gary Moffatt – drums, percussion</li></ul>\n</td>\n<td valign=\"top\">\n<ul><li>Don Barnes – lead vocals, guitar, mandolin, keyboards, harmonica</li>\n<li>Larry Junstrom – bass, guitar</li>\n<li>Danny Chauncey – guitar, backing vocals</li>\n<li>Bobby Capps – keyboards, vocals</li>\n<li>Gary Moffatt – drums, percussion</li></ul>\n</td></tr>\n<tr>\n<th bgcolor=\"#E7EBEE\" valign=\"top\" width=\"25%\">2014–2019\n</th>\n<th bgcolor=\"#E7EBEE\" valign=\"top\" width=\"25%\">2019–present\n</th></tr>\n<tr>\n<td valign=\"top\">\n<ul><li>Don Barnes – lead vocals, guitar, mandolin, keyboards, harmonica</li>\n<li>Tyler Greer – guitar, backing vocals</li>\n<li>Bobby Capps – keyboards, vocals</li>\n<li>Gary Moffatt – drums, percussion</li>\n<li>Barry Dunaway – bass, backing vocals</li></ul>\n</td>\n<td valign=\"top\">\n<ul><li>Don Barnes – lead vocals, guitar, mandolin, keyboards, harmonica</li>\n<li>Bobby Capps – keyboards, vocals</li>\n<li>Gary Moffatt – drums, percussion</li>\n<li>Barry Dunaway – bass, backing vocals</li>\n<li>Jerry Riggs – guitar, backing vocals</li></ul>\n</td></tr></tbody></table>\n<div class=\"mw-heading mw-heading3\"><h3 id=\"Timeline\">Timeline</h3></div>\n<div class=\"timeline-wrapper\"><map name=\"timeline_dcby72ia7ki0n7nvfk05evx6au0uxbt\"></map><img usemap=\"#timeline_dcby72ia7ki0n7nvfk05evx6au0uxbt\" src=\"//upload.wikimedia.org/wikipedia/en/timeline/dcby72ia7ki0n7nvfk05evx6au0uxbt.png\" /></div>\n<div class=\"mw-heading mw-heading2\"><h2 id=\"Discography\">Discography</h2></div>\n<style data-mw-deduplicate=\"TemplateStyles:r1236090951\">.mw-parser-output .hatnote{font-style:italic}.mw-parser-output div.hatnote{padding-left:1.6em;margin-bottom:0.5em}.mw-parser-output .hatnote i{font-style:normal}.mw-parser-output .hatnote+link+.hatnote{margin-top:-0.5em}@media print{body.ns-0 .mw-parser-output .hatnote{display:none!important}}</style><div role=\"note\" class=\"hatnote navigation-not-searchable\">Main article: <a href=\"/wiki/38_Special_discography\" title=\"38 Special discography\">38 Special discography</a></div>\n<div class=\"mw-heading mw-heading3\"><h3 id=\"Studio_albums\">Studio albums</h3></div>\n<ul><li><i><a href=\"/wiki/38_Special_(album)\" title=\"38 Special (album)\">38 Special</a></i> (1977)</li>\n<li><i><a href=\"/wiki/Special_Delivery_(38_Special_album)\" title=\"Special Delivery (38 Special album)\">Special Delivery</a></i> (1978)</li>\n<li><i><a href=\"/wiki/Rockin%27_into_the_Night\" title=\"Rockin&#39; into the Night\">Rockin' into the Night</a></i> (1979)</li>\n<li><i><a href=\"/wiki/Wild-Eyed_Southern_Boys\" title=\"Wild-Eyed Southern Boys\">Wild-Eyed Southern Boys</a></i> (1981)</li>\n<li><i><a href=\"/wiki/Special_Forces_(38_Special_album)\" title=\"Special Forces (38 Special album)\">Special Forces</a></i> (1982)</li>\n<li><i><a href=\"/wiki/Tour_de_Force_(38_Special_album)\" title=\"Tour de Force (38 Special album)\">Tour de Force</a></i> (1983)</li>\n<li><i><a href=\"/wiki/Strength_in_Numbers_(38_Special_album)\" title=\"Strength in Numbers (38 Special album)\">Strength in Numbers</a></i> (1986)</li>\n<li><i><a href=\"/wiki/Rock_%26_Roll_Strategy\" title=\"Rock &amp; Roll Strategy\">Rock &amp; Roll Strategy</a></i> (1988)</li>\n<li><i><a href=\"/wiki/Bone_Against_Steel\" title=\"Bone Against Steel\">Bone Against Steel</a></i> (1991)</li>\n<li><i>Resolution</i> (1997)</li>\n<li><i><a href=\"/wiki/A_Wild-Eyed_Christmas_Night\" title=\"A Wild-Eyed Christmas Night\">A Wild-Eyed Christmas Night</a></i> (2001)</li>\n<li><i><a href=\"/wiki/Drivetrain_(album)\" title=\"Drivetrain (album)\">Drivetrain</a></i> (2004)</li>\n<li><i>Milestone</i> (2025)</li></ul>\n<div class=\"mw-heading mw-heading2\"><h2 id=\"Notes\">Notes</h2></div>\n<style data-mw-deduplicate=\"TemplateStyles:r1239543626\">.mw-parser-output .reflist{margin-bottom:0.5em;list-style-type:decimal}@media screen{.mw-parser-output .reflist{font-size:90%}}.mw-parser-output .reflist .references{font-size:100%;margin-bottom:0;list-style-type:inherit}.mw-parser-output .reflist-columns-2{column-width:30em}.mw-parser-output .reflist-columns-3{column-width:25em}.mw-parser-output .reflist-columns{margin-top:0.3em}.mw-parser-output .reflist-columns ol{margin-top:0}.mw-parser-output .reflist-columns li{page-break-inside:avoid;break-inside:avoid-column}.mw-parser-output .reflist-upper-alpha{list-style-type:upper-alpha}.mw-parser-output .reflist-upper-roman{list-style-type:upper-roman}.mw-parser-output .reflist-lower-alpha{list-style-type:lower-alpha}.mw-parser-output .reflist-lower-greek{list-style-type:lower-greek}.mw-parser-output .reflist-lower-roman{list-style-type:lower-roman}</style><div class=\"reflist reflist-lower-alpha\">\n<div class=\"mw-references-wrap\"><ol class=\"references\" data-mw-group=\"lower-alpha\">\n<li id=\"cite_note-5\"><span class=\"mw-cite-backlink\"><b><a href=\"#cite_ref-5\">^</a></b></span> <span class=\"reference-text\">Elson would become the sound man for Skynyrd and 38 Special, who eventually graduated to producing <a href=\"/wiki/Journey_(band)\" title=\"Journey (band)\">Journey</a>, <a href=\"/wiki/Night_Ranger\" title=\"Night Ranger\">Night Ranger</a> and many others.</span>\n</li>\n</ol></div></div>\n<div class=\"mw-heading mw-heading2\"><h2 id=\"References\">References</h2></div>\n<link rel=\"mw-deduplicated-inline-style\" href=\"mw-data:TemplateStyles:r1239543626\" /><div class=\"reflist\">\n<div class=\"mw-references-wrap mw-references-columns\"><ol class=\"references\">\n<li id=\"cite_note-allmusic.com-1\"><span class=\"mw-cite-backlink\"><b><a href=\"#cite_ref-allmusic.com_1-0\">^</a></b></span> <span class=\"reference-text\"><style data-mw-deduplicate=\"TemplateStyles:r1238218222\">.mw-parser-output cite.citation{font-style:inherit;word-wrap:break-word}.mw-parser-output .citation q{quotes:\"\\\"\"\"\\\"\"\"'\"\"'\"}.mw-parser-output .citation:target{background-color:rgba(0,127,255,0.133)}.mw-parser-output .id-lock-free.id-lock-free a{background:url(\"//upload.wikimedia.org/wikipedia/commons/6/65/Lock-green.svg\")right 0.1em center/9px no-repeat}.mw-parser-output .id-lock-limited.id-lock-limited a,.mw-parser-output .id-lock-registration.id-lock-registration a{background:url(\"//upload.wikimedia.org/wikipedia/commons/d/d6/Lock-gray-alt-2.svg\")right 0.1em center/9px no-repeat}.mw-parser-output .id-lock-subscription.id-lock-subscription a{background:url(\"//upload.wikimedia.org/wikipedia/commons/a/aa/Lock-red-alt-2.svg\")right 0.1em center/9px no-repeat}.mw-parser-output .cs1-ws-icon a{background:url(\"//upload.wikimedia.org/wikipedia/commons/4/4c/Wikisource-logo.svg\")right 0.1em center/12px no-repeat}body:not(.skin-timeless):not(.skin-minerva) .mw-parser-output .id-lock-free a,body:not(.skin-timeless):not(.skin-minerva) .mw-parser-output .id-lock-limited a,body:not(.skin-timeless):not(.skin-minerva) .mw-parser-output .id-lock-registration a,body:not(.skin-timeless):not(.skin-minerva) .mw-parser-output .id-lock-subscription a,body:not(.skin-timeless):not(.skin-minerva) .mw-parser-output .cs1-ws-icon a{background-size:contain;padding:0 1em 0 0}.mw-parser-output .cs1-code{color:inherit;background:inherit;border:none;padding:inherit}.mw-parser-output .cs1-hidden-error{display:none;color:var(--color-error,#d33)}.mw-parser-output .cs1-visible-error{color:var(--color-error,#d33)}.mw-parser-output .cs1-maint{display:none;color:#085;margin-left:0.3em}.mw-parser-output .cs1-kern-left{padding-left:0.2em}.mw-parser-output .cs1-kern-right{padding-right:0.2em}.mw-parser-output .citation .mw-selflink{font-weight:inherit}@media screen{.mw-parser-output .cs1-format{font-size:95%}html.skin-theme-clientpref-night .mw-parser-output .cs1-maint{color:#18911f}}@media screen and (prefers-color-scheme:dark){html.skin-theme-clientpref-os .mw-parser-output .cs1-maint{color:#18911f}}</style><cite id=\"CITEREFErlewine\" class=\"citation web cs1\">Erlewine, Stephen Thomas. <a rel=\"nofollow\" class=\"external text\" href=\"https://www.allmusic.com/artist/38-special-mn0000500781/biography\">\".38 Special Biography, Songs, &amp; Albums\"</a>. <i>AllMusic</i><span class=\"reference-accessdate\">. Retrieved <span class=\"nowrap\">March 25,</span> 2023</span>.</cite><span title=\"ctx_ver=Z39.88-2004&amp;rft_val_fmt=info%3Aofi%2Ffmt%3Akev%3Amtx%3Ajournal&amp;rft.genre=unknown&amp;rft.jtitle=AllMusic&amp;rft.atitle=.38+Special+Biography%2C+Songs%2C+%26+Albums&amp;rft.aulast=Erlewine&amp;rft.aufirst=Stephen+Thomas&amp;rft_id=https%3A%2F%2Fwww.allmusic.com%2Fartist%2F38-special-mn0000500781%2Fbiography&amp;rfr_id=info%3Asid%2Fen.wikipedia.org%3A38+Special+%28band%29\" class=\"Z3988\"></span></span>\n</li>\n<li id=\"cite_note-Jacksonville-2\"><span class=\"mw-cite-backlink\"><b><a href=\"#cite_ref-Jacksonville_2-0\">^</a></b></span> <span class=\"reference-text\"><link rel=\"mw-deduplicated-inline-style\" href=\"mw-data:TemplateStyles:r1238218222\" /><cite class=\"citation web cs1\"><a rel=\"nofollow\" class=\"external text\" href=\"https://web.archive.org/web/20091207051833/http://www.vh1.com/artists/az/thirty_eight_special/bio.jhtml\">\".38 Special\"</a>. <i>VH1</i>. All Media Guide. 2007. Archived from <a rel=\"nofollow\" class=\"external text\" href=\"http://www.vh1.com/artists/az/thirty_eight_special/bio.jhtml\">the original</a> on December 7, 2009<span class=\"reference-accessdate\">. Retrieved <span class=\"nowrap\">September 6,</span> 2019</span>.</cite><span title=\"ctx_ver=Z39.88-2004&amp;rft_val_fmt=info%3Aofi%2Ffmt%3Akev%3Amtx%3Ajournal&amp;rft.genre=unknown&amp;rft.jtitle=VH1&amp;rft.atitle=.38+Special&amp;rft.date=2007&amp;rft_id=http%3A%2F%2Fwww.vh1.com%2Fartists%2Faz%2Fthirty_eight_special%2Fbio.jhtml&amp;rfr_id=info%3Asid%2Fen.wikipedia.org%3A38+Special+%28band%29\" class=\"Z3988\"></span></span>\n</li>\n<li id=\"cite_note-3\"><span class=\"mw-cite-backlink\"><b><a href=\"#cite_ref-3\">^</a></b></span> <span class=\"reference-text\"><link rel=\"mw-deduplicated-inline-style\" href=\"mw-data:TemplateStyles:r1238218222\" /><cite class=\"citation web cs1\"><a rel=\"nofollow\" class=\"external text\" href=\"https://www.allmusic.com/artist/38-special-mn0000500781/biography\">\".38 Special Biography, Songs, &amp; Albums\"</a>. <i>AllMusic</i><span class=\"reference-accessdate\">. Retrieved <span class=\"nowrap\">May 11,</span> 2023</span>.</cite><span title=\"ctx_ver=Z39.88-2004&amp;rft_val_fmt=info%3Aofi%2Ffmt%3Akev%3Amtx%3Ajournal&amp;rft.genre=unknown&amp;rft.jtitle=AllMusic&amp;rft.atitle=.38+Special+Biography%2C+Songs%2C+%26+Albums&amp;rft_id=https%3A%2F%2Fwww.allmusic.com%2Fartist%2F38-special-mn0000500781%2Fbiography&amp;rfr_id=info%3Asid%2Fen.wikipedia.org%3A38+Special+%28band%29\" class=\"Z3988\"></span></span>\n</li>\n<li id=\"cite_note-4\"><span class=\"mw-cite-backlink\"><b><a href=\"#cite_ref-4\">^</a></b></span> <span class=\"reference-text\"><link rel=\"mw-deduplicated-inline-style\" href=\"mw-data:TemplateStyles:r1238218222\" /><cite class=\"citation web cs1\"><a rel=\"nofollow\" class=\"external text\" href=\"http://allmusic.com/artist/38-special-p50060/charts-awards/billboard-singles\">\"38 Special Singles Charts\"</a>. <i>AllMusic.com</i><span class=\"reference-accessdate\">. Retrieved <span class=\"nowrap\">December 22,</span> 2011</span>.</cite><span title=\"ctx_ver=Z39.88-2004&amp;rft_val_fmt=info%3Aofi%2Ffmt%3Akev%3Amtx%3Ajournal&amp;rft.genre=unknown&amp;rft.jtitle=AllMusic.com&amp;rft.atitle=38+Special+Singles+Charts&amp;rft_id=http%3A%2F%2Fallmusic.com%2Fartist%2F38-special-p50060%2Fcharts-awards%2Fbillboard-singles&amp;rfr_id=info%3Asid%2Fen.wikipedia.org%3A38+Special+%28band%29\" class=\"Z3988\"></span></span>\n</li>\n<li id=\"cite_note-LarkinHM-6\"><span class=\"mw-cite-backlink\">^ <a href=\"#cite_ref-LarkinHM_6-0\"><sup><i><b>a</b></i></sup></a> <a href=\"#cite_ref-LarkinHM_6-1\"><sup><i><b>b</b></i></sup></a> <a href=\"#cite_ref-LarkinHM_6-2\"><sup><i><b>c</b></i></sup></a> <a href=\"#cite_ref-LarkinHM_6-3\"><sup><i><b>d</b></i></sup></a> <a href=\"#cite_ref-LarkinHM_6-4\"><sup><i><b>e</b></i></sup></a> <a href=\"#cite_ref-LarkinHM_6-5\"><sup><i><b>f</b></i></sup></a> <a href=\"#cite_ref-LarkinHM_6-6\"><sup><i><b>g</b></i></sup></a> <a href=\"#cite_ref-LarkinHM_6-7\"><sup><i><b>h</b></i></sup></a> <a href=\"#cite_ref-LarkinHM_6-8\"><sup><i><b>i</b></i></sup></a> <a href=\"#cite_ref-LarkinHM_6-9\"><sup><i><b>j</b></i></sup></a> <a href=\"#cite_ref-LarkinHM_6-10\"><sup><i><b>k</b></i></sup></a></span> <span class=\"reference-text\"><link rel=\"mw-deduplicated-inline-style\" href=\"mw-data:TemplateStyles:r1238218222\" /><cite id=\"CITEREFColin_Larkin1995\" class=\"citation book cs1\"><a href=\"/wiki/Colin_Larkin_(writer)\" class=\"mw-redirect\" title=\"Colin Larkin (writer)\">Colin Larkin</a>, ed. (1995). <i><a href=\"/wiki/Encyclopedia_of_Popular_Music\" class=\"mw-redirect\" title=\"Encyclopedia of Popular Music\">The Guinness Who's Who of Heavy Metal</a></i> (Second&#160;ed.). <a href=\"/wiki/Guinness_Publishing\" class=\"mw-redirect\" title=\"Guinness Publishing\">Guinness Publishing</a>. p.&#160;360/1. <a href=\"/wiki/ISBN_(identifier)\" class=\"mw-redirect\" title=\"ISBN (identifier)\">ISBN</a>&#160;<a href=\"/wiki/Special:BookSources/0-85112-656-1\" title=\"Special:BookSources/0-85112-656-1\"><bdi>0-85112-656-1</bdi></a>.</cite><span title=\"ctx_ver=Z39.88-2004&amp;rft_val_fmt=info%3Aofi%2Ffmt%3Akev%3Amtx%3Abook&amp;rft.genre=book&amp;rft.btitle=The+Guinness+Who%27s+Who+of+Heavy+Metal&amp;rft.pages=360%2F1&amp;rft.edition=Second&amp;rft.pub=Guinness+Publishing&amp;rft.date=1995&amp;rft.isbn=0-85112-656-1&amp;rfr_id=info%3Asid%2Fen.wikipedia.org%3A38+Special+%28band%29\" class=\"Z3988\"></span></span>\n</li>\n<li id=\"cite_note-7\"><span class=\"mw-cite-backlink\"><b><a href=\"#cite_ref-7\">^</a></b></span> <span class=\"reference-text\"><a rel=\"nofollow\" class=\"external text\" href=\"https://www.youtube.com/watch?v=K7SXG-LFW4o&amp;t=1m20s\">.38 Special's Don Barnes talks Hold on Loosely</a>, Decades TV Network (YouTube channel, uploaded November 16, 2018)</span>\n</li>\n<li id=\"cite_note-8\"><span class=\"mw-cite-backlink\"><b><a href=\"#cite_ref-8\">^</a></b></span> <span class=\"reference-text\"><link rel=\"mw-deduplicated-inline-style\" href=\"mw-data:TemplateStyles:r1238218222\" /><cite class=\"citation web cs1\"><a rel=\"nofollow\" class=\"external text\" href=\"https://www.discogs.com/release/1974245-38-Special-38-Special\">\"38 Special\"</a>. Discogs<span class=\"reference-accessdate\">. Retrieved <span class=\"nowrap\">June 12,</span> 2025</span>.</cite><span title=\"ctx_ver=Z39.88-2004&amp;rft_val_fmt=info%3Aofi%2Ffmt%3Akev%3Amtx%3Abook&amp;rft.genre=unknown&amp;rft.btitle=38+Special&amp;rft.pub=Discogs&amp;rft_id=https%3A%2F%2Fwww.discogs.com%2Frelease%2F1974245-38-Special-38-Special&amp;rfr_id=info%3Asid%2Fen.wikipedia.org%3A38+Special+%28band%29\" class=\"Z3988\"></span></span>\n</li>\n<li id=\"cite_note-9\"><span class=\"mw-cite-backlink\"><b><a href=\"#cite_ref-9\">^</a></b></span> <span class=\"reference-text\"><link rel=\"mw-deduplicated-inline-style\" href=\"mw-data:TemplateStyles:r1238218222\" /><cite id=\"CITEREFWardlaw\" class=\"citation web cs1\">Wardlaw, Matt. <a rel=\"nofollow\" class=\"external text\" href=\"https://ultimateclassicrock.com/38-special-debut-album/\">\"45 Years Ago: 38 Special Begin Journey Toward a New Sound\"</a>. <i>Ultimate Classic Rock.com</i>. ultimateclassicrock.com<span class=\"reference-accessdate\">. Retrieved <span class=\"nowrap\">June 12,</span> 2025</span>.</cite><span title=\"ctx_ver=Z39.88-2004&amp;rft_val_fmt=info%3Aofi%2Ffmt%3Akev%3Amtx%3Ajournal&amp;rft.genre=unknown&amp;rft.jtitle=Ultimate+Classic+Rock.com&amp;rft.atitle=45+Years+Ago%3A+38+Special+Begin+Journey+Toward+a+New+Sound&amp;rft.aulast=Wardlaw&amp;rft.aufirst=Matt&amp;rft_id=https%3A%2F%2Fultimateclassicrock.com%2F38-special-debut-album%2F&amp;rfr_id=info%3Asid%2Fen.wikipedia.org%3A38+Special+%28band%29\" class=\"Z3988\"></span></span>\n</li>\n<li id=\"cite_note-10\"><span class=\"mw-cite-backlink\"><b><a href=\"#cite_ref-10\">^</a></b></span> <span class=\"reference-text\"><link rel=\"mw-deduplicated-inline-style\" href=\"mw-data:TemplateStyles:r1238218222\" /><cite id=\"CITEREFWaddell2007\" class=\"citation magazine cs1\">Waddell, Ray (January 31, 2007). <a rel=\"nofollow\" class=\"external text\" href=\"https://www.billboard.com/music/music-news/hank-jr-skynyrd-getting-rowdy-on-spring-tour-1055515/\">\"Hank Jr., Skynyrd Getting Rowdy On Spring Tour\"</a>. <i>Billboard</i><span class=\"reference-accessdate\">. Retrieved <span class=\"nowrap\">January 18,</span> 2022</span>.</cite><span title=\"ctx_ver=Z39.88-2004&amp;rft_val_fmt=info%3Aofi%2Ffmt%3Akev%3Amtx%3Ajournal&amp;rft.genre=article&amp;rft.jtitle=Billboard&amp;rft.atitle=Hank+Jr.%2C+Skynyrd+Getting+Rowdy+On+Spring+Tour&amp;rft.date=2007-01-31&amp;rft.aulast=Waddell&amp;rft.aufirst=Ray&amp;rft_id=https%3A%2F%2Fwww.billboard.com%2Fmusic%2Fmusic-news%2Fhank-jr-skynyrd-getting-rowdy-on-spring-tour-1055515%2F&amp;rfr_id=info%3Asid%2Fen.wikipedia.org%3A38+Special+%28band%29\" class=\"Z3988\"></span></span>\n</li>\n<li id=\"cite_note-11\"><span class=\"mw-cite-backlink\"><b><a href=\"#cite_ref-11\">^</a></b></span> <span class=\"reference-text\"><link rel=\"mw-deduplicated-inline-style\" href=\"mw-data:TemplateStyles:r1238218222\" /><cite class=\"citation web cs1\"><a rel=\"nofollow\" class=\"external text\" href=\"https://bravewords.com/news/styx-reo-speedwagon-38-special-team-up-for-cant-stop-rockin-2009-us-tour\">\"STYX, REO SPEEDWAGON, .38 SPECIAL Team Up For Can't Stop Rockin' 2009 US Tour\"</a>. <i><a href=\"/wiki/Brave_Words_%26_Bloody_Knuckles\" title=\"Brave Words &amp; Bloody Knuckles\">Brave Words &amp; Bloody Knuckles</a></i>. February 26, 2009<span class=\"reference-accessdate\">. Retrieved <span class=\"nowrap\">January 18,</span> 2022</span>.</cite><span title=\"ctx_ver=Z39.88-2004&amp;rft_val_fmt=info%3Aofi%2Ffmt%3Akev%3Amtx%3Ajournal&amp;rft.genre=unknown&amp;rft.jtitle=Brave+Words+%26+Bloody+Knuckles&amp;rft.atitle=STYX%2C+REO+SPEEDWAGON%2C+.38+SPECIAL+Team+Up+For+Can%27t+Stop+Rockin%27+2009+US+Tour&amp;rft.date=2009-02-26&amp;rft_id=https%3A%2F%2Fbravewords.com%2Fnews%2Fstyx-reo-speedwagon-38-special-team-up-for-cant-stop-rockin-2009-us-tour&amp;rfr_id=info%3Asid%2Fen.wikipedia.org%3A38+Special+%28band%29\" class=\"Z3988\"></span></span>\n</li>\n<li id=\"cite_note-ConversationwithDonBarnes-12\"><span class=\"mw-cite-backlink\"><b><a href=\"#cite_ref-ConversationwithDonBarnes_12-0\">^</a></b></span> <span class=\"reference-text\"><link rel=\"mw-deduplicated-inline-style\" href=\"mw-data:TemplateStyles:r1238218222\" /><cite id=\"CITEREFWake2014\" class=\"citation web cs1\">Wake, Matt (April 29, 2014). <a rel=\"nofollow\" class=\"external text\" href=\"http://www.al.com/entertainment/index.ssf/2014/04/whistlestop_music_2014_38_spec.html\">\"WhistleStop music 2014: 38 Special\"</a>. <i>al.com</i>. Alabama Media Group<span class=\"reference-accessdate\">. Retrieved <span class=\"nowrap\">May 12,</span> 2015</span>.</cite><span title=\"ctx_ver=Z39.88-2004&amp;rft_val_fmt=info%3Aofi%2Ffmt%3Akev%3Amtx%3Ajournal&amp;rft.genre=unknown&amp;rft.jtitle=al.com&amp;rft.atitle=WhistleStop+music+2014%3A+38+Special&amp;rft.date=2014-04-29&amp;rft.aulast=Wake&amp;rft.aufirst=Matt&amp;rft_id=http%3A%2F%2Fwww.al.com%2Fentertainment%2Findex.ssf%2F2014%2F04%2Fwhistlestop_music_2014_38_spec.html&amp;rfr_id=info%3Asid%2Fen.wikipedia.org%3A38+Special+%28band%29\" class=\"Z3988\"></span></span>\n</li>\n<li id=\"cite_note-Lyons-13\"><span class=\"mw-cite-backlink\">^ <a href=\"#cite_ref-Lyons_13-0\"><sup><i><b>a</b></i></sup></a> <a href=\"#cite_ref-Lyons_13-1\"><sup><i><b>b</b></i></sup></a></span> <span class=\"reference-text\"><link rel=\"mw-deduplicated-inline-style\" href=\"mw-data:TemplateStyles:r1238218222\" /><cite class=\"citation web cs1\"><a rel=\"nofollow\" class=\"external text\" href=\"http://www.journalpatriot.com/obituaries/article_5bdd6180-a692-11e1-8d47-0019bb30f31a.html\">\"Kenneth Lyons, 59, of Mount Sinai Road dies in Winston-Salem\"</a>. <i>JournalPatriot.com</i>. <a href=\"/wiki/North_Wilkesboro,_North_Carolina\" title=\"North Wilkesboro, North Carolina\">North Wilkesboro, North Carolina</a>, United States: Wilkes Journal-Patriot. May 25, 2012<span class=\"reference-accessdate\">. Retrieved <span class=\"nowrap\">September 6,</span> 2019</span>.</cite><span title=\"ctx_ver=Z39.88-2004&amp;rft_val_fmt=info%3Aofi%2Ffmt%3Akev%3Amtx%3Ajournal&amp;rft.genre=unknown&amp;rft.jtitle=JournalPatriot.com&amp;rft.atitle=Kenneth+Lyons%2C+59%2C+of+Mount+Sinai+Road+dies+in+Winston-Salem&amp;rft.date=2012-05-25&amp;rft_id=http%3A%2F%2Fwww.journalpatriot.com%2Fobituaries%2Farticle_5bdd6180-a692-11e1-8d47-0019bb30f31a.html&amp;rfr_id=info%3Asid%2Fen.wikipedia.org%3A38+Special+%28band%29\" class=\"Z3988\"></span></span>\n</li>\n<li id=\"cite_note-14\"><span class=\"mw-cite-backlink\"><b><a href=\"#cite_ref-14\">^</a></b></span> <span class=\"reference-text\"><link rel=\"mw-deduplicated-inline-style\" href=\"mw-data:TemplateStyles:r1238218222\" /><cite class=\"citation web cs1\"><a rel=\"nofollow\" class=\"external text\" href=\"https://torontosun.com/entertainment/music/lynyrd-skynyrd-founder-larry-junstrom-dead-at-70/wcm/0faeb2eb-8f98-4b65-a238-c1a75efe5c8f\">\"Lynyrd Skynyrd founder Larry Junstrom dead at 70\"</a>. <i>Torontosun.com</i><span class=\"reference-accessdate\">. Retrieved <span class=\"nowrap\">October 6,</span> 2019</span>.</cite><span title=\"ctx_ver=Z39.88-2004&amp;rft_val_fmt=info%3Aofi%2Ffmt%3Akev%3Amtx%3Ajournal&amp;rft.genre=unknown&amp;rft.jtitle=Torontosun.com&amp;rft.atitle=Lynyrd+Skynyrd+founder+Larry+Junstrom+dead+at+70&amp;rft_id=https%3A%2F%2Ftorontosun.com%2Fentertainment%2Fmusic%2Flynyrd-skynyrd-founder-larry-junstrom-dead-at-70%2Fwcm%2F0faeb2eb-8f98-4b65-a238-c1a75efe5c8f&amp;rfr_id=info%3Asid%2Fen.wikipedia.org%3A38+Special+%28band%29\" class=\"Z3988\"></span></span>\n</li>\n<li id=\"cite_note-15\"><span class=\"mw-cite-backlink\"><b><a href=\"#cite_ref-15\">^</a></b></span> <span class=\"reference-text\"><link rel=\"mw-deduplicated-inline-style\" href=\"mw-data:TemplateStyles:r1238218222\" /><cite class=\"citation web cs1\"><a rel=\"nofollow\" class=\"external text\" href=\"https://www.rockatnight.com/2022/02/southern-rock-band-38-special-bring-an-evening-of-hits-to-tampa/\">\"Southern Rock band .38 Special bring an evening of hits to Tampa\"</a>. February 10, 2022.</cite><span title=\"ctx_ver=Z39.88-2004&amp;rft_val_fmt=info%3Aofi%2Ffmt%3Akev%3Amtx%3Abook&amp;rft.genre=unknown&amp;rft.btitle=Southern+Rock+band+.38+Special+bring+an+evening+of+hits+to+Tampa&amp;rft.date=2022-02-10&amp;rft_id=https%3A%2F%2Fwww.rockatnight.com%2F2022%2F02%2Fsouthern-rock-band-38-special-bring-an-evening-of-hits-to-tampa%2F&amp;rfr_id=info%3Asid%2Fen.wikipedia.org%3A38+Special+%28band%29\" class=\"Z3988\"></span></span>\n</li>\n<li id=\"cite_note-16\"><span class=\"mw-cite-backlink\"><b><a href=\"#cite_ref-16\">^</a></b></span> <span class=\"reference-text\"><link rel=\"mw-deduplicated-inline-style\" href=\"mw-data:TemplateStyles:r1238218222\" /><cite class=\"citation web cs1\"><a rel=\"nofollow\" class=\"external text\" href=\"https://ultimateclassicrock.com/38-special-new-album-release/\">\"38 Special to Release First Album in More Than 20 Years, 'Milestone'<span class=\"cs1-kern-right\"></span>\"</a>. <i>ultimateclassicrock.com</i><span class=\"reference-accessdate\">. Retrieved <span class=\"nowrap\">July 12,</span> 2025</span>.</cite><span title=\"ctx_ver=Z39.88-2004&amp;rft_val_fmt=info%3Aofi%2Ffmt%3Akev%3Amtx%3Ajournal&amp;rft.genre=unknown&amp;rft.jtitle=ultimateclassicrock.com&amp;rft.atitle=38+Special+to+Release+First+Album+in+More+Than+20+Years%2C+%E2%80%98Milestone%E2%80%99&amp;rft_id=https%3A%2F%2Fultimateclassicrock.com%2F38-special-new-album-release%2F&amp;rfr_id=info%3Asid%2Fen.wikipedia.org%3A38+Special+%28band%29\" class=\"Z3988\"></span></span>\n</li>\n</ol></div></div>\n<div class=\"mw-heading mw-heading2\"><h2 id=\"External_links\">External links</h2></div>\n<ul><li><span class=\"official-website\"><span class=\"url\"><a rel=\"nofollow\" class=\"external text\" href=\"http://www.38special.com\">Official website</a></span></span></li>\n<li><a rel=\"nofollow\" class=\"external text\" href=\"https://www.allmusic.com/artist/mn0000500781\">38 Special</a> at <a href=\"/wiki/AllMusic_(identifier)\" class=\"mw-redirect\" title=\"AllMusic (identifier)\">AllMusic</a> <span class=\"mw-valign-text-top noprint\" typeof=\"mw:File/Frameless\"><a href=\"https://www.wikidata.org/wiki/Q228648#P1728\" title=\"Edit this at Wikidata\"><img alt=\"Edit this at Wikidata\" src=\"//upload.wikimedia.org/wikipedia/en/thumb/8/8a/OOjs_UI_icon_edit-ltr-progressive.svg/20px-OOjs_UI_icon_edit-ltr-progressive.svg.png\" decoding=\"async\" width=\"10\" height=\"10\" class=\"mw-file-element\" data-file-width=\"20\" data-file-height=\"20\" /></a></span></li>\n<li><a rel=\"nofollow\" class=\"external text\" href=\"https://www.discogs.com/artist/38+Special+%282%29\">38 Special</a> discography at <a href=\"/wiki/Discogs\" title=\"Discogs\">Discogs</a></li>\n<li><a rel=\"nofollow\" class=\"external text\" href=\"https://flickr.com/photos/melodicrockconcerts/sets/72157626772866270\">38 Special live photo gallery</a></li>\n<li><a rel=\"nofollow\" class=\"external text\" href=\"https://www.imdb.com/name/nm0817431/\">38 Special</a> at <a href=\"/wiki/IMDb_(identifier)\" class=\"mw-redirect\" title=\"IMDb (identifier)\">IMDb</a></li></ul>\n<div class=\"navbox-styles\"><link rel=\"mw-deduplicated-inline-style\" href=\"mw-data:TemplateStyles:r1129693374\" /><style data-mw-deduplicate=\"TemplateStyles:r1236075235\">.mw-parser-output .navbox{box-sizing:border-box;border:1px solid #a2a9b1;width:100%;clear:both;font-size:88%;text-align:center;padding:1px;margin:1em auto 0}.mw-parser-output .navbox .navbox{margin-top:0}.mw-parser-output .navbox+.navbox,.mw-parser-output .navbox+.navbox-styles+.navbox{margin-top:-1px}.mw-parser-output .navbox-inner,.mw-parser-output .navbox-subgroup{width:100%}.mw-parser-output .navbox-group,.mw-parser-output .navbox-title,.mw-parser-output .navbox-abovebelow{padding:0.25em 1em;line-height:1.5em;text-align:center}.mw-parser-output .navbox-group{white-space:nowrap;text-align:right}.mw-parser-output .navbox,.mw-parser-output .navbox-subgroup{background-color:#fdfdfd}.mw-parser-output .navbox-list{line-height:1.5em;border-color:#fdfdfd}.mw-parser-output .navbox-list-with-group{text-align:left;border-left-width:2px;border-left-style:solid}.mw-parser-output tr+tr>.navbox-abovebelow,.mw-parser-output tr+tr>.navbox-group,.mw-parser-output tr+tr>.navbox-image,.mw-parser-output tr+tr>.navbox-list{border-top:2px solid #fdfdfd}.mw-parser-output .navbox-title{background-color:#ccf}.mw-parser-output .navbox-abovebelow,.mw-parser-output .navbox-group,.mw-parser-output .navbox-subgroup .navbox-title{background-color:#ddf}.mw-parser-output .navbox-subgroup .navbox-group,.mw-parser-output .navbox-subgroup .navbox-abovebelow{background-color:#e6e6ff}.mw-parser-output .navbox-even{background-color:#f7f7f7}.mw-parser-output .navbox-odd{background-color:transparent}.mw-parser-output .navbox .hlist td dl,.mw-parser-output .navbox .hlist td ol,.mw-parser-output .navbox .hlist td ul,.mw-parser-output .navbox td.hlist dl,.mw-parser-output .navbox td.hlist ol,.mw-parser-output .navbox td.hlist ul{padding:0.125em 0}.mw-parser-output .navbox .navbar{display:block;font-size:100%}.mw-parser-output .navbox-title .navbar{float:left;text-align:left;margin-right:0.5em}body.skin--responsive .mw-parser-output .navbox-image img{max-width:none!important}@media print{body.ns-0 .mw-parser-output .navbox{display:none!important}}</style><style data-mw-deduplicate=\"TemplateStyles:r1256394678\">@media screen{.mw-parser-output .navbox-musical-artist-solo .navbox-title{background-color:#f0e68c}.mw-parser-output .navbox-musical-artist-non-vocal .navbox-title{background-color:#f4bf92}.mw-parser-output .navbox-musical-artist-non-perform .navbox-title{background-color:#bfe0bf}.mw-parser-output .navbox-musical-artist-group .navbox-title{background-color:#b0c4de}.mw-parser-output .navbox-musical-artist-cover .navbox-title{background-color:#d8bfd8}.mw-parser-output .navbox-musical-artist-classical .navbox-title{background-color:#b0e0e6}.mw-parser-output .navbox-musical-artist-temp .navbox-title{background-color:#d3d3d3}.mw-parser-output .navbox-musical-artist .navbox-group,.mw-parser-output .navbox-musical-artist .navbox-abovebelow{background-color:var(--background-color-neutral,#eaecf0)}html.skin-theme-clienpref-night .mw-parser-output .navbox-musical-artist .navbox-title{background-color:inherit}}@media screen and (prefers-color-scheme:dark){html.skin-theme-clienpref-os .mw-parser-output .navbox-musical-artist .navbox-title{background-color:inherit}}</style></div><div role=\"navigation\" class=\"navbox navbox-musical-artist navbox-musical-artist-group\" aria-labelledby=\"38_Special1678\" style=\"padding:3px\"><table class=\"nowraplinks vcard hlist mw-collapsible autocollapse navbox-inner\" style=\"border-spacing:0;background:transparent;color:inherit\"><tbody><tr><th scope=\"col\" class=\"navbox-title\" colspan=\"2\"><link rel=\"mw-deduplicated-inline-style\" href=\"mw-data:TemplateStyles:r1129693374\" /><style data-mw-deduplicate=\"TemplateStyles:r1239400231\">.mw-parser-output .navbar{display:inline;font-size:88%;font-weight:normal}.mw-parser-output .navbar-collapse{float:left;text-align:left}.mw-parser-output .navbar-boxtext{word-spacing:0}.mw-parser-output .navbar ul{display:inline-block;white-space:nowrap;line-height:inherit}.mw-parser-output .navbar-brackets::before{margin-right:-0.125em;content:\"[ \"}.mw-parser-output .navbar-brackets::after{margin-left:-0.125em;content:\" ]\"}.mw-parser-output .navbar li{word-spacing:-0.125em}.mw-parser-output .navbar a>span,.mw-parser-output .navbar a>abbr{text-decoration:inherit}.mw-parser-output .navbar-mini abbr{font-variant:small-caps;border-bottom:none;text-decoration:none;cursor:inherit}.mw-parser-output .navbar-ct-full{font-size:114%;margin:0 7em}.mw-parser-output .navbar-ct-mini{font-size:114%;margin:0 4em}html.skin-theme-clientpref-night .mw-parser-output .navbar li a abbr{color:var(--color-base)!important}@media(prefers-color-scheme:dark){html.skin-theme-clientpref-os .mw-parser-output .navbar li a abbr{color:var(--color-base)!important}}@media print{.mw-parser-output .navbar{display:none!important}}</style><div class=\"navbar plainlinks hlist navbar-mini\"><ul><li class=\"nv-view\"><a href=\"/wiki/Template:38_Special\" title=\"Template:38 Special\"><abbr title=\"View this template\">v</abbr></a></li><li class=\"nv-talk\"><a href=\"/wiki/Template_talk:38_Special\" title=\"Template talk:38 Special\"><abbr title=\"Discuss this template\">t</abbr></a></li><li class=\"nv-edit\"><a href=\"/wiki/Special:EditPage/Template:38_Special\" title=\"Special:EditPage/Template:38 Special\"><abbr title=\"Edit this template\">e</abbr></a></li></ul></div><div id=\"38_Special1678\" class=\"fn org\" style=\"font-size:114%;margin:0 4em\"><a class=\"mw-selflink selflink\">38 Special</a></div></th></tr><tr><td class=\"navbox-abovebelow\" colspan=\"2\"><div>\n<ul><li><b><a href=\"/wiki/Don_Barnes\" title=\"Don Barnes\">Don Barnes</a></b></li>\n<li><b>Bobby Capps</b></li>\n<li><b>Gary Moffatt</b></li>\n<li><b>Barry Dunaway</b></li>\n<li><b><a href=\"/wiki/Jerry_Riggs\" title=\"Jerry Riggs\">Jerry Riggs</a></b></li></ul>\n<ul><li><a href=\"/wiki/Donnie_Van_Zant\" title=\"Donnie Van Zant\">Donnie Van Zant</a></li>\n<li>Jeff Carlisi</li>\n<li>Jack Grondin</li>\n<li>Steve Brookins</li>\n<li><a href=\"/wiki/Ken_Lyons\" title=\"Ken Lyons\">Ken Lyons</a></li>\n<li><a href=\"/wiki/Larry_Junstrom\" title=\"Larry Junstrom\">Larry Junstrom</a></li>\n<li>Steve McRay</li>\n<li><a href=\"/wiki/Max_Carl\" title=\"Max Carl\">Max Carl</a></li>\n<li><a href=\"/wiki/Danny_Chauncey\" title=\"Danny Chauncey\">Danny Chauncey</a></li>\n<li>Scott Meeder</li>\n<li><a href=\"/wiki/Scott_Hoffman\" title=\"Scott Hoffman\">Scott Hoffman</a></li></ul>\n</div></td></tr><tr><th scope=\"row\" class=\"navbox-group\" style=\"width:1%\">Studio albums</th><td class=\"navbox-list-with-group navbox-list navbox-odd\" style=\"width:100%;padding:0\"><div style=\"padding:0 0.25em\">\n<ul><li><i><a href=\"/wiki/38_Special_(album)\" title=\"38 Special (album)\">38 Special</a></i></li>\n<li><i><a href=\"/wiki/Special_Delivery_(38_Special_album)\" title=\"Special Delivery (38 Special album)\">Special Delivery</a></i></li>\n<li><i><a href=\"/wiki/Rockin%27_into_the_Night\" title=\"Rockin&#39; into the Night\">Rockin' into the Night</a></i></li>\n<li><i><a href=\"/wiki/Wild-Eyed_Southern_Boys\" title=\"Wild-Eyed Southern Boys\">Wild-Eyed Southern Boys</a></i></li>\n<li><i><a href=\"/wiki/Special_Forces_(38_Special_album)\" title=\"Special Forces (38 Special album)\">Special Forces</a></i></li>\n<li><i><a href=\"/wiki/Tour_de_Force_(38_Special_album)\" title=\"Tour de Force (38 Special album)\">Tour de Force</a></i></li>\n<li><i><a href=\"/wiki/Strength_in_Numbers_(38_Special_album)\" title=\"Strength in Numbers (38 Special album)\">Strength in Numbers</a></i></li>\n<li><i><a href=\"/wiki/Rock_%26_Roll_Strategy\" title=\"Rock &amp; Roll Strategy\">Rock &amp; Roll Strategy</a></i></li>\n<li><i><a href=\"/wiki/Bone_Against_Steel\" title=\"Bone Against Steel\">Bone Against Steel</a></i></li>\n<li><i><a class=\"mw-selflink selflink\">Resolution</a></i></li>\n<li><i><a href=\"/wiki/A_Wild-Eyed_Christmas_Night\" title=\"A Wild-Eyed Christmas Night\">A Wild-Eyed Christmas Night</a></i></li>\n<li><i><a href=\"/wiki/Drivetrain_(album)\" title=\"Drivetrain (album)\">Drivetrain</a></i></li></ul>\n</div></td></tr><tr><th scope=\"row\" class=\"navbox-group\" style=\"width:1%\">Live albums</th><td class=\"navbox-list-with-group navbox-list navbox-even\" style=\"width:100%;padding:0\"><div style=\"padding:0 0.25em\">\n<ul><li><i><a href=\"/wiki/Live_at_Sturgis\" title=\"Live at Sturgis\">Live at Sturgis</a></i></li>\n<li><i><a href=\"/wiki/38_Special_Live_from_Texas\" title=\"38 Special Live from Texas\">38 Special Live from Texas</a></i></li></ul>\n</div></td></tr><tr><th scope=\"row\" class=\"navbox-group\" style=\"width:1%\">Compilations</th><td class=\"navbox-list-with-group navbox-list navbox-odd\" style=\"width:100%;padding:0\"><div style=\"padding:0 0.25em\">\n<ul><li><i><a href=\"/wiki/Flashback:_The_Best_of_38_Special\" title=\"Flashback: The Best of 38 Special\">Flashback: The Best of 38 Special</a></i></li></ul>\n</div></td></tr><tr><th scope=\"row\" class=\"navbox-group\" style=\"width:1%\">Singles</th><td class=\"navbox-list-with-group navbox-list navbox-even\" style=\"width:100%;padding:0\"><div style=\"padding:0 0.25em\">\n<ul><li>\"<a href=\"/wiki/Rockin%27_into_the_Night_(song)\" title=\"Rockin&#39; into the Night (song)\">Rockin' into the Night</a>\"</li>\n<li>\"<a href=\"/wiki/Hold_On_Loosely\" title=\"Hold On Loosely\">Hold On Loosely</a>\"</li>\n<li>\"<a href=\"/wiki/Fantasy_Girl\" title=\"Fantasy Girl\">Fantasy Girl</a>\"</li>\n<li>\"<a href=\"/wiki/Wild-Eyed_Southern_Boys_(song)\" title=\"Wild-Eyed Southern Boys (song)\">Wild-Eyed Southern Boys</a>\"</li>\n<li>\"<a href=\"/wiki/Caught_Up_in_You\" title=\"Caught Up in You\">Caught Up in You</a>\"</li>\n<li>\"<a href=\"/wiki/You_Keep_Runnin%27_Away\" title=\"You Keep Runnin&#39; Away\">You Keep Runnin' Away</a>\"</li>\n<li>\"<a href=\"/wiki/If_I%27d_Been_the_One\" title=\"If I&#39;d Been the One\">If I'd Been the One</a>\"</li>\n<li>\"<a href=\"/wiki/Back_Where_You_Belong\" title=\"Back Where You Belong\">Back Where You Belong</a>\"</li>\n<li>\"<a href=\"/wiki/Teacher,_Teacher_(38_Special_song)\" title=\"Teacher, Teacher (38 Special song)\">Teacher, Teacher</a>\"</li>\n<li>\"<a href=\"/wiki/Like_No_Other_Night\" title=\"Like No Other Night\">Like No Other Night</a>\"</li>\n<li>\"<a href=\"/wiki/Back_to_Paradise\" title=\"Back to Paradise\">Back to Paradise</a>\"</li>\n<li>\"<a href=\"/wiki/Second_Chance_(38_Special_song)\" title=\"Second Chance (38 Special song)\">Second Chance</a>\"</li></ul>\n</div></td></tr><tr><th scope=\"row\" class=\"navbox-group\" style=\"width:1%\">Related articles</th><td class=\"navbox-list-with-group navbox-list navbox-odd\" style=\"width:100%;padding:0\"><div style=\"padding:0 0.25em\">\n<ul><li><a href=\"/wiki/38_Special_discography\" title=\"38 Special discography\">Discography</a></li>\n<li><a href=\"/wiki/Lynyrd_Skynyrd\" title=\"Lynyrd Skynyrd\">Lynyrd Skynyrd</a></li>\n<li><a href=\"/wiki/Van_Zant_(duo)\" title=\"Van Zant (duo)\">Van Zant (duo)</a></li></ul>\n</div></td></tr></tbody></table></div>\n<div class=\"navbox-styles\"><link rel=\"mw-deduplicated-inline-style\" href=\"mw-data:TemplateStyles:r1129693374\" /><link rel=\"mw-deduplicated-inline-style\" href=\"mw-data:TemplateStyles:r1236075235\" /></div><div role=\"navigation\" class=\"navbox authority-control\" aria-labelledby=\"Authority_control_databases_frameless&amp;#124;text-top&amp;#124;10px&amp;#124;alt=Edit_this_at_Wikidata&amp;#124;link=https&amp;#58;//www.wikidata.org/wiki/Q228648#identifiers&amp;#124;class=noprint&amp;#124;Edit_this_at_Wikidata884\" style=\"padding:3px\"><table class=\"nowraplinks hlist mw-collapsible autocollapse navbox-inner\" style=\"border-spacing:0;background:transparent;color:inherit\"><tbody><tr><th scope=\"col\" class=\"navbox-title\" colspan=\"2\"><div id=\"Authority_control_databases_frameless&amp;#124;text-top&amp;#124;10px&amp;#124;alt=Edit_this_at_Wikidata&amp;#124;link=https&amp;#58;//www.wikidata.org/wiki/Q228648#identifiers&amp;#124;class=noprint&amp;#124;Edit_this_at_Wikidata884\" style=\"font-size:114%;margin:0 4em\"><a href=\"/wiki/Help:Authority_control\" title=\"Help:Authority control\">Authority control databases</a> <span class=\"mw-valign-text-top noprint\" typeof=\"mw:File/Frameless\"><a href=\"https://www.wikidata.org/wiki/Q228648#identifiers\" title=\"Edit this at Wikidata\"><img alt=\"Edit this at Wikidata\" src=\"//upload.wikimedia.org/wikipedia/en/thumb/8/8a/OOjs_UI_icon_edit-ltr-progressive.svg/20px-OOjs_UI_icon_edit-ltr-progressive.svg.png\" decoding=\"async\" width=\"10\" height=\"10\" class=\"mw-file-element\" data-file-width=\"20\" data-file-height=\"20\" /></a></span></div></th></tr><tr><th scope=\"row\" class=\"navbox-group\" style=\"width:1%\">International</th><td class=\"navbox-list-with-group navbox-list navbox-odd\" style=\"width:100%;padding:0\"><div style=\"padding:0 0.25em\"><ul><li><span class=\"uid\"><a rel=\"nofollow\" class=\"external text\" href=\"https://isni.org/isni/0000000121502526\">ISNI</a></span></li><li><span class=\"uid\"><a rel=\"nofollow\" class=\"external text\" href=\"https://viaf.org/viaf/123300093\">VIAF</a></span></li></ul></div></td></tr><tr><th scope=\"row\" class=\"navbox-group\" style=\"width:1%\">National</th><td class=\"navbox-list-with-group navbox-list navbox-even\" style=\"width:100%;padding:0\"><div style=\"padding:0 0.25em\"><ul><li><span class=\"uid\"><a rel=\"nofollow\" class=\"external text\" href=\"https://id.loc.gov/authorities/n91073992\">United States</a></span></li><li><span class=\"uid\"><a rel=\"nofollow\" class=\"external text\" href=\"https://catalogue.bnf.fr/ark:/12148/cb13907651c\">France</a></span></li><li><span class=\"uid\"><a rel=\"nofollow\" class=\"external text\" href=\"https://data.bnf.fr/ark:/12148/cb13907651c\">BnF data</a></span></li></ul></div></td></tr><tr><th scope=\"row\" class=\"navbox-group\" style=\"width:1%\">Artists</th><td class=\"navbox-list-with-group navbox-list navbox-odd\" style=\"width:100%;padding:0\"><div style=\"padding:0 0.25em\"><ul><li><span class=\"uid\"><a rel=\"nofollow\" class=\"external text\" href=\"https://musicbrainz.org/artist/0330a83d-f61e-4989-adb3-afce3943c3ba\">MusicBrainz</a></span></li></ul></div></td></tr></tbody></table></div>\n<!-- \nNewPP limit report\nParsed by mw‐api‐int.codfw.main‐6c68bbcfc7‐5228n\nCached time: 20250928050351\nCache expiry: 2592000\nReduced expiry: false\nComplications: [vary‐revision‐sha1, show‐toc]\nCPU time usage: 0.568 seconds\nReal time usage: 0.732 seconds\nPreprocessor visited node count: 4162/1000000\nRevision size: 29523/2097152 bytes\nPost‐expand include size: 82139/2097152 bytes\nTemplate argument size: 9710/2097152 bytes\nHighest expansion depth: 12/100\nExpensive parser function count: 7/500\nUnstrip recursion depth: 1/20\nUnstrip post‐expand size: 75005/5000000 bytes\nLua time usage: 0.324/10.000 seconds\nLua memory usage: 8004526/52428800 bytes\nNumber of Wikibase entities loaded: 1/500\n-->\n<!--\nTransclusion expansion time report (%,ms,calls,template)\n100.00%  639.796      1 -total\n 20.55%  131.484      2 Template:Reflist\n 15.72%  100.567     12 Template:Cite_web\n 13.50%   86.351      1 Template:Infobox_musical_artist\n 12.82%   82.031      1 Template:Infobox\n  9.56%   61.189      1 Template:38_Special\n  9.43%   60.341      9 Template:Citation_needed\n  9.31%   59.594      1 Template:Navbox_Musical_artist\n  8.67%   55.455      1 Template:More_citations_needed\n  8.62%   55.178      1 Template:Short_description\n-->\n\n<!-- Saved in parser cache with key enwiki:pcache:173058:|#|:idhash:canonical and timestamp 20250928050351 and revision id 1312331305. Rendering was triggered because: api-parse\n -->\n</div>"
        }
    }
}