{
    "parse": {
        "title": "Ambrosia (band)",
        "pageid": 1037735,
        "text": {
            "*": "<div class=\"mw-content-ltr mw-parser-output\" lang=\"en\" dir=\"ltr\"><div class=\"shortdescription nomobile noexcerpt noprint searchaux\" style=\"display:none\">American rock band</div>\n<p class=\"mw-empty-elt\">\n</p>\n<style data-mw-deduplicate=\"TemplateStyles:r1126788409\">.mw-parser-output .plainlist ol,.mw-parser-output .plainlist ul{line-height:inherit;list-style:none;margin:0;padding:0}.mw-parser-output .plainlist ol li,.mw-parser-output .plainlist ul li{margin-bottom:0}</style><style data-mw-deduplicate=\"TemplateStyles:r1295905060\">.mw-parser-output .infobox-subbox{padding:0;border:none;margin:-3px;width:auto;min-width:100%;font-size:100%;clear:none;float:none;background-color:transparent}.mw-parser-output .infobox-3cols-child{margin:auto}.mw-parser-output .infobox .navbar{font-size:100%}@media screen{html.skin-theme-clientpref-night .mw-parser-output .infobox-full-data:not(.notheme)>div:not(.notheme)[style]{background:#1f1f23!important;color:#f8f9fa}}@media screen and (prefers-color-scheme:dark){html.skin-theme-clientpref-os .mw-parser-output .infobox-full-data:not(.notheme)>div:not(.notheme)[style]{background:#1f1f23!important;color:#f8f9fa}}@media(min-width:640px){body.skin--responsive .mw-parser-output .infobox-table{display:table!important}body.skin--responsive .mw-parser-output .infobox-table>caption{display:table-caption!important}body.skin--responsive .mw-parser-output .infobox-table>tbody{display:table-row-group}body.skin--responsive .mw-parser-output .infobox-table th,body.skin--responsive .mw-parser-output .infobox-table td{padding-left:inherit;padding-right:inherit}}</style><table class=\"infobox vcard plainlist\"><tbody><tr><th colspan=\"2\" class=\"infobox-above\" style=\"color: #202122;background-color: #b0c4de; font-size: 125%;\"><div class=\"\">Ambrosia</div></th></tr><tr><td colspan=\"2\" class=\"infobox-image\"><span typeof=\"mw:File\"><a href=\"/wiki/File:Ambrosia1.jpg\" class=\"mw-file-description\" title=\"Founding Members of Ambrosia in 1975 From left to right: Joe Puerta, Burleigh Drummond, David Pack. Bottom: Christopher North\"><img alt=\"Founding Members of Ambrosia in 1975 From left to right: Joe Puerta, Burleigh Drummond, David Pack. Bottom: Christopher North\" src=\"//upload.wikimedia.org/wikipedia/commons/thumb/3/37/Ambrosia1.jpg/330px-Ambrosia1.jpg\" decoding=\"async\" width=\"275\" height=\"267\" class=\"mw-file-element\" srcset=\"//upload.wikimedia.org/wikipedia/commons/thumb/3/37/Ambrosia1.jpg/500px-Ambrosia1.jpg 1.5x, //upload.wikimedia.org/wikipedia/commons/thumb/3/37/Ambrosia1.jpg/960px-Ambrosia1.jpg 2x\" data-file-width=\"2686\" data-file-height=\"2610\" /></a></span><div class=\"infobox-caption\">Founding Members of Ambrosia in 1975<br />From left to right: <a href=\"/wiki/Joe_Puerta\" title=\"Joe Puerta\">Joe Puerta</a>, <a href=\"/wiki/Burleigh_Drummond\" title=\"Burleigh Drummond\">Burleigh Drummond</a>, <a href=\"/wiki/David_Pack\" title=\"David Pack\">David Pack</a>. Bottom: <a href=\"/wiki/Christopher_North_(Ambrosia)\" title=\"Christopher North (Ambrosia)\">Christopher North</a></div></td></tr><tr><th colspan=\"2\" class=\"infobox-header\" style=\"color: #202122;background-color: #b0c4de\">Background information</th></tr><tr><th scope=\"row\" class=\"infobox-label\">Origin</th><td class=\"infobox-data\"><a href=\"/wiki/Los_Angeles\" title=\"Los Angeles\">Los Angeles</a>, <a href=\"/wiki/California\" title=\"California\">California</a>, U.S.</td></tr><tr><th scope=\"row\" class=\"infobox-label\">Genres</th><td class=\"infobox-data\"><style data-mw-deduplicate=\"TemplateStyles:r1129693374\">.mw-parser-output .hlist dl,.mw-parser-output .hlist ol,.mw-parser-output .hlist ul{margin:0;padding:0}.mw-parser-output .hlist dd,.mw-parser-output .hlist dt,.mw-parser-output .hlist li{margin:0;display:inline}.mw-parser-output .hlist.inline,.mw-parser-output .hlist.inline dl,.mw-parser-output .hlist.inline ol,.mw-parser-output .hlist.inline ul,.mw-parser-output .hlist dl dl,.mw-parser-output .hlist dl ol,.mw-parser-output .hlist dl ul,.mw-parser-output .hlist ol dl,.mw-parser-output .hlist ol ol,.mw-parser-output .hlist ol ul,.mw-parser-output .hlist ul dl,.mw-parser-output .hlist ul ol,.mw-parser-output .hlist ul ul{display:inline}.mw-parser-output .hlist .mw-empty-li{display:none}.mw-parser-output .hlist dt::after{content:\": \"}.mw-parser-output .hlist dd::after,.mw-parser-output .hlist li::after{content:\" · \";font-weight:bold}.mw-parser-output .hlist dd:last-child::after,.mw-parser-output .hlist dt:last-child::after,.mw-parser-output .hlist li:last-child::after{content:none}.mw-parser-output .hlist dd dd:first-child::before,.mw-parser-output .hlist dd dt:first-child::before,.mw-parser-output .hlist dd li:first-child::before,.mw-parser-output .hlist dt dd:first-child::before,.mw-parser-output .hlist dt dt:first-child::before,.mw-parser-output .hlist dt li:first-child::before,.mw-parser-output .hlist li dd:first-child::before,.mw-parser-output .hlist li dt:first-child::before,.mw-parser-output .hlist li li:first-child::before{content:\" (\";font-weight:normal}.mw-parser-output .hlist dd dd:last-child::after,.mw-parser-output .hlist dd dt:last-child::after,.mw-parser-output .hlist dd li:last-child::after,.mw-parser-output .hlist dt dd:last-child::after,.mw-parser-output .hlist dt dt:last-child::after,.mw-parser-output .hlist dt li:last-child::after,.mw-parser-output .hlist li dd:last-child::after,.mw-parser-output .hlist li dt:last-child::after,.mw-parser-output .hlist li li:last-child::after{content:\")\";font-weight:normal}.mw-parser-output .hlist ol{counter-reset:listitem}.mw-parser-output .hlist ol>li{counter-increment:listitem}.mw-parser-output .hlist ol>li::before{content:\" \"counter(listitem)\"\\a0 \"}.mw-parser-output .hlist dd ol>li:first-child::before,.mw-parser-output .hlist dt ol>li:first-child::before,.mw-parser-output .hlist li ol>li:first-child::before{content:\" (\"counter(listitem)\"\\a0 \"}</style><div class=\"hlist\">\n<ul><li><a href=\"/wiki/Progressive_rock\" title=\"Progressive rock\">Progressive rock</a></li>\n<li><a href=\"/wiki/Soft_rock\" title=\"Soft rock\">soft rock</a></li>\n<li><a href=\"/wiki/Jazz_fusion\" title=\"Jazz fusion\">jazz fusion</a></li>\n<li><a href=\"/wiki/Blue-eyed_soul\" title=\"Blue-eyed soul\">blue-eyed soul</a></li></ul>\n</div></td></tr><tr><th scope=\"row\" class=\"infobox-label\"><span class=\"nowrap\">Years active</span></th><td class=\"infobox-data\">1970–1982, 1989–present</td></tr><tr><th scope=\"row\" class=\"infobox-label\">Labels</th><td class=\"infobox-data\"><link rel=\"mw-deduplicated-inline-style\" href=\"mw-data:TemplateStyles:r1129693374\" /><div class=\"hlist\">\n<ul><li><a href=\"/wiki/20th_Century_Records\" class=\"mw-redirect\" title=\"20th Century Records\">20th Century Fox</a></li>\n<li><a href=\"/wiki/Warner_Bros._Records\" class=\"mw-redirect\" title=\"Warner Bros. Records\">Warner Bros.</a></li>\n<li><a href=\"/wiki/Collectables_Records\" title=\"Collectables Records\">Collectables</a></li></ul>\n</div></td></tr><tr><th colspan=\"2\" class=\"infobox-header\" style=\"color: #202122;background-color: #b0c4de\"></th></tr><tr><th scope=\"row\" class=\"infobox-label\">Members</th><td class=\"infobox-data\"><a href=\"/wiki/Joe_Puerta\" title=\"Joe Puerta\">Joe Puerta</a><br /><a href=\"/wiki/Burleigh_Drummond\" title=\"Burleigh Drummond\">Burleigh Drummond</a><br /><a href=\"/wiki/Christopher_North_(Ambrosia)\" title=\"Christopher North (Ambrosia)\">Christopher North</a><br />Shem von Schroeck<br /><a href=\"/wiki/Doug_Jackson_(musician)\" title=\"Doug Jackson (musician)\">Doug Jackson</a><br /><a href=\"/wiki/Mary_Harris_(musician)\" title=\"Mary Harris (musician)\">Mary Harris</a></td></tr><tr><th colspan=\"2\" class=\"infobox-header\" style=\"color: #202122;background-color: #b0c4de\"></th></tr><tr><th scope=\"row\" class=\"infobox-label\"><span class=\"nowrap\">Past members</span></th><td class=\"infobox-data\"><a href=\"/wiki/David_Pack\" title=\"David Pack\">David Pack</a><br />Rick Cowling<br /><a href=\"/wiki/David_C._Lewis_(musician)\" title=\"David C. Lewis (musician)\">David C. Lewis</a><br /><a href=\"/wiki/Royce_Jones\" title=\"Royce Jones\">Royce Jones</a><br /><a href=\"/wiki/Bruce_Hornsby\" title=\"Bruce Hornsby\">Bruce Hornsby</a><br />Cliff Woolley<br /><a href=\"/wiki/Tollak_Ollestad\" title=\"Tollak Ollestad\">Tollak Ollestad</a><br /><a href=\"/wiki/Robert_Berry\" title=\"Robert Berry\">Robert Berry</a><br /><a href=\"/wiki/Ken_Stacey\" title=\"Ken Stacey\">Ken Stacey</a><br /><a href=\"/wiki/Kipp_Lennon\" title=\"Kipp Lennon\">Kipp Lennon</a></td></tr><tr><th colspan=\"2\" class=\"infobox-header\" style=\"color: #202122;background-color: #b0c4de\"></th></tr><tr><th scope=\"row\" class=\"infobox-label\">Website</th><td class=\"infobox-data\"><span class=\"url\"><a rel=\"nofollow\" class=\"external text\" href=\"http://www.ambrosialive.net/\">www<wbr />.ambrosialive<wbr />.net</a></span></td></tr></tbody></table>\n<p><b>Ambrosia</b> is an American <a href=\"/wiki/Rock_music\" title=\"Rock music\">rock</a> band formed in <a href=\"/wiki/Los_Angeles\" title=\"Los Angeles\">Los Angeles</a> in 1970. Ambrosia had five Top 40 hit singles released between 1975 and 1980, including the Top 5 hits \"<a href=\"/wiki/How_Much_I_Feel\" title=\"How Much I Feel\">How Much I Feel</a>\" and \"<a href=\"/wiki/Biggest_Part_of_Me\" title=\"Biggest Part of Me\">Biggest Part of Me</a>\", and Top 20 hits \"<a href=\"/wiki/You%27re_the_Only_Woman_(You_%26_I)\" title=\"You&#39;re the Only Woman (You &amp; I)\">You're the Only Woman (You &amp; I)</a>\" and \"<a href=\"/wiki/Holdin%27_on_to_Yesterday\" title=\"Holdin&#39; on to Yesterday\">Holdin' on to Yesterday</a>\". Most of the original band members have been active with the group continuously since their 1989 reformation to the present day, with the notable exception of original guitarist and lead vocalist <a href=\"/wiki/David_Pack\" title=\"David Pack\">David Pack</a> who left in 2000.\n</p><p>Ambrosia currently tours internationally and has worked in the past and present with <a href=\"/wiki/Alan_Parsons\" title=\"Alan Parsons\">Alan Parsons</a>, <a href=\"/wiki/Bruce_Hornsby\" title=\"Bruce Hornsby\">Bruce Hornsby</a>, <a href=\"/wiki/Bill_Champlin\" title=\"Bill Champlin\">Bill Champlin</a>, <a href=\"/wiki/Michael_McDonald_(singer)\" class=\"mw-redirect\" title=\"Michael McDonald (singer)\">Michael McDonald</a>, and <a href=\"/wiki/Peter_Beckett\" title=\"Peter Beckett\">Peter Beckett</a> among other notable artists.<sup id=\"cite_ref-Billboard_Chart_1-0\" class=\"reference\"><a href=\"#cite_note-Billboard_Chart-1\"><span class=\"cite-bracket\">&#91;</span>1<span class=\"cite-bracket\">&#93;</span></a></sup>\n</p>\n\n<div class=\"mw-heading mw-heading2\"><h2 id=\"Formation\">Formation</h2></div>\n<p>The group was founded as a quartet with guitarist/vocalist <a href=\"/wiki/David_Pack\" title=\"David Pack\">David Pack</a>, bassist/vocalist <a href=\"/wiki/Joe_Puerta\" title=\"Joe Puerta\">Joe Puerta</a>, keyboardist <a href=\"/wiki/Christopher_North_(Ambrosia)\" title=\"Christopher North (Ambrosia)\">Christopher North</a> and drummer <a href=\"/wiki/Burleigh_Drummond\" title=\"Burleigh Drummond\">Burleigh Drummond</a>.<sup id=\"cite_ref-AllMusic_2-0\" class=\"reference\"><a href=\"#cite_note-AllMusic-2\"><span class=\"cite-bracket\">&#91;</span>2<span class=\"cite-bracket\">&#93;</span></a></sup>  According to Joe Puerta,<sup id=\"cite_ref-JamesPetrecca_3-0\" class=\"reference\"><a href=\"#cite_note-JamesPetrecca-3\"><span class=\"cite-bracket\">&#91;</span>3<span class=\"cite-bracket\">&#93;</span></a></sup><sup id=\"cite_ref-DecadesTV_4-0\" class=\"reference\"><a href=\"#cite_note-DecadesTV-4\"><span class=\"cite-bracket\">&#91;</span>4<span class=\"cite-bracket\">&#93;</span></a></sup> their original name was \"Ambergris Mite,\" but after doing some touring they discovered there was already a band using the name \"Ambergris,\" so they turned to the dictionary and picked the name \"Ambrosia\" because a name meaning \"nectar of the gods\" seemed fitting.<sup id=\"cite_ref-After5_5-0\" class=\"reference\"><a href=\"#cite_note-After5-5\"><span class=\"cite-bracket\">&#91;</span>5<span class=\"cite-bracket\">&#93;</span></a></sup> While Ambrosia had several radio hits in the 1970s, much of the material on their five albums is <a href=\"/wiki/Progressive_rock\" title=\"Progressive rock\">progressive</a> in nature.\n</p><p>The founding constituents of Ambrosia were reared in <a href=\"/wiki/Southern_California\" title=\"Southern California\">Southern California</a>'s <a href=\"/wiki/South_Bay,_Los_Angeles\" class=\"mw-redirect\" title=\"South Bay, Los Angeles\">South Bay</a>, later adopting <a href=\"/wiki/San_Pedro,_Los_Angeles\" title=\"San Pedro, Los Angeles\">San Pedro</a> as their hometown. Their initial musical influences, like many of their generation, came from <a href=\"/wiki/The_Beach_Boys\" title=\"The Beach Boys\">the Beach Boys</a>, <a href=\"/wiki/Jimmy_Reed\" title=\"Jimmy Reed\">Jimmy Reed</a>, <a href=\"/wiki/King_Crimson\" title=\"King Crimson\">King Crimson</a>, and <a href=\"/wiki/The_Beatles\" title=\"The Beatles\">the Beatles</a>. Ambrosia fused <a href=\"/wiki/Symphony\" title=\"Symphony\">symphonic</a> <a href=\"/wiki/Art_rock\" title=\"Art rock\">art rock</a> with a slickly produced pop sound,<sup id=\"cite_ref-preston_6-0\" class=\"reference\"><a href=\"#cite_note-preston-6\"><span class=\"cite-bracket\">&#91;</span>6<span class=\"cite-bracket\">&#93;</span></a></sup> resulting in a \"melodic prog\" style.\n</p><p>Early on, the band was infatuated with <a href=\"/wiki/Crosby,_Stills,_Nash,_%26_Young\" class=\"mw-redirect\" title=\"Crosby, Stills, Nash, &amp; Young\">Crosby, Stills, Nash, &amp; Young</a> and began to experiment with vocal harmonies.<sup id=\"cite_ref-preston_6-1\" class=\"reference\"><a href=\"#cite_note-preston-6\"><span class=\"cite-bracket\">&#91;</span>6<span class=\"cite-bracket\">&#93;</span></a></sup>\n</p><p>The musicians, inspired by the music and artists of the <a href=\"/wiki/Progressive_rock\" title=\"Progressive rock\">progressive rock</a> era, acquired a significant regional admiration. In 1971, a friend who was doing sound for the <a href=\"/wiki/Hollywood_Bowl\" title=\"Hollywood Bowl\">Hollywood Bowl</a>, invited them to play there on stage to test a new sound system that had been installed. The head engineer in charge at the Bowl was so impressed with the group that he invited them back to attend performances by the Los Angeles <a href=\"/wiki/Philharmonic\" class=\"mw-redirect\" title=\"Philharmonic\">Philharmonic</a>. He introduced them to conductor <a href=\"/wiki/Zubin_Mehta\" title=\"Zubin Mehta\">Zubin Mehta</a>, who featured Ambrosia as part of a so-called All-American Dream Concert.<sup id=\"cite_ref-LarkinGE_7-0\" class=\"reference\"><a href=\"#cite_note-LarkinGE-7\"><span class=\"cite-bracket\">&#91;</span>7<span class=\"cite-bracket\">&#93;</span></a></sup>\n</p>\n<div class=\"mw-heading mw-heading2\"><h2 id=\"Rise_to_fame\">Rise to fame</h2></div>\n<p>Ambrosia auditioned for <a href=\"/wiki/Herb_Alpert\" title=\"Herb Alpert\">Herb Alpert</a> and <a href=\"/wiki/A%26M_Records\" title=\"A&amp;M Records\">A&amp;M Records</a> early in their history, but were signed by <a href=\"/wiki/20th_Century_Fox_Records\" title=\"20th Century Fox Records\">20th Century Fox Records</a> in 1975, who released two albums by the group.<sup id=\"cite_ref-LarkinGE_7-1\" class=\"reference\"><a href=\"#cite_note-LarkinGE-7\"><span class=\"cite-bracket\">&#91;</span>7<span class=\"cite-bracket\">&#93;</span></a></sup>\n</p><p>Their first album, <i><a href=\"/wiki/Ambrosia_(album)\" title=\"Ambrosia (album)\">Ambrosia</a></i>, produced by Freddie Piro, was released in February 1975.<sup id=\"cite_ref-LarkinGE_7-2\" class=\"reference\"><a href=\"#cite_note-LarkinGE-7\"><span class=\"cite-bracket\">&#91;</span>7<span class=\"cite-bracket\">&#93;</span></a></sup> It spawned the top 20 chart single \"Holdin' On to Yesterday\", as well as \"Nice, Nice, Very Nice\".<sup id=\"cite_ref-LarkinGE_7-3\" class=\"reference\"><a href=\"#cite_note-LarkinGE-7\"><span class=\"cite-bracket\">&#91;</span>7<span class=\"cite-bracket\">&#93;</span></a></sup> The latter sets to music the lyrics to a poem in <a href=\"/wiki/Kurt_Vonnegut\" title=\"Kurt Vonnegut\">Kurt Vonnegut</a>'s <i><a href=\"/wiki/Cat%27s_Cradle\" title=\"Cat&#39;s Cradle\">Cat's Cradle</a></i>.<sup id=\"cite_ref-LarkinGE_7-4\" class=\"reference\"><a href=\"#cite_note-LarkinGE-7\"><span class=\"cite-bracket\">&#91;</span>7<span class=\"cite-bracket\">&#93;</span></a></sup> The album was nominated for a <a href=\"/wiki/Grammy_Award\" class=\"mw-redirect\" title=\"Grammy Award\">Grammy Award</a> for Best Engineered Recording (other than Classical). <a href=\"/wiki/Alan_Parsons\" title=\"Alan Parsons\">Alan Parsons</a> was the engineer for Ambrosia's first album and the producer for their second.<sup id=\"cite_ref-preston_6-2\" class=\"reference\"><a href=\"#cite_note-preston-6\"><span class=\"cite-bracket\">&#91;</span>6<span class=\"cite-bracket\">&#93;</span></a></sup> All four members of Ambrosia played on the first <a href=\"/wiki/Alan_Parsons_Project\" class=\"mw-redirect\" title=\"Alan Parsons Project\">Alan Parsons Project</a> album, <i><a href=\"/wiki/Tales_of_Mystery_and_Imagination_(Alan_Parsons_Project_album)\" title=\"Tales of Mystery and Imagination (Alan Parsons Project album)\">Tales of Mystery and Imagination</a></i>, which was recorded soon after Ambrosia's first album. David Pack later appeared on the Alan Parsons album <i><a href=\"/wiki/Try_Anything_Once\" title=\"Try Anything Once\">Try Anything Once</a></i> (1993), co-writing, playing, and providing vocals on three songs.\n</p>\n<figure typeof=\"mw:File/Thumb\"><a href=\"/wiki/File:The_music_group_Ambrosia_backstage_in_the_1970s.jpg\" class=\"mw-file-description\"><img src=\"//upload.wikimedia.org/wikipedia/commons/thumb/e/ec/The_music_group_Ambrosia_backstage_in_the_1970s.jpg/330px-The_music_group_Ambrosia_backstage_in_the_1970s.jpg\" decoding=\"async\" width=\"325\" height=\"218\" class=\"mw-file-element\" srcset=\"//upload.wikimedia.org/wikipedia/commons/thumb/e/ec/The_music_group_Ambrosia_backstage_in_the_1970s.jpg/500px-The_music_group_Ambrosia_backstage_in_the_1970s.jpg 1.5x, //upload.wikimedia.org/wikipedia/commons/thumb/e/ec/The_music_group_Ambrosia_backstage_in_the_1970s.jpg/960px-The_music_group_Ambrosia_backstage_in_the_1970s.jpg 2x\" data-file-width=\"1279\" data-file-height=\"856\" /></a><figcaption>Ambrosia backstage in the 1970s. L to R: <a href=\"/wiki/David_Pack\" title=\"David Pack\">David Pack</a>, <a href=\"/wiki/Joe_Puerta\" title=\"Joe Puerta\">Joe Puerta</a>, <a href=\"/wiki/Burleigh_Drummond\" title=\"Burleigh Drummond\">Burleigh Drummond</a>, <a href=\"/wiki/Christopher_North_(Ambrosia)\" title=\"Christopher North (Ambrosia)\">Christopher North</a></figcaption></figure>\n<p>After lengthy touring, the band recorded <i><a href=\"/wiki/Somewhere_I%27ve_Never_Travelled\" title=\"Somewhere I&#39;ve Never Travelled\">Somewhere I've Never Travelled</a></i>, produced by Alan Parsons and released in September 1976. The album yielded the title song and the single \"Can't Let a Woman\", which both became FM favorites, both featuring lush orchestration and vocal arrangements. The record sleeve folded into a large pyramid. <i>Somewhere I've Never Travelled</i> received a Grammy nomination and set the stage for the band's signing to <a href=\"/wiki/Warner_Bros._Records\" class=\"mw-redirect\" title=\"Warner Bros. Records\">Warner Bros. Records</a>.\n</p><p>In 1976 the group recorded <a href=\"/wiki/The_Beatles\" title=\"The Beatles\">the Beatles</a> song \"<a href=\"/wiki/Magical_Mystery_Tour_(song)\" title=\"Magical Mystery Tour (song)\">Magical Mystery Tour</a>\", for the transitory musical documentary, <i><a href=\"/wiki/All_This_and_World_War_II\" title=\"All This and World War II\">All This and World War II</a></i> (November 1976).<sup id=\"cite_ref-LarkinGE_7-5\" class=\"reference\"><a href=\"#cite_note-LarkinGE-7\"><span class=\"cite-bracket\">&#91;</span>7<span class=\"cite-bracket\">&#93;</span></a></sup> The film's soundtrack consisted of different artists providing arrangements of Beatles songs. Their version of \"Magical Mystery Tour\" scored a top 40 hit,<sup id=\"cite_ref-LarkinGE_7-6\" class=\"reference\"><a href=\"#cite_note-LarkinGE-7\"><span class=\"cite-bracket\">&#91;</span>7<span class=\"cite-bracket\">&#93;</span></a></sup> and has since been a staple of their live shows.<sup id=\"cite_ref-huey_8-0\" class=\"reference\"><a href=\"#cite_note-huey-8\"><span class=\"cite-bracket\">&#91;</span>8<span class=\"cite-bracket\">&#93;</span></a></sup>\n</p><p>In August 1978, <i>Life Beyond L.A.</i> was released. It marked a move away from their lush arrangements and introduced a more raw, aggressive jazz/R&amp;B influence. Christopher North, who had family obligations and was not totally happy with the group's shift away from the sound of the first two albums, had left the group in 1977 during the album's recording.<sup id=\"cite_ref-LarkinGE_7-7\" class=\"reference\"><a href=\"#cite_note-LarkinGE-7\"><span class=\"cite-bracket\">&#91;</span>7<span class=\"cite-bracket\">&#93;</span></a></sup>\n</p><p>The year 1978 marked their biggest pop breakthrough with their first Gold single \"<a href=\"/wiki/How_Much_I_Feel\" title=\"How Much I Feel\">How Much I Feel</a>\" from the album, which was a No.&#160;3 hit on the <a href=\"/wiki/Billboard_Hot_100\" title=\"Billboard Hot 100\"><i>Billboard</i> Hot 100</a>.<sup id=\"cite_ref-LarkinGE_7-8\" class=\"reference\"><a href=\"#cite_note-LarkinGE-7\"><span class=\"cite-bracket\">&#91;</span>7<span class=\"cite-bracket\">&#93;</span></a></sup>  Warner Bros advertised the title cut for radio and <i>Life Beyond L.A.</i> started to get significant airplay on radio stations, a few months after the album's release. Extensive touring with <a href=\"/wiki/Fleetwood_Mac\" title=\"Fleetwood Mac\">Fleetwood Mac</a>, <a href=\"/wiki/Heart_(band)\" title=\"Heart (band)\">Heart</a>, and the <a href=\"/wiki/Doobie_Brothers\" class=\"mw-redirect\" title=\"Doobie Brothers\">Doobie Brothers</a>, in addition to major headlining shows, cemented Ambrosia's reputation as a live act.<sup id=\"cite_ref-sonboleh_9-0\" class=\"reference\"><a href=\"#cite_note-sonboleh-9\"><span class=\"cite-bracket\">&#91;</span>9<span class=\"cite-bracket\">&#93;</span></a></sup> For the 1978 touring band, North returned and the group added a second keyboardist, <a href=\"/wiki/David_C._Lewis_(musician)\" title=\"David C. Lewis (musician)\">David C. Lewis</a>, as well as an additional singer, <a href=\"/wiki/Royce_Jones\" title=\"Royce Jones\">Royce Jones</a>, who joined in late 1978.<sup id=\"cite_ref-Lewis_10-0\" class=\"reference\"><a href=\"#cite_note-Lewis-10\"><span class=\"cite-bracket\">&#91;</span>10<span class=\"cite-bracket\">&#93;</span></a></sup>\n</p><p>In April 1980 Warner Bros. released <i>One Eighty</i>, which produced two of the year's biggest hits. The first, \"<a href=\"/wiki/Biggest_Part_of_Me\" title=\"Biggest Part of Me\">Biggest Part of Me</a>\", reached number three for three weeks on the <a href=\"/wiki/Billboard_Hot_100\" title=\"Billboard Hot 100\"><i>Billboard</i> Hot 100</a>,<sup id=\"cite_ref-LarkinGE_7-9\" class=\"reference\"><a href=\"#cite_note-LarkinGE-7\"><span class=\"cite-bracket\">&#91;</span>7<span class=\"cite-bracket\">&#93;</span></a></sup> and crossed over to the soul chart, where it peaked at number thirty-five.<sup id=\"cite_ref-11\" class=\"reference\"><a href=\"#cite_note-11\"><span class=\"cite-bracket\">&#91;</span>11<span class=\"cite-bracket\">&#93;</span></a></sup> The second, another blue-eyed soul hit, \"<a href=\"/wiki/You%27re_the_Only_Woman_(You_%26_I)\" title=\"You&#39;re the Only Woman (You &amp; I)\">You're the Only Woman (You &amp; I)</a>\", reached No.&#160;13 on the <i>Billboard</i> Hot 100. <i>One Eighty</i> earned the band three Grammy nominations, including Best Pop Vocal Group. A headlining world tour followed. For the Japanese leg of the tour, the group was joined by their longtime friend Cliff Woolley (formerly of <a href=\"/wiki/The_Association\" title=\"The Association\">The Association</a>, who had also guested on <i>Life Beyond L.A.</i>) on guitar, harmonica, and backup vocals.\n</p>\n<figure typeof=\"mw:File/Thumb\"><a href=\"/wiki/File:Ambrosia1980.png\" class=\"mw-file-description\"><img src=\"//upload.wikimedia.org/wikipedia/commons/thumb/1/1b/Ambrosia1980.png/330px-Ambrosia1980.png\" decoding=\"async\" width=\"325\" height=\"228\" class=\"mw-file-element\" srcset=\"//upload.wikimedia.org/wikipedia/commons/thumb/1/1b/Ambrosia1980.png/500px-Ambrosia1980.png 1.5x, //upload.wikimedia.org/wikipedia/commons/thumb/1/1b/Ambrosia1980.png/960px-Ambrosia1980.png 2x\" data-file-width=\"1795\" data-file-height=\"1262\" /></a><figcaption>Ambrosia in 1980. L to R: <a href=\"/wiki/Christopher_North_(Ambrosia)\" title=\"Christopher North (Ambrosia)\">Christopher North</a>, <a href=\"/wiki/David_Pack\" title=\"David Pack\">David Pack</a>, <a href=\"/wiki/Royce_Jones\" title=\"Royce Jones\">Royce Jones</a>, <a href=\"/wiki/David_C._Lewis_(musician)\" title=\"David C. Lewis (musician)\">David C. Lewis</a>, <a href=\"/wiki/Burleigh_Drummond\" title=\"Burleigh Drummond\">Burleigh Drummond</a>, <a href=\"/wiki/Joe_Puerta\" title=\"Joe Puerta\">Joe Puerta</a></figcaption></figure>\n<p>The title of the album <i>One Eighty</i> was believed by fans to signal the group's \"180-degree\" change in direction.<sup id=\"cite_ref-sonboleh_9-1\" class=\"reference\"><a href=\"#cite_note-sonboleh-9\"><span class=\"cite-bracket\">&#91;</span>9<span class=\"cite-bracket\">&#93;</span></a></sup> \n</p><p>Also in 1980, the band contributed the song \"Outside\" to the film <i><a href=\"/wiki/Inside_Moves\" title=\"Inside Moves\">Inside Moves</a></i>, and \"Feels So Good to Win\" appeared in the film <i><a href=\"/wiki/Coast_to_Coast_(1980_film)\" title=\"Coast to Coast (1980 film)\">Coast to Coast</a></i> later that same year. The following year they placed another track, \"Poor Rich Boy\" (written by <a href=\"/wiki/Burt_Bacharach\" title=\"Burt Bacharach\">Burt Bacharach</a>), on the soundtrack of the film, <i><a href=\"/wiki/Arthur_(1981_film)\" title=\"Arthur (1981 film)\">Arthur</a></i>.\n</p><p>In 1982, David C. Lewis briefly left the touring group to be replaced by <a href=\"/wiki/Bruce_Hornsby\" title=\"Bruce Hornsby\">Bruce Hornsby</a>, four years before his own rise to stardom. The same year, Ambrosia released their fifth and final studio album, <i>Road Island</i> (May 1982<sup id=\"cite_ref-12\" class=\"reference\"><a href=\"#cite_note-12\"><span class=\"cite-bracket\">&#91;</span>12<span class=\"cite-bracket\">&#93;</span></a></sup>), their first effort without the assistance of Freddie Piro's production company. Produced by <a href=\"/wiki/James_Guthrie_(record_producer)\" class=\"mw-redirect\" title=\"James Guthrie (record producer)\">James Guthrie</a>, the album consisted of intense, driving hard rock (outside of the soft ballad \"Feeling Alive Again\" and the progressive rock closer \"Endings\"). Though it received some airplay with \"How Can You Love Me\", the album was a commercial disappointment. The band broke up afterwards, ending their run of chart success.<sup id=\"cite_ref-sonboleh_9-2\" class=\"reference\"><a href=\"#cite_note-sonboleh-9\"><span class=\"cite-bracket\">&#91;</span>9<span class=\"cite-bracket\">&#93;</span></a></sup>\n</p>\n<div class=\"mw-heading mw-heading2\"><h2 id=\"Later_years\">Later years</h2></div>\n<p>After Ambrosia, David Pack pursued a solo career and produced or worked with many top artists. Pack's 1985 solo album, <i><a href=\"/wiki/Anywhere_You_Go\" title=\"Anywhere You Go\">Anywhere You Go</a></i>, included the song \"Prove Me Wrong\", which also appeared on the soundtrack of the 1985 film <i><a href=\"/wiki/White_Nights_(1985_film)\" title=\"White Nights (1985 film)\">White Nights</a></i>. Joe Puerta became a founding member of <a href=\"/wiki/Bruce_Hornsby_and_the_Range\" class=\"mw-redirect\" title=\"Bruce Hornsby and the Range\">Bruce Hornsby and the Range</a>.\n</p><p>In 1989, Ambrosia reunited with all four original members and began playing live shows again, mostly on the West Coast. They expanded their touring ranks once again with <a href=\"/wiki/Tollak_Ollestad\" title=\"Tollak Ollestad\">Tollak Ollestad</a> (vocals, keyboards, harmonica) and Shem von Schroeck (vocals, percussion, bass, guitar).\n</p><p>In 1995, the band expanded their annual touring schedule. Pack had a conflict and guitarist John DeFaria filled in for him. <a href=\"/wiki/Bernie_Chiaravalle\" title=\"Bernie Chiaravalle\">Bernie Chiaravalle</a> likewise stepped-in in the summer of 1997 and <a href=\"/wiki/Mike_Keneally\" title=\"Mike Keneally\">Mike Keneally</a> did the honors in 1998 and 2000 for the concerts Pack was unable to play. Brian Stiemke subbed for an ill Burleigh Drummond for a few shows in 1997.\n</p><p>In May 1997, Warner Bros. released Ambrosia's greatest hits CD <i>Anthology</i>, which contained tracks from all five albums plus three new tracks. In addition to <i>Anthology</i>, the entire Ambrosia catalog was remastered and released on CD.\n</p><p>The band launched a 30th anniversary tour in 2000. Early the following year, it was announced that Pack had permanently left the band and he was replaced by <a href=\"/wiki/Doug_Jackson_(musician)\" title=\"Doug Jackson (musician)\">Doug Jackson</a>, who had filled in for him for some shows the previous year. Pack's final show with the band was on November 4, 2000, in <a href=\"/wiki/Chandler,_Arizona\" title=\"Chandler, Arizona\">Chandler, Arizona</a>. Jackson was in place on guitar for their 2001 shows, except for one gig at <a href=\"/wiki/Stone_Mountain_Park\" class=\"mw-redirect\" title=\"Stone Mountain Park\">Stone Mountain Park</a> in <a href=\"/wiki/Georgia_(U.S._state)\" title=\"Georgia (U.S. state)\">Georgia</a> on August 25 where Steve Farris (from <a href=\"/wiki/Mr._Mister\" title=\"Mr. Mister\">Mr. Mister</a>) subbed for him.\n</p><p>Ricky Cosentino filled in for Shem for some concerts in 1998, 1999, 2000, and 2003. Shem then left in 2003 to join <a href=\"/wiki/Kenny_Loggins\" title=\"Kenny Loggins\">Kenny Loggins</a>' band. <a href=\"/wiki/Robert_Berry\" title=\"Robert Berry\">Robert Berry</a> (vocals, guitars), formerly of <a href=\"/wiki/3_(1980s_band)\" title=\"3 (1980s band)\">3</a> and <a href=\"/wiki/GTR_(band)\" title=\"GTR (band)\">GTR</a>, joined temporarily in 2004–2005, and singer/guitarist <a href=\"/wiki/Ken_Stacey\" title=\"Ken Stacey\">Ken Stacey</a> became a member in 2005. Shem then returned and he and Stacey alternated with the group for a while.\n</p><p><a href=\"/wiki/Tollak_Ollestad\" title=\"Tollak Ollestad\">Tollak Ollestad</a> left in late 2004 to concentrate on a solo career and relocate to the <a href=\"/wiki/Netherlands\" title=\"Netherlands\">Netherlands</a> where he has had success. David C. Lewis then returned, after having substituted for Ollestad on some 1999 and 2003 gigs. Ollestad remained on call to sub for various band members and came back to play with Ambrosia's spring 2009 tour in place of Lewis and Shem.\n</p><p>Later in 2009, Rick Cowling (formerly with Kenny Loggins) came in on vocals, guitar, and keyboards, though Ollestad still appeared with the band from time to time, most recently in 2010 when Doug Jackson was out playing guitar for <a href=\"/wiki/Gary_Wright\" title=\"Gary Wright\">Gary Wright</a>, and again while Cowling moved over to lead guitar until Jackson's return later in the year.\n</p>\n<div class=\"mw-heading mw-heading2\"><h2 id=\"Current_era\">Current era</h2></div>\n<figure typeof=\"mw:File/Thumb\"><a href=\"/wiki/File:Ambrosia_in_concert_on_May_24,_2014.jpg\" class=\"mw-file-description\"><img src=\"//upload.wikimedia.org/wikipedia/commons/thumb/a/ad/Ambrosia_in_concert_on_May_24%2C_2014.jpg/330px-Ambrosia_in_concert_on_May_24%2C_2014.jpg\" decoding=\"async\" width=\"325\" height=\"243\" class=\"mw-file-element\" srcset=\"//upload.wikimedia.org/wikipedia/commons/thumb/a/ad/Ambrosia_in_concert_on_May_24%2C_2014.jpg/500px-Ambrosia_in_concert_on_May_24%2C_2014.jpg 1.5x, //upload.wikimedia.org/wikipedia/commons/thumb/a/ad/Ambrosia_in_concert_on_May_24%2C_2014.jpg/960px-Ambrosia_in_concert_on_May_24%2C_2014.jpg 2x\" data-file-width=\"2592\" data-file-height=\"1936\" /></a><figcaption>Ambrosia in concert on May 24, 2014. L to R: <a href=\"/wiki/Christopher_North\" class=\"mw-disambig\" title=\"Christopher North\">Christopher North</a>, <a href=\"/wiki/Joe_Puerta\" title=\"Joe Puerta\">Joe Puerta</a>, <a href=\"/wiki/Burleigh_Drummond\" title=\"Burleigh Drummond\">Burleigh Drummond</a>, <a href=\"/wiki/Ken_Stacey\" title=\"Ken Stacey\">Ken Stacey</a>, <a href=\"/wiki/Doug_Jackson_(musician)\" title=\"Doug Jackson (musician)\">Doug Jackson</a>, and <a href=\"/wiki/Mary_Harris_(musician)\" title=\"Mary Harris (musician)\">Mary Harris</a></figcaption></figure>\n<figure class=\"mw-default-size\" typeof=\"mw:File/Thumb\"><a href=\"/wiki/File:Ambrosia_bandmembers_August_3,_2014.jpg\" class=\"mw-file-description\"><img src=\"//upload.wikimedia.org/wikipedia/commons/thumb/d/d4/Ambrosia_bandmembers_August_3%2C_2014.jpg/250px-Ambrosia_bandmembers_August_3%2C_2014.jpg\" decoding=\"async\" width=\"250\" height=\"187\" class=\"mw-file-element\" srcset=\"//upload.wikimedia.org/wikipedia/commons/thumb/d/d4/Ambrosia_bandmembers_August_3%2C_2014.jpg/500px-Ambrosia_bandmembers_August_3%2C_2014.jpg 1.5x\" data-file-width=\"2592\" data-file-height=\"1936\" /></a><figcaption>Ambrosia between sets at an outdoor concert in <a href=\"/wiki/Agoura_Hills,_California\" title=\"Agoura Hills, California\">Agoura Hills, California</a> on August 3, 2014. L to R: Joe Puerta, Ken Stacey, Mary Harris, Christopher North, Doug Jackson, Burleigh Drummond</figcaption></figure>\n<p>Ambrosia appeared on the May 2, 2011 episode of <i><a href=\"/wiki/Late_Night_with_Jimmy_Fallon\" title=\"Late Night with Jimmy Fallon\">Late Night with Jimmy Fallon</a></i> as part of the host's \"<a href=\"/wiki/Yacht_rock\" title=\"Yacht rock\">Yacht Rock</a> 2k11\" theme show, performing \"Biggest Part of Me\" (during the show) and \"How Much I Feel\" (after the formal taping, but put up on the Fallon website).\n</p><p>In 2012, Burleigh Drummond's wife <a href=\"/wiki/Mary_Harris_(musician)\" title=\"Mary Harris (musician)\">Mary Harris</a>, after filling in on a show or two since 2000, became a permanent band member on keyboards and vocals. Harris is also a vocal arranger and songwriter, who has co-written new material for Ambrosia performed onstage. She has previously worked in varied capacities with <a href=\"/wiki/Pink_Floyd\" title=\"Pink Floyd\">Pink Floyd</a>, <a href=\"/wiki/XTC\" title=\"XTC\">XTC</a>, <a href=\"/wiki/Stanley_Clarke\" title=\"Stanley Clarke\">Stanley Clarke</a> and for many years with <a href=\"/wiki/Jimmy_Buffett\" title=\"Jimmy Buffett\">Jimmy Buffett</a>.\n</p><p>Ken Stacey rejoined in 2014 after Rick Cowling departed. Ambrosia's six-person lineup was then  stable for a while and the group continued to tour, sometimes combining their talents with other artists including <a href=\"/wiki/Bill_Champlin\" title=\"Bill Champlin\">Bill Champlin</a>, <a href=\"/wiki/Peter_Beckett\" title=\"Peter Beckett\">Peter Beckett</a>, <a href=\"/wiki/Michael_McDonald_(singer)\" class=\"mw-redirect\" title=\"Michael McDonald (singer)\">Michael McDonald</a>, <a href=\"/wiki/Edgar_Winter\" title=\"Edgar Winter\">Edgar Winter</a>, <a href=\"/wiki/Dave_Mason\" title=\"Dave Mason\">Dave Mason</a>, <a href=\"/wiki/Gary_Wright\" title=\"Gary Wright\">Gary Wright</a>, <a href=\"/wiki/Al_Stewart\" title=\"Al Stewart\">Al Stewart</a> and others.\n</p><p>Ambrosia's live performances showcase both their legacy hit material and more recent songs. Ambrosia continues to feature a majority of the band's founding members, with Puerta, Drummond and North onstage, as they have been for the past thirty plus years. <a href=\"/wiki/Kipp_Lennon\" title=\"Kipp Lennon\">Kipp Lennon</a> (from the Venice, California band Venice) joined on lead vocals to start the 2021 tour as the band began their post lockdown era, Ken Stacey having exited during their downtime in 2020.\n</p><p>Former keyboardist for the band, <a href=\"/wiki/David_C._Lewis_(musician)\" title=\"David C. Lewis (musician)\">David Cutler Lewis</a>, died of brain cancer on June 7, 2021.\n</p><p>Former member Shem von Schroeck returned in the fall of 2022, this time on drums, to sub for Drummond, who was recovering from back surgery. Shem likewise returned during the whole of 2024 (and will continue on into 2025) to stand in for Christopher North, who was undergoing a successful battle with <a href=\"/wiki/Throat_cancer\" class=\"mw-redirect\" title=\"Throat cancer\">throat cancer</a>. After Shem's return, Kipp Lennon returned full-time to his other band Venice.\n</p>\n<div class=\"mw-heading mw-heading3\"><h3 id=\"Live_and_alumni_albums\">Live and alumni albums</h3></div>\n<p>On September 1, 2001, the band recorded a live album at the Galaxy Theater in <a href=\"/wiki/Santa_Ana,_California\" title=\"Santa Ana, California\">Santa Ana, California</a> without David Pack. This album, <i>Live</i>, was released in May 2002. Also, in 2003 <a href=\"/wiki/Collectables_Records\" title=\"Collectables Records\">Collectables Records</a> released another compilation album, <i>How Much I Feel and Other Hits</i>. \n</p><p><a href=\"/wiki/David_Pack\" title=\"David Pack\">David Pack</a> released two 2005 solo projects: <i>Unborn</i>, a compilation of older unreleased material, and the more up-to-date <i>The Secret of Movin' On</i> featuring collaborations with <a href=\"/wiki/Timothy_B._Schmit\" title=\"Timothy B. Schmit\">Timothy B. Schmit</a> of <a href=\"/wiki/Eagles_(band)\" title=\"Eagles (band)\">Eagles</a> fame, former <a href=\"/wiki/Journey_(band)\" title=\"Journey (band)\">Journey</a> vocalist <a href=\"/wiki/Steve_Perry_(musician)\" class=\"mw-redirect\" title=\"Steve Perry (musician)\">Steve Perry</a>, <a href=\"/wiki/Heart_(band)\" title=\"Heart (band)\">Heart</a> vocalist <a href=\"/wiki/Ann_Wilson\" title=\"Ann Wilson\">Ann Wilson</a> and <a href=\"/wiki/America_(band)\" title=\"America (band)\">America</a> co-founder <a href=\"/wiki/Dewey_Bunnell\" title=\"Dewey Bunnell\">Dewey Bunnell</a>, amongst others. Both albums follow in Pack's later era style of smooth pop-rock.\n</p>\n<div class=\"mw-heading mw-heading3\"><h3 id=\"Member_solo_projects\">Member solo projects</h3></div>\n<p>Several members have established careers outside of Ambrosia. \n</p>\n<ul><li>Joe Puerta has started a studio near his suburban Milwaukee home, The Exchange, where he's produced several artists including Les Lokey, Big Nick &amp; the Cydecos, Alaria Taylor and The Good Luck Joes.</li>\n<li>Burleigh Drummond drummed for roots CCM supergroup <a href=\"/wiki/Lost_Dogs\" title=\"Lost Dogs\">Lost Dogs</a> for several albums. He and wife Mary Harris co-founded their own group, Tin Drum, which has released three albums with various backing musicians, and in 2024 the <i>Tin Drum Family Band</i><sup id=\"cite_ref-13\" class=\"reference\"><a href=\"#cite_note-13\"><span class=\"cite-bracket\">&#91;</span>13<span class=\"cite-bracket\">&#93;</span></a></sup> which includes their daughter Sierra Drummond and son Burleigh Drummond IV. Tin Drum is also a production company with such varied artists on their roster as bluesman Mighty Mo Rodgers and kids-oriented gospel act Kingdom Bound.</li>\n<li>Doug Jackson released his second solo album in 2016.<sup id=\"cite_ref-14\" class=\"reference\"><a href=\"#cite_note-14\"><span class=\"cite-bracket\">&#91;</span>14<span class=\"cite-bracket\">&#93;</span></a></sup></li>\n<li>David Pack joined childhood friend and former bandmate <a href=\"/wiki/Fred_Beato\" title=\"Fred Beato\">Fred Beato</a> to form Beato Band.<sup id=\"cite_ref-15\" class=\"reference\"><a href=\"#cite_note-15\"><span class=\"cite-bracket\">&#91;</span>15<span class=\"cite-bracket\">&#93;</span></a></sup></li></ul>\n<div class=\"mw-heading mw-heading2\"><h2 id=\"Band_members\">Band members</h2></div>\n<div class=\"mw-heading mw-heading3\"><h3 id=\"Current_members\">Current members</h3></div>\n<table class=\"wikitable\" width=\"100%\" border=\"1\">\n<tbody><tr>\n<th width=\"75\">Image\n</th>\n<th width=\"200\">Name\n</th>\n<th width=\"90\">Years active\n</th>\n<th width=\"120\">Instruments\n</th>\n<th>Release contributions\n</th></tr>\n<tr>\n<td><div class=\"\">\n<div style=\"width: 75px; height: 75px; overflow: hidden;\">\n<div style=\"position: relative; top: -145px; left: -305px; width: 700px\"><div class=\"noresize\"><span typeof=\"mw:File\"><a href=\"/wiki/File:Joe_Puerta_-_51064685191.jpg\" class=\"mw-file-description\"><img alt=\"Joe Puerta - 51064685191.jpg\" src=\"//upload.wikimedia.org/wikipedia/commons/thumb/c/ca/Joe_Puerta_-_51064685191.jpg/960px-Joe_Puerta_-_51064685191.jpg\" decoding=\"async\" width=\"700\" height=\"467\" class=\"mw-file-element\" srcset=\"//upload.wikimedia.org/wikipedia/commons/thumb/c/ca/Joe_Puerta_-_51064685191.jpg/1050px-Joe_Puerta_-_51064685191.jpg 1.5x, //upload.wikimedia.org/wikipedia/commons/thumb/c/ca/Joe_Puerta_-_51064685191.jpg/1400px-Joe_Puerta_-_51064685191.jpg 2x\" data-file-width=\"5616\" data-file-height=\"3744\" /></a></span></div></div>\n</div>\n</div>\n</td>\n<td><a href=\"/wiki/Joe_Puerta\" title=\"Joe Puerta\">Joe Puerta</a>\n</td>\n<td rowspan=\"2\"><link rel=\"mw-deduplicated-inline-style\" href=\"mw-data:TemplateStyles:r1129693374\" /><div class=\"hlist\"><ul><li>1970–1982</li><li>1989–present</li></ul></div>\n</td>\n<td><link rel=\"mw-deduplicated-inline-style\" href=\"mw-data:TemplateStyles:r1129693374\" /><div class=\"hlist\"><ul><li>bass</li><li>lead and backing vocals</li><li>guitar</li></ul></div>\n</td>\n<td rowspan=\"3\"><a href=\"/wiki/Ambrosia_discography\" title=\"Ambrosia discography\">all releases</a>\n</td></tr>\n<tr>\n<td><div class=\"\">\n<div style=\"width: 75px; height: 75px; overflow: hidden;\">\n<div style=\"position: relative; top: -275px; left: -475px; width: 950px\"><div class=\"noresize\"><span typeof=\"mw:File\"><a href=\"/wiki/File:Burleigh_Drummond_-_51064685616.jpg\" class=\"mw-file-description\"><img alt=\"Burleigh Drummond - 51064685616.jpg\" src=\"//upload.wikimedia.org/wikipedia/commons/thumb/d/d1/Burleigh_Drummond_-_51064685616.jpg/960px-Burleigh_Drummond_-_51064685616.jpg\" decoding=\"async\" width=\"950\" height=\"633\" class=\"mw-file-element\" srcset=\"//upload.wikimedia.org/wikipedia/commons/thumb/d/d1/Burleigh_Drummond_-_51064685616.jpg/1425px-Burleigh_Drummond_-_51064685616.jpg 1.5x, //upload.wikimedia.org/wikipedia/commons/thumb/d/d1/Burleigh_Drummond_-_51064685616.jpg/1900px-Burleigh_Drummond_-_51064685616.jpg 2x\" data-file-width=\"5507\" data-file-height=\"3671\" /></a></span></div></div>\n</div>\n</div>\n</td>\n<td><a href=\"/wiki/Burleigh_Drummond\" title=\"Burleigh Drummond\">Burleigh Drummond</a>\n</td>\n<td><link rel=\"mw-deduplicated-inline-style\" href=\"mw-data:TemplateStyles:r1129693374\" /><div class=\"hlist\"><ul><li>drums</li><li>backing and occasional lead vocals</li><li>percussion</li><li>bassoon</li></ul></div>\n</td></tr>\n<tr>\n<td><div class=\"\">\n<div style=\"width: 75px; height: 75px; overflow: hidden;\">\n<div style=\"position: relative; top: -245px; left: -190px; width: 450px\"><div class=\"noresize\"><span typeof=\"mw:File\"><a href=\"/wiki/File:Christopher_North.jpg\" class=\"mw-file-description\"><img alt=\"Christopher North.jpg\" src=\"//upload.wikimedia.org/wikipedia/commons/thumb/2/20/Christopher_North.jpg/500px-Christopher_North.jpg\" decoding=\"async\" width=\"450\" height=\"675\" class=\"mw-file-element\" srcset=\"//upload.wikimedia.org/wikipedia/commons/thumb/2/20/Christopher_North.jpg/960px-Christopher_North.jpg 1.5x\" data-file-width=\"3744\" data-file-height=\"5616\" /></a></span></div></div>\n</div>\n</div>\n</td>\n<td><a href=\"/wiki/Christopher_North_(Ambrosia)\" title=\"Christopher North (Ambrosia)\">Christopher North</a>\n</td>\n<td><link rel=\"mw-deduplicated-inline-style\" href=\"mw-data:TemplateStyles:r1129693374\" /><div class=\"hlist\"><ul><li>1970–1977</li><li>1978–1982</li><li>1989–present</li></ul></div>\n</td>\n<td><link rel=\"mw-deduplicated-inline-style\" href=\"mw-data:TemplateStyles:r1129693374\" /><div class=\"hlist\"><ul><li>keyboards</li><li>backing vocals</li></ul></div>\n</td></tr>\n<tr>\n<td><div class=\"\">\n<div style=\"width: 75px; height: 75px; overflow: hidden;\">\n<div style=\"position: relative; top: -45px; left: -112px; width: 250px\"><div class=\"noresize\"><span typeof=\"mw:File\"><a href=\"/wiki/File:ShemSchroeck2007.JPG\" class=\"mw-file-description\"><img alt=\"ShemSchroeck2007.JPG\" src=\"//upload.wikimedia.org/wikipedia/commons/thumb/4/4a/ShemSchroeck2007.JPG/250px-ShemSchroeck2007.JPG\" decoding=\"async\" width=\"250\" height=\"375\" class=\"mw-file-element\" srcset=\"//upload.wikimedia.org/wikipedia/commons/thumb/4/4a/ShemSchroeck2007.JPG/500px-ShemSchroeck2007.JPG 1.5x\" data-file-width=\"1664\" data-file-height=\"2496\" /></a></span></div></div>\n</div>\n</div>\n</td>\n<td>Shem von Schroeck\n</td>\n<td><link rel=\"mw-deduplicated-inline-style\" href=\"mw-data:TemplateStyles:r1129693374\" /><div class=\"hlist\"><ul><li>1989–2003</li><li>2005–2009</li><li>2022</li><li>2024–present</li></ul></div>\n</td>\n<td><link rel=\"mw-deduplicated-inline-style\" href=\"mw-data:TemplateStyles:r1129693374\" /><div class=\"hlist\"><ul><li>lead and backing vocals</li><li>percussion</li><li>guitar</li><li>bass</li><li>drums</li><li>keyboards</li></ul></div>\n</td>\n<td rowspan=\"2\"><link rel=\"mw-deduplicated-inline-style\" href=\"mw-data:TemplateStyles:r1129693374\" /><div class=\"hlist\">\n<ul><li><i>Live at The Galaxy</i> (2002)</li>\n<li><i>Standing Room Only</i> (2007)</li></ul>\n</div>\n</td></tr>\n<tr>\n<td><div class=\"\">\n<div style=\"width: 75px; height: 75px; overflow: hidden;\">\n<div style=\"position: relative; top: -75px; left: -220px; width: 585px\"><div class=\"noresize\"><span typeof=\"mw:File\"><a href=\"/wiki/File:Doug_Jackson_on_Guitar.jpg\" class=\"mw-file-description\"><img alt=\"Doug Jackson on Guitar.jpg\" src=\"//upload.wikimedia.org/wikipedia/commons/thumb/b/bd/Doug_Jackson_on_Guitar.jpg/960px-Doug_Jackson_on_Guitar.jpg\" decoding=\"async\" width=\"585\" height=\"390\" class=\"mw-file-element\" srcset=\"//upload.wikimedia.org/wikipedia/commons/thumb/b/bd/Doug_Jackson_on_Guitar.jpg/1170px-Doug_Jackson_on_Guitar.jpg 2x\" data-file-width=\"5616\" data-file-height=\"3744\" /></a></span></div></div>\n</div>\n</div>\n</td>\n<td><a href=\"/wiki/Doug_Jackson_(musician)\" title=\"Doug Jackson (musician)\">Doug Jackson</a>\n</td>\n<td>2000–present\n</td>\n<td><link rel=\"mw-deduplicated-inline-style\" href=\"mw-data:TemplateStyles:r1129693374\" /><div class=\"hlist\"><ul><li>guitar</li><li>backing vocals</li></ul></div>\n</td></tr>\n<tr>\n<td><div class=\"\">\n<div style=\"width: 75px; height: 75px; overflow: hidden;\">\n<div style=\"position: relative; top: -130px; left: -310px; width: 875px\"><div class=\"noresize\"><span typeof=\"mw:File\"><a href=\"/wiki/File:Mary_Harris.jpg\" class=\"mw-file-description\"><img alt=\"Mary Harris.jpg\" src=\"//upload.wikimedia.org/wikipedia/commons/thumb/6/6d/Mary_Harris.jpg/960px-Mary_Harris.jpg\" decoding=\"async\" width=\"875\" height=\"583\" class=\"mw-file-element\" srcset=\"//upload.wikimedia.org/wikipedia/commons/thumb/6/6d/Mary_Harris.jpg/1313px-Mary_Harris.jpg 1.5x, //upload.wikimedia.org/wikipedia/commons/thumb/6/6d/Mary_Harris.jpg/1750px-Mary_Harris.jpg 2x\" data-file-width=\"5493\" data-file-height=\"3662\" /></a></span></div></div>\n</div>\n</div>\n</td>\n<td><a href=\"/wiki/Mary_Harris_(musician)\" title=\"Mary Harris (musician)\">Mary Harris</a>\n</td>\n<td>2012–present\n</td>\n<td><link rel=\"mw-deduplicated-inline-style\" href=\"mw-data:TemplateStyles:r1129693374\" /><div class=\"hlist\"><ul><li>keyboards</li><li>backing and occasional lead vocals</li></ul></div>\n</td>\n<td rowspan=\"2\">none to date\n</td></tr></tbody></table>\n<div class=\"mw-heading mw-heading3\"><h3 id=\"Former_members\">Former members</h3></div>\n<table class=\"wikitable\" width=\"100%\" border=\"1\">\n<tbody><tr>\n<th width=\"75\">Image\n</th>\n<th width=\"200\">Name\n</th>\n<th width=\"90\">Years active\n</th>\n<th width=\"120\">Instruments\n</th>\n<th>Release contributions\n</th></tr>\n<tr>\n<td><div class=\"\">\n<div style=\"width: 75px; height: 75px; overflow: hidden;\">\n<div style=\"position: relative; top: -25px; left: -10px; width: 95px\"><div class=\"noresize\"><span typeof=\"mw:File\"><a href=\"/wiki/File:David_Pack_crop.jpg\" class=\"mw-file-description\"><img alt=\"David Pack crop.jpg\" src=\"//upload.wikimedia.org/wikipedia/commons/thumb/5/5f/David_Pack_crop.jpg/120px-David_Pack_crop.jpg\" decoding=\"async\" width=\"95\" height=\"144\" class=\"mw-file-element\" srcset=\"//upload.wikimedia.org/wikipedia/commons/thumb/5/5f/David_Pack_crop.jpg/143px-David_Pack_crop.jpg 1.5x, //upload.wikimedia.org/wikipedia/commons/5/5f/David_Pack_crop.jpg 2x\" data-file-width=\"174\" data-file-height=\"264\" /></a></span></div></div>\n</div>\n</div>\n</td>\n<td><a href=\"/wiki/David_Pack\" title=\"David Pack\">David Pack</a>\n</td>\n<td><link rel=\"mw-deduplicated-inline-style\" href=\"mw-data:TemplateStyles:r1129693374\" /><div class=\"hlist\"><ul><li>1970–1982</li><li>1989–2000</li></ul></div>\n</td>\n<td><link rel=\"mw-deduplicated-inline-style\" href=\"mw-data:TemplateStyles:r1129693374\" /><div class=\"hlist\"><ul><li>guitars</li><li>lead and backing vocals</li><li>keyboards</li></ul></div>\n</td>\n<td>all releases until <i><a href=\"/wiki/Anthology_(Ambrosia_album)\" title=\"Anthology (Ambrosia album)\">Anthology</a></i> (1997)\n</td></tr>\n<tr>\n<td>\n</td>\n<td><a href=\"/wiki/David_C._Lewis_(musician)\" title=\"David C. Lewis (musician)\">David C. Lewis</a>\n</td>\n<td><link rel=\"mw-deduplicated-inline-style\" href=\"mw-data:TemplateStyles:r1129693374\" /><div class=\"hlist\"><ul><li>1978–1982</li><li>2005–2009 <span style=\"font-size: 85%;\">(died 2021)</span></li></ul></div>\n</td>\n<td>keyboards\n</td>\n<td><link rel=\"mw-deduplicated-inline-style\" href=\"mw-data:TemplateStyles:r1129693374\" /><div class=\"hlist\">\n<ul><li><i><a href=\"/wiki/Life_Beyond_L.A.\" title=\"Life Beyond L.A.\">Life Beyond L.A.</a></i> (1978)</li>\n<li><i><a href=\"/wiki/One_Eighty_(album)\" title=\"One Eighty (album)\">One Eighty</a></i> (1980)</li>\n<li><i><a href=\"/wiki/Road_Island_(album)\" title=\"Road Island (album)\">Road Island</a></i> (1982)</li></ul>\n</div>\n</td></tr>\n<tr>\n<td><div class=\"\">\n<div style=\"width: 75px; height: 75px; overflow: hidden;\">\n<div style=\"position: relative; top: -40px; left: -74px; width: 225px\"><div class=\"noresize\"><span typeof=\"mw:File\"><a href=\"/wiki/File:RoyceJones_(cropped).jpg\" class=\"mw-file-description\"><img alt=\"RoyceJones_(cropped).jpg\" src=\"//upload.wikimedia.org/wikipedia/commons/thumb/f/fa/RoyceJones_%28cropped%29.jpg/250px-RoyceJones_%28cropped%29.jpg\" decoding=\"async\" width=\"225\" height=\"422\" class=\"mw-file-element\" srcset=\"//upload.wikimedia.org/wikipedia/commons/f/fa/RoyceJones_%28cropped%29.jpg 1.5x\" data-file-width=\"320\" data-file-height=\"600\" /></a></span></div></div>\n</div>\n</div>\n</td>\n<td><a href=\"/wiki/Royce_Jones\" title=\"Royce Jones\">Royce Jones</a>\n</td>\n<td>1978–1982\n</td>\n<td><link rel=\"mw-deduplicated-inline-style\" href=\"mw-data:TemplateStyles:r1129693374\" /><div class=\"hlist\"><ul><li>backing and lead vocals</li><li>percussion</li></ul></div>\n</td>\n<td><link rel=\"mw-deduplicated-inline-style\" href=\"mw-data:TemplateStyles:r1129693374\" /><div class=\"hlist\">\n<ul><li><i>One Eighty</i> (1980)</li>\n<li><i>Road Island</i> (1982)</li></ul>\n</div>\n</td></tr>\n<tr>\n<td><div class=\"\">\n<div style=\"width: 75px; height: 75px; overflow: hidden;\">\n<div style=\"position: relative; top: -35px; left: -15px; width: 105px\"><div class=\"noresize\"><span typeof=\"mw:File\"><a href=\"/wiki/File:Bruce_Hornsby_(32703421057)_(cropped).jpg\" class=\"mw-file-description\"><img alt=\"Bruce_Hornsby_(32703421057)_(cropped).jpg\" src=\"//upload.wikimedia.org/wikipedia/commons/thumb/4/44/Bruce_Hornsby_%2832703421057%29_%28cropped%29.jpg/120px-Bruce_Hornsby_%2832703421057%29_%28cropped%29.jpg\" decoding=\"async\" width=\"105\" height=\"165\" class=\"mw-file-element\" srcset=\"//upload.wikimedia.org/wikipedia/commons/thumb/4/44/Bruce_Hornsby_%2832703421057%29_%28cropped%29.jpg/250px-Bruce_Hornsby_%2832703421057%29_%28cropped%29.jpg 1.5x\" data-file-width=\"1621\" data-file-height=\"2546\" /></a></span></div></div>\n</div>\n</div>\n</td>\n<td><a href=\"/wiki/Bruce_Hornsby\" title=\"Bruce Hornsby\">Bruce Hornsby</a>\n</td>\n<td>1982\n</td>\n<td><link rel=\"mw-deduplicated-inline-style\" href=\"mw-data:TemplateStyles:r1129693374\" /><div class=\"hlist\"><ul><li>keyboards</li><li>backing vocals</li></ul></div>\n</td>\n<td>none\n</td></tr>\n<tr>\n<td><div class=\"\">\n<div style=\"width: 75px; height: 75px; overflow: hidden;\">\n<div style=\"position: relative; top: -35px; left: -65px; width: 210px\"><div class=\"noresize\"><span typeof=\"mw:File\"><a href=\"/wiki/File:Tollak_TEDx.jpg\" class=\"mw-file-description\"><img alt=\"Tollak_TEDx.jpg\" src=\"//upload.wikimedia.org/wikipedia/commons/thumb/b/bf/Tollak_TEDx.jpg/250px-Tollak_TEDx.jpg\" decoding=\"async\" width=\"210\" height=\"281\" class=\"mw-file-element\" srcset=\"//upload.wikimedia.org/wikipedia/commons/thumb/b/bf/Tollak_TEDx.jpg/330px-Tollak_TEDx.jpg 1.5x, //upload.wikimedia.org/wikipedia/commons/thumb/b/bf/Tollak_TEDx.jpg/500px-Tollak_TEDx.jpg 2x\" data-file-width=\"528\" data-file-height=\"707\" /></a></span></div></div>\n</div>\n</div>\n</td>\n<td><a href=\"/wiki/Tollak_Ollestad\" title=\"Tollak Ollestad\">Tollak Ollestad</a>\n</td>\n<td>1989–2004\n</td>\n<td><link rel=\"mw-deduplicated-inline-style\" href=\"mw-data:TemplateStyles:r1129693374\" /><div class=\"hlist\"><ul><li>keyboards</li><li>backing and lead vocals</li><li>harmonica</li></ul></div>\n</td>\n<td><link rel=\"mw-deduplicated-inline-style\" href=\"mw-data:TemplateStyles:r1129693374\" /><div class=\"hlist\">\n<ul><li><i>Live at The Galaxy</i> (2002)</li>\n<li><i>Standing Room Only</i> (2007)</li></ul>\n</div>\n</td></tr>\n<tr>\n<td><div class=\"\">\n<div style=\"width: 75px; height: 75px; overflow: hidden;\">\n<div style=\"position: relative; top: -40px; left: -85px; width: 285px\"><div class=\"noresize\"><span typeof=\"mw:File\"><a href=\"/wiki/File:Greg_Kihn_Band_(2844290719)_(cropped).jpg\" class=\"mw-file-description\"><img alt=\"Greg Kihn Band (2844290719) (cropped).jpg\" src=\"//upload.wikimedia.org/wikipedia/commons/thumb/b/b6/Greg_Kihn_Band_%282844290719%29_%28cropped%29.jpg/330px-Greg_Kihn_Band_%282844290719%29_%28cropped%29.jpg\" decoding=\"async\" width=\"285\" height=\"380\" class=\"mw-file-element\" srcset=\"//upload.wikimedia.org/wikipedia/commons/thumb/b/b6/Greg_Kihn_Band_%282844290719%29_%28cropped%29.jpg/500px-Greg_Kihn_Band_%282844290719%29_%28cropped%29.jpg 1.5x, //upload.wikimedia.org/wikipedia/commons/thumb/b/b6/Greg_Kihn_Band_%282844290719%29_%28cropped%29.jpg/570px-Greg_Kihn_Band_%282844290719%29_%28cropped%29.jpg 2x\" data-file-width=\"906\" data-file-height=\"1209\" /></a></span></div></div>\n</div>\n</div>\n</td>\n<td><a href=\"/wiki/Robert_Berry\" title=\"Robert Berry\">Robert Berry</a>\n</td>\n<td>2004–2005\n</td>\n<td><link rel=\"mw-deduplicated-inline-style\" href=\"mw-data:TemplateStyles:r1129693374\" /><div class=\"hlist\"><ul><li>lead and backing vocals</li><li>guitar</li></ul></div>\n</td>\n<td rowspan=\"4\">none\n</td></tr>\n<tr>\n<td><div class=\"\">\n<div style=\"width: 75px; height: 75px; overflow: hidden;\">\n<div style=\"position: relative; top: -115px; left: -315px; width: 600px\"><div class=\"noresize\"><span typeof=\"mw:File\"><a href=\"/wiki/File:Ken_Stacey.jpg\" class=\"mw-file-description\"><img alt=\"Ken Stacey.jpg\" src=\"//upload.wikimedia.org/wikipedia/commons/thumb/f/f3/Ken_Stacey.jpg/960px-Ken_Stacey.jpg\" decoding=\"async\" width=\"600\" height=\"400\" class=\"mw-file-element\" srcset=\"//upload.wikimedia.org/wikipedia/commons/thumb/f/f3/Ken_Stacey.jpg/1200px-Ken_Stacey.jpg 2x\" data-file-width=\"5616\" data-file-height=\"3744\" /></a></span></div></div>\n</div>\n</div>\n</td>\n<td><a href=\"/wiki/Ken_Stacey\" title=\"Ken Stacey\">Ken Stacey</a>\n</td>\n<td><link rel=\"mw-deduplicated-inline-style\" href=\"mw-data:TemplateStyles:r1129693374\" /><div class=\"hlist\"><ul><li>2005–2009</li><li>2014–2020</li></ul></div>\n</td>\n<td><link rel=\"mw-deduplicated-inline-style\" href=\"mw-data:TemplateStyles:r1129693374\" /><div class=\"hlist\"><ul><li>lead and backing vocals</li><li>percussion</li><li>guitar</li></ul></div>\n</td></tr>\n<tr>\n<td>\n</td>\n<td>Rick Cowling\n</td>\n<td>2009–2013\n</td>\n<td><link rel=\"mw-deduplicated-inline-style\" href=\"mw-data:TemplateStyles:r1129693374\" /><div class=\"hlist\"><ul><li>lead and backing vocals</li><li>keyboards</li><li>guitar</li></ul></div>\n</td></tr>\n<tr>\n<td><div class=\"\">\n<div style=\"width: 75px; height: 75px; overflow: hidden;\">\n<div style=\"position: relative; top: -50px; left: -80px; width: 225px\"><div class=\"noresize\"><span typeof=\"mw:File\"><a href=\"/wiki/File:Kipp_Lennon_in_Venice.jpg\" class=\"mw-file-description\"><img alt=\"Kipp Lennon in Venice.jpg\" src=\"//upload.wikimedia.org/wikipedia/commons/thumb/c/cc/Kipp_Lennon_in_Venice.jpg/250px-Kipp_Lennon_in_Venice.jpg\" decoding=\"async\" width=\"225\" height=\"337\" class=\"mw-file-element\" srcset=\"//upload.wikimedia.org/wikipedia/commons/c/cc/Kipp_Lennon_in_Venice.jpg 1.5x\" data-file-width=\"267\" data-file-height=\"400\" /></a></span></div></div>\n</div>\n</div>\n</td>\n<td><a href=\"/wiki/Kipp_Lennon\" title=\"Kipp Lennon\">Kipp Lennon</a>\n</td>\n<td>2021–2024\n</td>\n<td><link rel=\"mw-deduplicated-inline-style\" href=\"mw-data:TemplateStyles:r1129693374\" /><div class=\"hlist\"><ul><li>lead and backing vocals</li><li>percussion</li></ul></div>\n</td></tr></tbody></table>\n<div class=\"mw-heading mw-heading3\"><h3 id=\"Timeline\">Timeline</h3></div>\n<div class=\"timeline-wrapper\"><map name=\"timeline_n3q1wt90qmka2q1ro4x1cy689m2xtf3\"></map><img usemap=\"#timeline_n3q1wt90qmka2q1ro4x1cy689m2xtf3\" src=\"//upload.wikimedia.org/wikipedia/en/timeline/n3q1wt90qmka2q1ro4x1cy689m2xtf3.png\" /></div>\n<div class=\"mw-heading mw-heading2\"><h2 id=\"Discography\">Discography</h2></div>\n<style data-mw-deduplicate=\"TemplateStyles:r1236090951\">.mw-parser-output .hatnote{font-style:italic}.mw-parser-output div.hatnote{padding-left:1.6em;margin-bottom:0.5em}.mw-parser-output .hatnote i{font-style:normal}.mw-parser-output .hatnote+link+.hatnote{margin-top:-0.5em}@media print{body.ns-0 .mw-parser-output .hatnote{display:none!important}}</style><div role=\"note\" class=\"hatnote navigation-not-searchable\">Main article: <a href=\"/wiki/Ambrosia_discography\" title=\"Ambrosia discography\">Ambrosia discography</a></div>\n<div class=\"mw-heading mw-heading3\"><h3 id=\"Studio_albums\">Studio albums</h3></div>\n<ul><li><i><a href=\"/wiki/Ambrosia_(album)\" title=\"Ambrosia (album)\">Ambrosia</a></i> (1975)</li>\n<li><i><a href=\"/wiki/Somewhere_I%27ve_Never_Travelled\" title=\"Somewhere I&#39;ve Never Travelled\">Somewhere I've Never Travelled</a></i> (1976)</li>\n<li><i><a href=\"/wiki/Life_Beyond_L.A.\" title=\"Life Beyond L.A.\">Life Beyond L.A.</a></i> (1978)</li>\n<li><i><a href=\"/wiki/One_Eighty_(album)\" title=\"One Eighty (album)\">One Eighty</a></i> (1980)</li>\n<li><i><a href=\"/wiki/Road_Island_(album)\" title=\"Road Island (album)\">Road Island</a></i> (1982)</li></ul>\n<div class=\"mw-heading mw-heading2\"><h2 id=\"References\">References</h2></div>\n<style data-mw-deduplicate=\"TemplateStyles:r1239543626\">.mw-parser-output .reflist{margin-bottom:0.5em;list-style-type:decimal}@media screen{.mw-parser-output .reflist{font-size:90%}}.mw-parser-output .reflist .references{font-size:100%;margin-bottom:0;list-style-type:inherit}.mw-parser-output .reflist-columns-2{column-width:30em}.mw-parser-output .reflist-columns-3{column-width:25em}.mw-parser-output .reflist-columns{margin-top:0.3em}.mw-parser-output .reflist-columns ol{margin-top:0}.mw-parser-output .reflist-columns li{page-break-inside:avoid;break-inside:avoid-column}.mw-parser-output .reflist-upper-alpha{list-style-type:upper-alpha}.mw-parser-output .reflist-upper-roman{list-style-type:upper-roman}.mw-parser-output .reflist-lower-alpha{list-style-type:lower-alpha}.mw-parser-output .reflist-lower-greek{list-style-type:lower-greek}.mw-parser-output .reflist-lower-roman{list-style-type:lower-roman}</style><div class=\"reflist\">\n<div class=\"mw-references-wrap mw-references-columns\"><ol class=\"references\">\n<li id=\"cite_note-Billboard_Chart-1\"><span class=\"mw-cite-backlink\"><b><a href=\"#cite_ref-Billboard_Chart_1-0\">^</a></b></span> <span class=\"reference-text\"><style data-mw-deduplicate=\"TemplateStyles:r1238218222\">.mw-parser-output cite.citation{font-style:inherit;word-wrap:break-word}.mw-parser-output .citation q{quotes:\"\\\"\"\"\\\"\"\"'\"\"'\"}.mw-parser-output .citation:target{background-color:rgba(0,127,255,0.133)}.mw-parser-output .id-lock-free.id-lock-free a{background:url(\"//upload.wikimedia.org/wikipedia/commons/6/65/Lock-green.svg\")right 0.1em center/9px no-repeat}.mw-parser-output .id-lock-limited.id-lock-limited a,.mw-parser-output .id-lock-registration.id-lock-registration a{background:url(\"//upload.wikimedia.org/wikipedia/commons/d/d6/Lock-gray-alt-2.svg\")right 0.1em center/9px no-repeat}.mw-parser-output .id-lock-subscription.id-lock-subscription a{background:url(\"//upload.wikimedia.org/wikipedia/commons/a/aa/Lock-red-alt-2.svg\")right 0.1em center/9px no-repeat}.mw-parser-output .cs1-ws-icon a{background:url(\"//upload.wikimedia.org/wikipedia/commons/4/4c/Wikisource-logo.svg\")right 0.1em center/12px no-repeat}body:not(.skin-timeless):not(.skin-minerva) .mw-parser-output .id-lock-free a,body:not(.skin-timeless):not(.skin-minerva) .mw-parser-output .id-lock-limited a,body:not(.skin-timeless):not(.skin-minerva) .mw-parser-output .id-lock-registration a,body:not(.skin-timeless):not(.skin-minerva) .mw-parser-output .id-lock-subscription a,body:not(.skin-timeless):not(.skin-minerva) .mw-parser-output .cs1-ws-icon a{background-size:contain;padding:0 1em 0 0}.mw-parser-output .cs1-code{color:inherit;background:inherit;border:none;padding:inherit}.mw-parser-output .cs1-hidden-error{display:none;color:var(--color-error,#d33)}.mw-parser-output .cs1-visible-error{color:var(--color-error,#d33)}.mw-parser-output .cs1-maint{display:none;color:#085;margin-left:0.3em}.mw-parser-output .cs1-kern-left{padding-left:0.2em}.mw-parser-output .cs1-kern-right{padding-right:0.2em}.mw-parser-output .citation .mw-selflink{font-weight:inherit}@media screen{.mw-parser-output .cs1-format{font-size:95%}html.skin-theme-clientpref-night .mw-parser-output .cs1-maint{color:#18911f}}@media screen and (prefers-color-scheme:dark){html.skin-theme-clientpref-os .mw-parser-output .cs1-maint{color:#18911f}}</style><cite class=\"citation web cs1\"><a rel=\"nofollow\" class=\"external text\" href=\"http://allmusic.com/artist/ambrosia-p3537/charts-awards/billboard-singles\">\"Billboard Chart\"</a>. Allmusic.com<span class=\"reference-accessdate\">. Retrieved <span class=\"nowrap\">July 20,</span> 2011</span>.</cite><span title=\"ctx_ver=Z39.88-2004&amp;rft_val_fmt=info%3Aofi%2Ffmt%3Akev%3Amtx%3Abook&amp;rft.genre=unknown&amp;rft.btitle=Billboard+Chart&amp;rft.pub=Allmusic.com&amp;rft_id=http%3A%2F%2Fallmusic.com%2Fartist%2Fambrosia-p3537%2Fcharts-awards%2Fbillboard-singles&amp;rfr_id=info%3Asid%2Fen.wikipedia.org%3AAmbrosia+%28band%29\" class=\"Z3988\"></span></span>\n</li>\n<li id=\"cite_note-AllMusic-2\"><span class=\"mw-cite-backlink\"><b><a href=\"#cite_ref-AllMusic_2-0\">^</a></b></span> <span class=\"reference-text\"><link rel=\"mw-deduplicated-inline-style\" href=\"mw-data:TemplateStyles:r1238218222\" /><cite id=\"CITEREFHuey\" class=\"citation web cs1\">Huey, Steve. <a rel=\"nofollow\" class=\"external text\" href=\"http://www.allmusic.com/artist/ambrosia-mn0000019133\">\"Ambrosia\"</a>. AllMusic<span class=\"reference-accessdate\">. Retrieved <span class=\"nowrap\">February 23,</span> 2013</span>.</cite><span title=\"ctx_ver=Z39.88-2004&amp;rft_val_fmt=info%3Aofi%2Ffmt%3Akev%3Amtx%3Abook&amp;rft.genre=unknown&amp;rft.btitle=Ambrosia&amp;rft.pub=AllMusic&amp;rft.aulast=Huey&amp;rft.aufirst=Steve&amp;rft_id=http%3A%2F%2Fwww.allmusic.com%2Fartist%2Fambrosia-mn0000019133&amp;rfr_id=info%3Asid%2Fen.wikipedia.org%3AAmbrosia+%28band%29\" class=\"Z3988\"></span></span>\n</li>\n<li id=\"cite_note-JamesPetrecca-3\"><span class=\"mw-cite-backlink\"><b><a href=\"#cite_ref-JamesPetrecca_3-0\">^</a></b></span> <span class=\"reference-text\"><link rel=\"mw-deduplicated-inline-style\" href=\"mw-data:TemplateStyles:r1238218222\" /><cite class=\"citation web cs1\"><a rel=\"nofollow\" class=\"external text\" href=\"https://www.youtube.com/watch?v=ejAkqtoT7Og#t=4m\">\"AMBROSIA INTERVIEW JOE PUERTA 2016 JIM PETRECCA YESTERDAYS TREASURES PRODUCTIONS\"</a>. <i>YouTube</i>. James Petrecca. July 9, 2016<span class=\"reference-accessdate\">. Retrieved <span class=\"nowrap\">August 15,</span> 2020</span>.</cite><span title=\"ctx_ver=Z39.88-2004&amp;rft_val_fmt=info%3Aofi%2Ffmt%3Akev%3Amtx%3Ajournal&amp;rft.genre=unknown&amp;rft.jtitle=YouTube&amp;rft.atitle=AMBROSIA+INTERVIEW+JOE+PUERTA+2016+JIM+PETRECCA+YESTERDAYS+TREASURES+PRODUCTIONS&amp;rft.date=2016-07-09&amp;rft_id=https%3A%2F%2Fwww.youtube.com%2Fwatch%3Fv%3DejAkqtoT7Og%23t%3D4m&amp;rfr_id=info%3Asid%2Fen.wikipedia.org%3AAmbrosia+%28band%29\" class=\"Z3988\"></span></span>\n</li>\n<li id=\"cite_note-DecadesTV-4\"><span class=\"mw-cite-backlink\"><b><a href=\"#cite_ref-DecadesTV_4-0\">^</a></b></span> <span class=\"reference-text\"><link rel=\"mw-deduplicated-inline-style\" href=\"mw-data:TemplateStyles:r1238218222\" /><cite class=\"citation web cs1\"><a rel=\"nofollow\" class=\"external text\" href=\"https://www.youtube.com/watch?v=LgKX_qmndcQ#t=37s\">\"Burleigh Drummond &amp; Joe Puerta of Ambrosia talk How Much I Feel\"</a>. <i>YouTube</i>. Decades TV Network. May 1, 2018<span class=\"reference-accessdate\">. Retrieved <span class=\"nowrap\">August 15,</span> 2020</span>.</cite><span title=\"ctx_ver=Z39.88-2004&amp;rft_val_fmt=info%3Aofi%2Ffmt%3Akev%3Amtx%3Ajournal&amp;rft.genre=unknown&amp;rft.jtitle=YouTube&amp;rft.atitle=Burleigh+Drummond+%26+Joe+Puerta+of+Ambrosia+talk+How+Much+I+Feel&amp;rft.date=2018-05-01&amp;rft_id=https%3A%2F%2Fwww.youtube.com%2Fwatch%3Fv%3DLgKX_qmndcQ%23t%3D37s&amp;rfr_id=info%3Asid%2Fen.wikipedia.org%3AAmbrosia+%28band%29\" class=\"Z3988\"></span></span>\n</li>\n<li id=\"cite_note-After5-5\"><span class=\"mw-cite-backlink\"><b><a href=\"#cite_ref-After5_5-0\">^</a></b></span> <span class=\"reference-text\"><link rel=\"mw-deduplicated-inline-style\" href=\"mw-data:TemplateStyles:r1238218222\" /><cite class=\"citation news cs1\"><a rel=\"nofollow\" class=\"external text\" href=\"http://www.northstate.news/Archives/After5/20-02%20AF.pdf#page=2\">\"Holding on to Yesterday\"</a> <span class=\"cs1-format\">(PDF)</span>. <i>After Five</i>. North State News. February 2020<span class=\"reference-accessdate\">. Retrieved <span class=\"nowrap\">August 15,</span> 2020</span>.</cite><span title=\"ctx_ver=Z39.88-2004&amp;rft_val_fmt=info%3Aofi%2Ffmt%3Akev%3Amtx%3Ajournal&amp;rft.genre=article&amp;rft.jtitle=After+Five&amp;rft.atitle=Holding+on+to+Yesterday&amp;rft.date=2020-02&amp;rft_id=http%3A%2F%2Fwww.northstate.news%2FArchives%2FAfter5%2F20-02%2520AF.pdf%23page%3D2&amp;rfr_id=info%3Asid%2Fen.wikipedia.org%3AAmbrosia+%28band%29\" class=\"Z3988\"></span></span>\n</li>\n<li id=\"cite_note-preston-6\"><span class=\"mw-cite-backlink\">^ <a href=\"#cite_ref-preston_6-0\"><sup><i><b>a</b></i></sup></a> <a href=\"#cite_ref-preston_6-1\"><sup><i><b>b</b></i></sup></a> <a href=\"#cite_ref-preston_6-2\"><sup><i><b>c</b></i></sup></a></span> <span class=\"reference-text\"><a rel=\"nofollow\" class=\"external text\" href=\"http://www.inertron.com/ambrosia/ambrosiapage.html\">Preston, J. (n.d.). The Ambrosia page.</a> <a rel=\"nofollow\" class=\"external text\" href=\"https://web.archive.org/web/20060827021453/http://www.inertron.com/ambrosia/ambrosiapage.html\">Archived</a> August 27, 2006, at the <a href=\"/wiki/Wayback_Machine\" title=\"Wayback Machine\">Wayback Machine</a> (retrieved September 7, 2006)</span>\n</li>\n<li id=\"cite_note-LarkinGE-7\"><span class=\"mw-cite-backlink\">^ <a href=\"#cite_ref-LarkinGE_7-0\"><sup><i><b>a</b></i></sup></a> <a href=\"#cite_ref-LarkinGE_7-1\"><sup><i><b>b</b></i></sup></a> <a href=\"#cite_ref-LarkinGE_7-2\"><sup><i><b>c</b></i></sup></a> <a href=\"#cite_ref-LarkinGE_7-3\"><sup><i><b>d</b></i></sup></a> <a href=\"#cite_ref-LarkinGE_7-4\"><sup><i><b>e</b></i></sup></a> <a href=\"#cite_ref-LarkinGE_7-5\"><sup><i><b>f</b></i></sup></a> <a href=\"#cite_ref-LarkinGE_7-6\"><sup><i><b>g</b></i></sup></a> <a href=\"#cite_ref-LarkinGE_7-7\"><sup><i><b>h</b></i></sup></a> <a href=\"#cite_ref-LarkinGE_7-8\"><sup><i><b>i</b></i></sup></a> <a href=\"#cite_ref-LarkinGE_7-9\"><sup><i><b>j</b></i></sup></a></span> <span class=\"reference-text\"><link rel=\"mw-deduplicated-inline-style\" href=\"mw-data:TemplateStyles:r1238218222\" /><cite id=\"CITEREFLarkin1992\" class=\"citation book cs1\"><a href=\"/wiki/Colin_Larkin_(writer)\" class=\"mw-redirect\" title=\"Colin Larkin (writer)\">Larkin, Colin</a>, ed. (1992). <i><a href=\"/wiki/Encyclopedia_of_Popular_Music\" class=\"mw-redirect\" title=\"Encyclopedia of Popular Music\">The Guinness Encyclopedia of Popular Music</a></i> (First&#160;ed.). <a href=\"/wiki/Guinness_Publishing\" class=\"mw-redirect\" title=\"Guinness Publishing\">Guinness Publishing</a>. p.&#160;76. <a href=\"/wiki/ISBN_(identifier)\" class=\"mw-redirect\" title=\"ISBN (identifier)\">ISBN</a>&#160;<a href=\"/wiki/Special:BookSources/0-85112-939-0\" title=\"Special:BookSources/0-85112-939-0\"><bdi>0-85112-939-0</bdi></a>.</cite><span title=\"ctx_ver=Z39.88-2004&amp;rft_val_fmt=info%3Aofi%2Ffmt%3Akev%3Amtx%3Abook&amp;rft.genre=book&amp;rft.btitle=The+Guinness+Encyclopedia+of+Popular+Music&amp;rft.pages=76&amp;rft.edition=First&amp;rft.pub=Guinness+Publishing&amp;rft.date=1992&amp;rft.isbn=0-85112-939-0&amp;rfr_id=info%3Asid%2Fen.wikipedia.org%3AAmbrosia+%28band%29\" class=\"Z3988\"></span></span>\n</li>\n<li id=\"cite_note-huey-8\"><span class=\"mw-cite-backlink\"><b><a href=\"#cite_ref-huey_8-0\">^</a></b></span> <span class=\"reference-text\">Steve Huey, Ambrosia Biography, from Yahoo! Music, <a rel=\"nofollow\" class=\"external text\" href=\"http://music.yahoo.com/library/default.asp?i=314313&amp;m=bio&amp;add=&amp;\">music.yahoo.com</a>.</span>\n</li>\n<li id=\"cite_note-sonboleh-9\"><span class=\"mw-cite-backlink\">^ <a href=\"#cite_ref-sonboleh_9-0\"><sup><i><b>a</b></i></sup></a> <a href=\"#cite_ref-sonboleh_9-1\"><sup><i><b>b</b></i></sup></a> <a href=\"#cite_ref-sonboleh_9-2\"><sup><i><b>c</b></i></sup></a></span> <span class=\"reference-text\"><a rel=\"nofollow\" class=\"external text\" href=\"http://www.earthtone-music.com/amb.htm\">Sonboleh, R. (2002). Earthtone music, Ambrosia.</a> <a rel=\"nofollow\" class=\"external text\" href=\"https://web.archive.org/web/20180412212041/http://www.earthtone-music.com/amb.htm\">Archived</a> April 12, 2018, at the <a href=\"/wiki/Wayback_Machine\" title=\"Wayback Machine\">Wayback Machine</a> (retrieved September 6, 2006).</span>\n</li>\n<li id=\"cite_note-Lewis-10\"><span class=\"mw-cite-backlink\"><b><a href=\"#cite_ref-Lewis_10-0\">^</a></b></span> <span class=\"reference-text\"><link rel=\"mw-deduplicated-inline-style\" href=\"mw-data:TemplateStyles:r1238218222\" /><cite id=\"CITEREFRossi,_PatrickLewis,_David_Cutler\" class=\"citation web cs1\">Rossi, Patrick; Lewis, David Cutler. <a rel=\"nofollow\" class=\"external text\" href=\"https://web.archive.org/web/20110707131842/http://www.ambrosiaweb.com/access.htm\">\"Access All Areas\"</a>. Archived from <a rel=\"nofollow\" class=\"external text\" href=\"http://www.ambrosiaweb.com/access.htm\">the original</a> on July 7, 2011<span class=\"reference-accessdate\">. Retrieved <span class=\"nowrap\">May 22,</span> 2011</span>.</cite><span title=\"ctx_ver=Z39.88-2004&amp;rft_val_fmt=info%3Aofi%2Ffmt%3Akev%3Amtx%3Abook&amp;rft.genre=unknown&amp;rft.btitle=Access+All+Areas&amp;rft.au=Rossi%2C+Patrick&amp;rft.au=Lewis%2C+David+Cutler&amp;rft_id=http%3A%2F%2Fwww.ambrosiaweb.com%2Faccess.htm&amp;rfr_id=info%3Asid%2Fen.wikipedia.org%3AAmbrosia+%28band%29\" class=\"Z3988\"></span></span>\n</li>\n<li id=\"cite_note-11\"><span class=\"mw-cite-backlink\"><b><a href=\"#cite_ref-11\">^</a></b></span> <span class=\"reference-text\"><link rel=\"mw-deduplicated-inline-style\" href=\"mw-data:TemplateStyles:r1238218222\" /><cite id=\"CITEREFWhitburn2004\" class=\"citation book cs1\"><a href=\"/wiki/Joel_Whitburn\" title=\"Joel Whitburn\">Whitburn, Joel</a> (2004). <i>Top R&amp;B/Hip-Hop Singles: 1942-2004</i>. Record Research. p.&#160;29.</cite><span title=\"ctx_ver=Z39.88-2004&amp;rft_val_fmt=info%3Aofi%2Ffmt%3Akev%3Amtx%3Abook&amp;rft.genre=book&amp;rft.btitle=Top+R%26B%2FHip-Hop+Singles%3A+1942-2004&amp;rft.pages=29&amp;rft.pub=Record+Research&amp;rft.date=2004&amp;rft.aulast=Whitburn&amp;rft.aufirst=Joel&amp;rfr_id=info%3Asid%2Fen.wikipedia.org%3AAmbrosia+%28band%29\" class=\"Z3988\"></span></span>\n</li>\n<li id=\"cite_note-12\"><span class=\"mw-cite-backlink\"><b><a href=\"#cite_ref-12\">^</a></b></span> <span class=\"reference-text\"><link rel=\"mw-deduplicated-inline-style\" href=\"mw-data:TemplateStyles:r1238218222\" /><cite class=\"citation web cs1\"><a rel=\"nofollow\" class=\"external text\" href=\"https://books.google.com/books?id=JSQEAAAAMBAJ&amp;q=billboard+ambrosia+Road+Island&amp;pg=PT65\">\"Billboard\"</a>. Nielsen Business Media, Inc. May 15, 1982<span class=\"reference-accessdate\">. Retrieved <span class=\"nowrap\">August 9,</span> 2018</span> &#8211; via Google Books.</cite><span title=\"ctx_ver=Z39.88-2004&amp;rft_val_fmt=info%3Aofi%2Ffmt%3Akev%3Amtx%3Abook&amp;rft.genre=unknown&amp;rft.btitle=Billboard&amp;rft.pub=Nielsen+Business+Media%2C+Inc.&amp;rft.date=1982-05-15&amp;rft_id=https%3A%2F%2Fbooks.google.com%2Fbooks%3Fid%3DJSQEAAAAMBAJ%26q%3Dbillboard%2Bambrosia%2BRoad%2BIsland%26pg%3DPT65&amp;rfr_id=info%3Asid%2Fen.wikipedia.org%3AAmbrosia+%28band%29\" class=\"Z3988\"></span></span>\n</li>\n<li id=\"cite_note-13\"><span class=\"mw-cite-backlink\"><b><a href=\"#cite_ref-13\">^</a></b></span> <span class=\"reference-text\"><link rel=\"mw-deduplicated-inline-style\" href=\"mw-data:TemplateStyles:r1238218222\" /><cite class=\"citation web cs1\"><a rel=\"nofollow\" class=\"external text\" href=\"https://www.tindrummusic.com/thetindrumfamilyband\">\"Tin Drum Family Band\"</a>.</cite><span title=\"ctx_ver=Z39.88-2004&amp;rft_val_fmt=info%3Aofi%2Ffmt%3Akev%3Amtx%3Abook&amp;rft.genre=unknown&amp;rft.btitle=Tin+Drum+Family+Band&amp;rft_id=https%3A%2F%2Fwww.tindrummusic.com%2Fthetindrumfamilyband&amp;rfr_id=info%3Asid%2Fen.wikipedia.org%3AAmbrosia+%28band%29\" class=\"Z3988\"></span></span>\n</li>\n<li id=\"cite_note-14\"><span class=\"mw-cite-backlink\"><b><a href=\"#cite_ref-14\">^</a></b></span> <span class=\"reference-text\"><link rel=\"mw-deduplicated-inline-style\" href=\"mw-data:TemplateStyles:r1238218222\" /><cite class=\"citation web cs1\"><a rel=\"nofollow\" class=\"external text\" href=\"http://www.cdbaby.com/cd/dougjackson22\">\"♫ The Performance - Doug Jackson. Listen @cdbaby\"</a>. <i>cdbaby.com</i><span class=\"reference-accessdate\">. Retrieved <span class=\"nowrap\">April 20,</span> 2018</span>.</cite><span title=\"ctx_ver=Z39.88-2004&amp;rft_val_fmt=info%3Aofi%2Ffmt%3Akev%3Amtx%3Ajournal&amp;rft.genre=unknown&amp;rft.jtitle=cdbaby.com&amp;rft.atitle=%E2%99%AB+The+Performance+-+Doug+Jackson.+Listen+%40cdbaby&amp;rft_id=http%3A%2F%2Fwww.cdbaby.com%2Fcd%2Fdougjackson22&amp;rfr_id=info%3Asid%2Fen.wikipedia.org%3AAmbrosia+%28band%29\" class=\"Z3988\"></span></span>\n</li>\n<li id=\"cite_note-15\"><span class=\"mw-cite-backlink\"><b><a href=\"#cite_ref-15\">^</a></b></span> <span class=\"reference-text\"><link rel=\"mw-deduplicated-inline-style\" href=\"mw-data:TemplateStyles:r1238218222\" /><cite class=\"citation web cs1 cs1-prop-unfit\"><a rel=\"nofollow\" class=\"external text\" href=\"https://web.archive.org/web/20150407024206/http://www.beatoband.com/\">\"Beato Band\"</a>. <i>Fred Beato and David Pack</i>. Archived from the original on April 7, 2015.</cite><span title=\"ctx_ver=Z39.88-2004&amp;rft_val_fmt=info%3Aofi%2Ffmt%3Akev%3Amtx%3Ajournal&amp;rft.genre=unknown&amp;rft.jtitle=Fred+Beato+and+David+Pack&amp;rft.atitle=Beato+Band&amp;rft_id=http%3A%2F%2Fwww.beatoband.com%2F&amp;rfr_id=info%3Asid%2Fen.wikipedia.org%3AAmbrosia+%28band%29\" class=\"Z3988\"></span></span>\n</li>\n</ol></div></div>\n<div class=\"mw-heading mw-heading2\"><h2 id=\"External_links\">External links</h2></div>\n<style data-mw-deduplicate=\"TemplateStyles:r1308029216\">.mw-parser-output .side-box{margin:4px 0;box-sizing:border-box;border:1px solid #aaa;font-size:88%;line-height:1.25em;background-color:var(--background-color-interactive-subtle,#f8f9fa);display:flow-root}.mw-parser-output .infobox .side-box{font-size:100%}.mw-parser-output .side-box-abovebelow,.mw-parser-output .side-box-text{padding:0.25em 0.9em}.mw-parser-output .side-box-image{padding:2px 0 2px 0.9em;text-align:center}.mw-parser-output .side-box-imageright{padding:2px 0.9em 2px 0;text-align:center}@media(min-width:500px){.mw-parser-output .side-box-flex{display:flex;align-items:center}.mw-parser-output .side-box-text{flex:1;min-width:0}}@media(min-width:640px){.mw-parser-output .side-box{width:238px}.mw-parser-output .side-box-right{clear:right;float:right;margin-left:1em}.mw-parser-output .side-box-left{margin-right:1em}}</style><style data-mw-deduplicate=\"TemplateStyles:r1311551236\">@media print{body.ns-0 .mw-parser-output .sistersitebox{display:none!important}}@media screen{html.skin-theme-clientpref-night .mw-parser-output .sistersitebox img[src*=\"Wiktionary-logo-en-v2.svg\"]{filter:invert(1)brightness(55%)contrast(250%)hue-rotate(180deg)}}@media screen and (prefers-color-scheme:dark){html.skin-theme-clientpref-os .mw-parser-output .sistersitebox img[src*=\"Wiktionary-logo-en-v2.svg\"]{filter:invert(1)brightness(55%)contrast(250%)hue-rotate(180deg)}}</style><div class=\"side-box side-box-right plainlinks sistersitebox\"><link rel=\"mw-deduplicated-inline-style\" href=\"mw-data:TemplateStyles:r1126788409\" />\n<div class=\"side-box-flex\">\n<div class=\"side-box-image\"><span class=\"noviewer\" typeof=\"mw:File\"><a href=\"/wiki/File:Commons-logo.svg\" class=\"mw-file-description\"><img alt=\"\" src=\"//upload.wikimedia.org/wikipedia/en/thumb/4/4a/Commons-logo.svg/40px-Commons-logo.svg.png\" decoding=\"async\" width=\"30\" height=\"40\" class=\"mw-file-element\" srcset=\"//upload.wikimedia.org/wikipedia/en/thumb/4/4a/Commons-logo.svg/60px-Commons-logo.svg.png 1.5x\" data-file-width=\"1024\" data-file-height=\"1376\" /></a></span></div>\n<div class=\"side-box-text plainlist\">Wikimedia Commons has media related to <span style=\"font-weight: bold; font-style: italic;\"><a href=\"https://commons.wikimedia.org/wiki/Category:Ambrosia_(band)\" class=\"extiw\" title=\"commons:Category:Ambrosia (band)\">Ambrosia (band)</a></span>.</div></div>\n</div>\n<ul><li><span class=\"official-website\"><span class=\"url\"><a rel=\"nofollow\" class=\"external text\" href=\"http://www.ambrosialive.net/\">Official website</a></span></span></li>\n<li><link rel=\"mw-deduplicated-inline-style\" href=\"mw-data:TemplateStyles:r1238218222\" /><cite id=\"CITEREFHuey\" class=\"citation web cs1\">Huey, Steve. <a rel=\"nofollow\" class=\"external text\" href=\"https://www.allmusic.com/artist/ambrosia-p3537/biography\">\"Ambrosia: Biography\"</a>. Allmusic<span class=\"reference-accessdate\">. Retrieved <span class=\"nowrap\">March 22,</span> 2011</span>.</cite><span title=\"ctx_ver=Z39.88-2004&amp;rft_val_fmt=info%3Aofi%2Ffmt%3Akev%3Amtx%3Abook&amp;rft.genre=unknown&amp;rft.btitle=Ambrosia%3A+Biography&amp;rft.pub=Allmusic&amp;rft.aulast=Huey&amp;rft.aufirst=Steve&amp;rft_id=https%3A%2F%2Fwww.allmusic.com%2Fartist%2Fambrosia-p3537%2Fbiography&amp;rfr_id=info%3Asid%2Fen.wikipedia.org%3AAmbrosia+%28band%29\" class=\"Z3988\"></span></li>\n<li><a rel=\"nofollow\" class=\"external text\" href=\"https://youtube.com/watch?v=bBVts6rLF6I\">Michael McDonald sits in with Ambrosia in a tribute to the late B. B. King in May, 2015</a></li>\n<li><a rel=\"nofollow\" class=\"external text\" href=\"http://gonzotoday.com/2017/05/09/mary-harris-burleigh-drummond-of-ambrosia-the-gonzo-today-interview/\">Ambrosia’s Mary Harris and Burleigh Drummond</a> interviewed by <a href=\"/wiki/Gonzo_Today\" title=\"Gonzo Today\">Gonzo Today</a> in 2017</li></ul>\n<div class=\"navbox-styles\"><link rel=\"mw-deduplicated-inline-style\" href=\"mw-data:TemplateStyles:r1129693374\" /><style data-mw-deduplicate=\"TemplateStyles:r1236075235\">.mw-parser-output .navbox{box-sizing:border-box;border:1px solid #a2a9b1;width:100%;clear:both;font-size:88%;text-align:center;padding:1px;margin:1em auto 0}.mw-parser-output .navbox .navbox{margin-top:0}.mw-parser-output .navbox+.navbox,.mw-parser-output .navbox+.navbox-styles+.navbox{margin-top:-1px}.mw-parser-output .navbox-inner,.mw-parser-output .navbox-subgroup{width:100%}.mw-parser-output .navbox-group,.mw-parser-output .navbox-title,.mw-parser-output .navbox-abovebelow{padding:0.25em 1em;line-height:1.5em;text-align:center}.mw-parser-output .navbox-group{white-space:nowrap;text-align:right}.mw-parser-output .navbox,.mw-parser-output .navbox-subgroup{background-color:#fdfdfd}.mw-parser-output .navbox-list{line-height:1.5em;border-color:#fdfdfd}.mw-parser-output .navbox-list-with-group{text-align:left;border-left-width:2px;border-left-style:solid}.mw-parser-output tr+tr>.navbox-abovebelow,.mw-parser-output tr+tr>.navbox-group,.mw-parser-output tr+tr>.navbox-image,.mw-parser-output tr+tr>.navbox-list{border-top:2px solid #fdfdfd}.mw-parser-output .navbox-title{background-color:#ccf}.mw-parser-output .navbox-abovebelow,.mw-parser-output .navbox-group,.mw-parser-output .navbox-subgroup .navbox-title{background-color:#ddf}.mw-parser-output .navbox-subgroup .navbox-group,.mw-parser-output .navbox-subgroup .navbox-abovebelow{background-color:#e6e6ff}.mw-parser-output .navbox-even{background-color:#f7f7f7}.mw-parser-output .navbox-odd{background-color:transparent}.mw-parser-output .navbox .hlist td dl,.mw-parser-output .navbox .hlist td ol,.mw-parser-output .navbox .hlist td ul,.mw-parser-output .navbox td.hlist dl,.mw-parser-output .navbox td.hlist ol,.mw-parser-output .navbox td.hlist ul{padding:0.125em 0}.mw-parser-output .navbox .navbar{display:block;font-size:100%}.mw-parser-output .navbox-title .navbar{float:left;text-align:left;margin-right:0.5em}body.skin--responsive .mw-parser-output .navbox-image img{max-width:none!important}@media print{body.ns-0 .mw-parser-output .navbox{display:none!important}}</style><style data-mw-deduplicate=\"TemplateStyles:r1256394678\">@media screen{.mw-parser-output .navbox-musical-artist-solo .navbox-title{background-color:#f0e68c}.mw-parser-output .navbox-musical-artist-non-vocal .navbox-title{background-color:#f4bf92}.mw-parser-output .navbox-musical-artist-non-perform .navbox-title{background-color:#bfe0bf}.mw-parser-output .navbox-musical-artist-group .navbox-title{background-color:#b0c4de}.mw-parser-output .navbox-musical-artist-cover .navbox-title{background-color:#d8bfd8}.mw-parser-output .navbox-musical-artist-classical .navbox-title{background-color:#b0e0e6}.mw-parser-output .navbox-musical-artist-temp .navbox-title{background-color:#d3d3d3}.mw-parser-output .navbox-musical-artist .navbox-group,.mw-parser-output .navbox-musical-artist .navbox-abovebelow{background-color:var(--background-color-neutral,#eaecf0)}html.skin-theme-clienpref-night .mw-parser-output .navbox-musical-artist .navbox-title{background-color:inherit}}@media screen and (prefers-color-scheme:dark){html.skin-theme-clienpref-os .mw-parser-output .navbox-musical-artist .navbox-title{background-color:inherit}}</style></div><div role=\"navigation\" class=\"navbox navbox-musical-artist navbox-musical-artist-group\" aria-labelledby=\"Ambrosia1005\" style=\"padding:3px\"><table class=\"nowraplinks vcard hlist mw-collapsible autocollapse navbox-inner\" style=\"border-spacing:0;background:transparent;color:inherit\"><tbody><tr><th scope=\"col\" class=\"navbox-title\" colspan=\"2\"><link rel=\"mw-deduplicated-inline-style\" href=\"mw-data:TemplateStyles:r1129693374\" /><style data-mw-deduplicate=\"TemplateStyles:r1239400231\">.mw-parser-output .navbar{display:inline;font-size:88%;font-weight:normal}.mw-parser-output .navbar-collapse{float:left;text-align:left}.mw-parser-output .navbar-boxtext{word-spacing:0}.mw-parser-output .navbar ul{display:inline-block;white-space:nowrap;line-height:inherit}.mw-parser-output .navbar-brackets::before{margin-right:-0.125em;content:\"[ \"}.mw-parser-output .navbar-brackets::after{margin-left:-0.125em;content:\" ]\"}.mw-parser-output .navbar li{word-spacing:-0.125em}.mw-parser-output .navbar a>span,.mw-parser-output .navbar a>abbr{text-decoration:inherit}.mw-parser-output .navbar-mini abbr{font-variant:small-caps;border-bottom:none;text-decoration:none;cursor:inherit}.mw-parser-output .navbar-ct-full{font-size:114%;margin:0 7em}.mw-parser-output .navbar-ct-mini{font-size:114%;margin:0 4em}html.skin-theme-clientpref-night .mw-parser-output .navbar li a abbr{color:var(--color-base)!important}@media(prefers-color-scheme:dark){html.skin-theme-clientpref-os .mw-parser-output .navbar li a abbr{color:var(--color-base)!important}}@media print{.mw-parser-output .navbar{display:none!important}}</style><div class=\"navbar plainlinks hlist navbar-mini\"><ul><li class=\"nv-view\"><a href=\"/wiki/Template:Ambrosia_(band)\" title=\"Template:Ambrosia (band)\"><abbr title=\"View this template\">v</abbr></a></li><li class=\"nv-talk\"><a href=\"/wiki/Template_talk:Ambrosia_(band)\" title=\"Template talk:Ambrosia (band)\"><abbr title=\"Discuss this template\">t</abbr></a></li><li class=\"nv-edit\"><a href=\"/wiki/Special:EditPage/Template:Ambrosia_(band)\" title=\"Special:EditPage/Template:Ambrosia (band)\"><abbr title=\"Edit this template\">e</abbr></a></li></ul></div><div id=\"Ambrosia1005\" class=\"fn org\" style=\"font-size:114%;margin:0 4em\"><a class=\"mw-selflink selflink\">Ambrosia</a></div></th></tr><tr><td class=\"navbox-abovebelow\" colspan=\"2\"><div>\n<ul><li><b><a href=\"/wiki/Joe_Puerta\" title=\"Joe Puerta\">Joe Puerta</a></b></li>\n<li><b><a href=\"/wiki/Burleigh_Drummond\" title=\"Burleigh Drummond\">Burleigh Drummond</a></b></li>\n<li><b><a href=\"/wiki/Christopher_North_(Ambrosia)\" title=\"Christopher North (Ambrosia)\">Christopher North</a></b></li>\n<li><b><a href=\"/wiki/Doug_Jackson_(musician)\" title=\"Doug Jackson (musician)\">Doug Jackson</a></b></li>\n<li><b><a href=\"/wiki/Mary_Harris_(musician)\" title=\"Mary Harris (musician)\">Mary Harris</a></b></li></ul>\n<ul><li><a href=\"/wiki/David_Pack\" title=\"David Pack\">David Pack</a></li>\n<li><a href=\"/wiki/David_C._Lewis_(musician)\" title=\"David C. Lewis (musician)\">David C. Lewis</a></li>\n<li><a href=\"/wiki/Royce_Jones\" title=\"Royce Jones\">Royce Jones</a></li>\n<li><a href=\"/wiki/Ken_Stacey\" title=\"Ken Stacey\">Ken Stacey</a></li>\n<li><a href=\"/wiki/Robert_Berry\" title=\"Robert Berry\">Robert Berry</a></li>\n<li><a href=\"/wiki/Kipp_Lennon\" title=\"Kipp Lennon\">Kipp Lennon</a></li></ul>\n</div></td></tr><tr><th scope=\"row\" class=\"navbox-group\" style=\"width:1%\">Albums</th><td class=\"navbox-list-with-group navbox-list navbox-odd\" style=\"width:100%;padding:0\"><div style=\"padding:0 0.25em\">\n<ul><li><i><a href=\"/wiki/Ambrosia_(album)\" title=\"Ambrosia (album)\">Ambrosia</a></i></li>\n<li><i><a href=\"/wiki/Somewhere_I%27ve_Never_Travelled\" title=\"Somewhere I&#39;ve Never Travelled\">Somewhere I've Never Travelled</a></i></li>\n<li><i><a href=\"/wiki/Life_Beyond_L.A.\" title=\"Life Beyond L.A.\">Life Beyond L.A.</a></i></li>\n<li><i><a href=\"/wiki/One_Eighty_(album)\" title=\"One Eighty (album)\">One Eighty</a></i></li>\n<li><i><a href=\"/wiki/Road_Island_(album)\" title=\"Road Island (album)\">Road Island</a></i></li>\n<li><i><a href=\"/wiki/Anthology_(Ambrosia_album)\" title=\"Anthology (Ambrosia album)\">Anthology</a></i></li></ul>\n</div></td></tr><tr><th scope=\"row\" class=\"navbox-group\" style=\"width:1%\">Singles</th><td class=\"navbox-list-with-group navbox-list navbox-even\" style=\"width:100%;padding:0\"><div style=\"padding:0 0.25em\">\n<ul><li>\"<a href=\"/wiki/Holdin%27_on_to_Yesterday\" title=\"Holdin&#39; on to Yesterday\">Holdin' on to Yesterday</a>\"</li>\n<li>\"<a href=\"/wiki/Magical_Mystery_Tour_(song)\" title=\"Magical Mystery Tour (song)\">Magical Mystery Tour</a>\"</li>\n<li>\"<a href=\"/wiki/How_Much_I_Feel\" title=\"How Much I Feel\">How Much I Feel</a>\"</li>\n<li>\"<a href=\"/wiki/Biggest_Part_of_Me\" title=\"Biggest Part of Me\">Biggest Part of Me</a>\"</li>\n<li>\"<a href=\"/wiki/You%27re_the_Only_Woman_(You_%26_I)\" title=\"You&#39;re the Only Woman (You &amp; I)\">You're the Only Woman (You &amp; I)</a>\"</li></ul>\n</div></td></tr><tr><th scope=\"row\" class=\"navbox-group\" style=\"width:1%\">Related articles</th><td class=\"navbox-list-with-group navbox-list navbox-odd\" style=\"width:100%;padding:0\"><div style=\"padding:0 0.25em\">\n<ul><li><a href=\"/wiki/Ambrosia_discography\" title=\"Ambrosia discography\">Discography</a></li>\n<li><i><a href=\"/wiki/Anywhere_You_Go\" title=\"Anywhere You Go\">Anywhere You Go</a></i></li>\n<li>\"<a href=\"/wiki/I_Just_Can%27t_Let_Go\" title=\"I Just Can&#39;t Let Go\">I Just Can't Let Go</a>\"</li></ul>\n</div></td></tr></tbody></table></div>\n<div class=\"navbox-styles\"><link rel=\"mw-deduplicated-inline-style\" href=\"mw-data:TemplateStyles:r1129693374\" /><link rel=\"mw-deduplicated-inline-style\" href=\"mw-data:TemplateStyles:r1236075235\" /></div><div role=\"navigation\" class=\"navbox authority-control\" aria-labelledby=\"Authority_control_databases_frameless&amp;#124;text-top&amp;#124;10px&amp;#124;alt=Edit_this_at_Wikidata&amp;#124;link=https&amp;#58;//www.wikidata.org/wiki/Q459390#identifiers&amp;#124;class=noprint&amp;#124;Edit_this_at_Wikidata635\" style=\"padding:3px\"><table class=\"nowraplinks hlist mw-collapsible autocollapse navbox-inner\" style=\"border-spacing:0;background:transparent;color:inherit\"><tbody><tr><th scope=\"col\" class=\"navbox-title\" colspan=\"2\"><div id=\"Authority_control_databases_frameless&amp;#124;text-top&amp;#124;10px&amp;#124;alt=Edit_this_at_Wikidata&amp;#124;link=https&amp;#58;//www.wikidata.org/wiki/Q459390#identifiers&amp;#124;class=noprint&amp;#124;Edit_this_at_Wikidata635\" style=\"font-size:114%;margin:0 4em\"><a href=\"/wiki/Help:Authority_control\" title=\"Help:Authority control\">Authority control databases</a> <span class=\"mw-valign-text-top noprint\" typeof=\"mw:File/Frameless\"><a href=\"https://www.wikidata.org/wiki/Q459390#identifiers\" title=\"Edit this at Wikidata\"><img alt=\"Edit this at Wikidata\" src=\"//upload.wikimedia.org/wikipedia/en/thumb/8/8a/OOjs_UI_icon_edit-ltr-progressive.svg/20px-OOjs_UI_icon_edit-ltr-progressive.svg.png\" decoding=\"async\" width=\"10\" height=\"10\" class=\"mw-file-element\" data-file-width=\"20\" data-file-height=\"20\" /></a></span></div></th></tr><tr><th scope=\"row\" class=\"navbox-group\" style=\"width:1%\">International</th><td class=\"navbox-list-with-group navbox-list navbox-odd\" style=\"width:100%;padding:0\"><div style=\"padding:0 0.25em\"><ul><li><span class=\"uid\"><a rel=\"nofollow\" class=\"external text\" href=\"https://isni.org/isni/0000000088074071\">ISNI</a></span></li></ul></div></td></tr><tr><th scope=\"row\" class=\"navbox-group\" style=\"width:1%\">National</th><td class=\"navbox-list-with-group navbox-list navbox-even\" style=\"width:100%;padding:0\"><div style=\"padding:0 0.25em\"><ul><li><span class=\"uid\"><a rel=\"nofollow\" class=\"external text\" href=\"https://id.loc.gov/authorities/n95097131\">United States</a></span></li></ul></div></td></tr><tr><th scope=\"row\" class=\"navbox-group\" style=\"width:1%\">Artists</th><td class=\"navbox-list-with-group navbox-list navbox-odd\" style=\"width:100%;padding:0\"><div style=\"padding:0 0.25em\"><ul><li><span class=\"uid\"><a rel=\"nofollow\" class=\"external text\" href=\"https://musicbrainz.org/artist/1fbed090-3b82-4766-b1e8-abab89e47417\">MusicBrainz</a></span></li></ul></div></td></tr></tbody></table></div>\n<!-- \nNewPP limit report\nParsed by mw‐web.codfw.main‐9c75744‐2t5kj\nCached time: 20250928050853\nCache expiry: 2592000\nReduced expiry: false\nComplications: [vary‐revision‐sha1, show‐toc]\nCPU time usage: 0.731 seconds\nReal time usage: 0.939 seconds\nPreprocessor visited node count: 3876/1000000\nRevision size: 30462/2097152 bytes\nPost‐expand include size: 60826/2097152 bytes\nTemplate argument size: 7160/2097152 bytes\nHighest expansion depth: 14/100\nExpensive parser function count: 3/500\nUnstrip recursion depth: 1/20\nUnstrip post‐expand size: 128490/5000000 bytes\nLua time usage: 0.351/10.000 seconds\nLua memory usage: 6762517/52428800 bytes\nNumber of Wikibase entities loaded: 1/500\n-->\n<!--\nTransclusion expansion time report (%,ms,calls,template)\n100.00%  763.326      1 -total\n 20.49%  156.422      1 Template:Reflist\n 16.57%  126.446      1 Template:Infobox_musical_artist\n 15.86%  121.073      1 Template:Infobox\n 15.20%  116.002     10 Template:Cite_web\n 12.46%   95.081      1 Template:Ambrosia_(band)\n 12.11%   92.444      1 Template:Navbox_musical_artist\n 10.90%   83.217      1 Template:Short_description\n  7.22%   55.143      6 Template:Flatlist\n  6.76%   51.588      1 Template:Commons_category\n-->\n\n<!-- Saved in parser cache with key enwiki:pcache:1037735:|#|:idhash:canonical and timestamp 20250928050853 and revision id 1313435059. Rendering was triggered because: page_view\n -->\n</div>"
        }
    }
}