{
    "parse": {
        "title": "Billy Squier",
        "pageid": 1261916,
        "text": {
            "*": "<div class=\"mw-content-ltr mw-parser-output\" lang=\"en\" dir=\"ltr\"><div class=\"shortdescription nomobile noexcerpt noprint searchaux\" style=\"display:none\">American musician (born 1950)</div>\n<p class=\"mw-empty-elt\">\n</p>\n<style data-mw-deduplicate=\"TemplateStyles:r1126788409\">.mw-parser-output .plainlist ol,.mw-parser-output .plainlist ul{line-height:inherit;list-style:none;margin:0;padding:0}.mw-parser-output .plainlist ol li,.mw-parser-output .plainlist ul li{margin-bottom:0}</style><style data-mw-deduplicate=\"TemplateStyles:r1295905060\">.mw-parser-output .infobox-subbox{padding:0;border:none;margin:-3px;width:auto;min-width:100%;font-size:100%;clear:none;float:none;background-color:transparent}.mw-parser-output .infobox-3cols-child{margin:auto}.mw-parser-output .infobox .navbar{font-size:100%}@media screen{html.skin-theme-clientpref-night .mw-parser-output .infobox-full-data:not(.notheme)>div:not(.notheme)[style]{background:#1f1f23!important;color:#f8f9fa}}@media screen and (prefers-color-scheme:dark){html.skin-theme-clientpref-os .mw-parser-output .infobox-full-data:not(.notheme)>div:not(.notheme)[style]{background:#1f1f23!important;color:#f8f9fa}}@media(min-width:640px){body.skin--responsive .mw-parser-output .infobox-table{display:table!important}body.skin--responsive .mw-parser-output .infobox-table>caption{display:table-caption!important}body.skin--responsive .mw-parser-output .infobox-table>tbody{display:table-row-group}body.skin--responsive .mw-parser-output .infobox-table th,body.skin--responsive .mw-parser-output .infobox-table td{padding-left:inherit;padding-right:inherit}}</style><table class=\"infobox vcard plainlist\"><tbody><tr><th colspan=\"2\" class=\"infobox-above\" style=\"color: #202122;background-color: #b0c4de; font-size: 125%;\"><div class=\"\">Billy Squier</div></th></tr><tr><td colspan=\"2\" class=\"infobox-image\"><span typeof=\"mw:File\"><a href=\"/wiki/File:Billy_Squier_1982_press_photo.jpg\" class=\"mw-file-description\" title=\"Squier in 1982\"><img alt=\"Squier in 1982\" src=\"//upload.wikimedia.org/wikipedia/commons/thumb/5/52/Billy_Squier_1982_press_photo.jpg/330px-Billy_Squier_1982_press_photo.jpg\" decoding=\"async\" width=\"292\" height=\"200\" class=\"mw-file-element\" srcset=\"//upload.wikimedia.org/wikipedia/commons/thumb/5/52/Billy_Squier_1982_press_photo.jpg/500px-Billy_Squier_1982_press_photo.jpg 1.5x, //upload.wikimedia.org/wikipedia/commons/thumb/5/52/Billy_Squier_1982_press_photo.jpg/960px-Billy_Squier_1982_press_photo.jpg 2x\" data-file-width=\"1773\" data-file-height=\"1217\" /></a></span><div class=\"infobox-caption\">Squier in 1982</div></td></tr><tr><th colspan=\"2\" class=\"infobox-header\" style=\"color: #202122;background-color: #b0c4de\">Background information</th></tr><tr><th scope=\"row\" class=\"infobox-label\"><span class=\"nowrap\">Birth name</span></th><td class=\"infobox-data nickname\">William Haislip Squier</td></tr><tr><th scope=\"row\" class=\"infobox-label\">Born</th><td class=\"infobox-data\"><span style=\"display:none\"> (<span class=\"bday\">1950-05-12</span>) </span>May 12, 1950<span class=\"noprint ForceAgeToShow\"> (age&#160;75)</span><br /><div class=\"birthplace\"><a href=\"/wiki/Wellesley,_Massachusetts\" title=\"Wellesley, Massachusetts\">Wellesley, Massachusetts</a>, U.S.</div></td></tr><tr><th scope=\"row\" class=\"infobox-label\">Genres</th><td class=\"infobox-data\"><style data-mw-deduplicate=\"TemplateStyles:r1129693374\">.mw-parser-output .hlist dl,.mw-parser-output .hlist ol,.mw-parser-output .hlist ul{margin:0;padding:0}.mw-parser-output .hlist dd,.mw-parser-output .hlist dt,.mw-parser-output .hlist li{margin:0;display:inline}.mw-parser-output .hlist.inline,.mw-parser-output .hlist.inline dl,.mw-parser-output .hlist.inline ol,.mw-parser-output .hlist.inline ul,.mw-parser-output .hlist dl dl,.mw-parser-output .hlist dl ol,.mw-parser-output .hlist dl ul,.mw-parser-output .hlist ol dl,.mw-parser-output .hlist ol ol,.mw-parser-output .hlist ol ul,.mw-parser-output .hlist ul dl,.mw-parser-output .hlist ul ol,.mw-parser-output .hlist ul ul{display:inline}.mw-parser-output .hlist .mw-empty-li{display:none}.mw-parser-output .hlist dt::after{content:\": \"}.mw-parser-output .hlist dd::after,.mw-parser-output .hlist li::after{content:\" · \";font-weight:bold}.mw-parser-output .hlist dd:last-child::after,.mw-parser-output .hlist dt:last-child::after,.mw-parser-output .hlist li:last-child::after{content:none}.mw-parser-output .hlist dd dd:first-child::before,.mw-parser-output .hlist dd dt:first-child::before,.mw-parser-output .hlist dd li:first-child::before,.mw-parser-output .hlist dt dd:first-child::before,.mw-parser-output .hlist dt dt:first-child::before,.mw-parser-output .hlist dt li:first-child::before,.mw-parser-output .hlist li dd:first-child::before,.mw-parser-output .hlist li dt:first-child::before,.mw-parser-output .hlist li li:first-child::before{content:\" (\";font-weight:normal}.mw-parser-output .hlist dd dd:last-child::after,.mw-parser-output .hlist dd dt:last-child::after,.mw-parser-output .hlist dd li:last-child::after,.mw-parser-output .hlist dt dd:last-child::after,.mw-parser-output .hlist dt dt:last-child::after,.mw-parser-output .hlist dt li:last-child::after,.mw-parser-output .hlist li dd:last-child::after,.mw-parser-output .hlist li dt:last-child::after,.mw-parser-output .hlist li li:last-child::after{content:\")\";font-weight:normal}.mw-parser-output .hlist ol{counter-reset:listitem}.mw-parser-output .hlist ol>li{counter-increment:listitem}.mw-parser-output .hlist ol>li::before{content:\" \"counter(listitem)\"\\a0 \"}.mw-parser-output .hlist dd ol>li:first-child::before,.mw-parser-output .hlist dt ol>li:first-child::before,.mw-parser-output .hlist li ol>li:first-child::before{content:\" (\"counter(listitem)\"\\a0 \"}</style><div class=\"hlist\">\n<ul><li><a href=\"/wiki/Hard_rock\" title=\"Hard rock\">Hard rock</a></li>\n<li><a href=\"/wiki/Arena_rock\" title=\"Arena rock\">arena rock</a></li>\n<li><a href=\"/wiki/Pop_rock\" title=\"Pop rock\">pop rock</a></li>\n<li><a href=\"/wiki/Power_pop\" title=\"Power pop\">power pop</a></li></ul>\n</div></td></tr><tr><th scope=\"row\" class=\"infobox-label\">Occupations</th><td class=\"infobox-data role\"><link rel=\"mw-deduplicated-inline-style\" href=\"mw-data:TemplateStyles:r1129693374\" /><div class=\"hlist\">\n<ul><li>Musician</li>\n<li>songwriter</li></ul>\n</div></td></tr><tr><th scope=\"row\" class=\"infobox-label\">Instruments</th><td class=\"infobox-data note\"><link rel=\"mw-deduplicated-inline-style\" href=\"mw-data:TemplateStyles:r1129693374\" /><div class=\"hlist\">\n<ul><li><a href=\"/wiki/Singing\" title=\"Singing\">Vocals</a></li>\n<li><a href=\"/wiki/Guitar\" title=\"Guitar\">guitar</a></li>\n<li><a href=\"/wiki/Keyboard_instrument\" title=\"Keyboard instrument\">keyboards</a></li>\n<li><a href=\"/wiki/Bass_guitar\" title=\"Bass guitar\">bass guitar</a></li>\n<li><a href=\"/wiki/Percussion\" class=\"mw-redirect\" title=\"Percussion\">percussion</a></li></ul>\n</div></td></tr><tr><th scope=\"row\" class=\"infobox-label\"><span class=\"nowrap\">Years active</span></th><td class=\"infobox-data\">1968–present</td></tr><tr><th scope=\"row\" class=\"infobox-label\">Labels</th><td class=\"infobox-data\"><a href=\"/wiki/Capitol_Records\" title=\"Capitol Records\">Capitol</a></td></tr><tr><th colspan=\"2\" class=\"infobox-header\" style=\"color: #202122;background-color: #b0c4de\"></th></tr><tr><th scope=\"row\" class=\"infobox-label\">Website</th><td class=\"infobox-data\"><span class=\"url\"><a rel=\"nofollow\" class=\"external text\" href=\"http://www.billysquier.com\">www<wbr />.billysquier<wbr />.com</a></span></td></tr></tbody></table><div class=\"shortdescription nomobile noexcerpt noprint searchaux\" style=\"display:none\">Musical artist</div>\n<p><b>William Haislip Squier</b> (<span class=\"rt-commentedText nowrap\"><span class=\"IPA nopopups noexcerpt\" lang=\"en-fonipa\"><a href=\"/wiki/Help:IPA/English\" title=\"Help:IPA/English\">/<span style=\"border-bottom:1px dotted\"><span title=\"/ˈ/: primary stress follows\">ˈ</span><span title=\"&#39;s&#39; in &#39;sigh&#39;\">s</span><span title=\"&#39;k&#39; in &#39;kind&#39;\">k</span><span title=\"&#39;w&#39; in &#39;wind&#39;\">w</span><span title=\"/aɪ/: &#39;i&#39; in &#39;tide&#39;\">aɪ</span><span title=\"/./: syllable break\">.</span><span title=\"/ər/: &#39;er&#39; in &#39;letter&#39;\">ər</span></span>/</a></span></span>, born May 12, 1950) is an American musician, singer, and songwriter who had a string of <a href=\"/wiki/Arena_rock\" title=\"Arena rock\">arena rock</a> and crossover<sup class=\"noprint Inline-Template\" style=\"margin-left:0.1em; white-space:nowrap;\">&#91;<i><a href=\"/wiki/Wikipedia:Please_clarify\" title=\"Wikipedia:Please clarify\"><span title=\"crossover between pop &amp; rock? (December 2023)\">clarification needed</span></a></i>&#93;</sup> hits in the early 1980s. His best-known songs include \"<a href=\"/wiki/The_Stroke\" title=\"The Stroke\">The Stroke</a>\", \"<a href=\"/wiki/Lonely_Is_the_Night\" title=\"Lonely Is the Night\">Lonely Is the Night</a>\", \"<a href=\"/wiki/My_Kinda_Lover\" title=\"My Kinda Lover\">My Kinda Lover</a>\", \"<a href=\"/wiki/In_the_Dark_(Billy_Squier_song)\" title=\"In the Dark (Billy Squier song)\">In the Dark</a>\", \"<a href=\"/wiki/Rock_Me_Tonite\" title=\"Rock Me Tonite\">Rock Me Tonite</a>\", \"<a href=\"/wiki/Everybody_Wants_You\" title=\"Everybody Wants You\">Everybody Wants You</a>\", \"<a href=\"/wiki/Emotions_in_Motion_(song)\" title=\"Emotions in Motion (song)\">Emotions in Motion</a>\", \"<a href=\"/wiki/Love_Is_the_Hero\" title=\"Love Is the Hero\">Love Is the Hero</a>\", and \"<a href=\"/wiki/Don%27t_Say_You_Love_Me_(Billy_Squier_song)\" title=\"Don&#39;t Say You Love Me (Billy Squier song)\">Don't Say You Love Me</a>\". Squier's best-selling album, 1981's <a href=\"/wiki/Don%27t_Say_No_(Billy_Squier_album)\" title=\"Don&#39;t Say No (Billy Squier album)\"><i>Don't Say No</i></a>, is considered a landmark release of arena rock, bridging the gap between <a href=\"/wiki/Power_pop\" title=\"Power pop\">power pop</a> and <a href=\"/wiki/Hard_rock\" title=\"Hard rock\">hard rock</a>. \n</p><p>Described as a personification of early 1980s rock music,<sup id=\"cite_ref-1\" class=\"reference\"><a href=\"#cite_note-1\"><span class=\"cite-bracket\">&#91;</span>1<span class=\"cite-bracket\">&#93;</span></a></sup> Squier's most successful period was from 1981 to 1984, during which he had five Top 10 Mainstream Rock hits (two of which were number ones), two Top 20 singles, three consecutive platinum-selling albums, and videos in <a href=\"/wiki/MTV\" title=\"MTV\">MTV</a> rotation. Even after falling out from mainstream favor and chart success, which some say is because of the 1984 video for \"Rock Me Tonite\",<sup id=\"cite_ref-I_Want_My_MTV_2-0\" class=\"reference\"><a href=\"#cite_note-I_Want_My_MTV-2\"><span class=\"cite-bracket\">&#91;</span>2<span class=\"cite-bracket\">&#93;</span></a></sup> Squier has maintained his presence on rock radio and his music used in many films and video games. Squier largely stopped recording music after the commercial failure of the 1993 album <i><a href=\"/wiki/Tell_the_Truth_(Billy_Squier_album)\" title=\"Tell the Truth (Billy Squier album)\">Tell the Truth</a></i>, but has continued to perform smaller tours, one-off concerts, and occasional collaborations.\n</p><p>His 1980 song \"<a href=\"/wiki/The_Big_Beat_(Billy_Squier_song)\" class=\"mw-redirect\" title=\"The Big Beat (Billy Squier song)\">The Big Beat</a>\" contains one of the most-sampled drum breaks, used by artists such as <a href=\"/wiki/Run-DMC\" title=\"Run-DMC\">Run-DMC</a>, <a href=\"/wiki/Alicia_Keys\" title=\"Alicia Keys\">Alicia Keys</a>, <a href=\"/wiki/Jay-Z\" title=\"Jay-Z\">Jay-Z</a>, <a href=\"/wiki/UTFO\" title=\"UTFO\">UTFO</a>, and <a href=\"/wiki/Dizzee_Rascal\" title=\"Dizzee Rascal\">Dizzee Rascal</a>. \"The Stroke\" is sampled in <a href=\"/wiki/Eminem\" title=\"Eminem\">Eminem</a>'s 2013 hit \"<a href=\"/wiki/Berzerk_(song)\" title=\"Berzerk (song)\">Berzerk</a>\".<sup class=\"noprint Inline-Template Template-Fact\" style=\"white-space:nowrap;\">&#91;<i><a href=\"/wiki/Wikipedia:Citation_needed\" title=\"Wikipedia:Citation needed\"><span title=\"This claim needs references to reliable sources. (February 2025)\">citation needed</span></a></i>&#93;</sup>\n</p>\n\n<div class=\"mw-heading mw-heading2\"><h2 id=\"Career\">Career</h2></div>\n<div class=\"mw-heading mw-heading3\"><h3 id=\"Early_life_and_first_bands_(1950–1974)\"><span id=\"Early_life_and_first_bands_.281950.E2.80.931974.29\"></span>Early life and first bands (1950–1974)</h3></div>\n<p>Squier was born in <a href=\"/wiki/Wellesley,_Massachusetts\" title=\"Wellesley, Massachusetts\">Wellesley</a>, <a href=\"/wiki/Massachusetts\" title=\"Massachusetts\">Massachusetts</a>. He is a 1968 graduate of Wellesley High School. While growing up, he took piano lessons starting at age eight. Bored with the lessons after three years, his grandfather paid him to continue for a while longer. Squier became interested in guitar after a classmate sold him one for $90. He formed his first band, the Reltneys, when he was 14.<sup id=\"cite_ref-3\" class=\"reference\"><a href=\"#cite_note-3\"><span class=\"cite-bracket\">&#91;</span>3<span class=\"cite-bracket\">&#93;</span></a></sup> He became more serious about music when he discovered <a href=\"/wiki/John_Mayall_%26_The_Bluesbreakers\" class=\"mw-redirect\" title=\"John Mayall &amp; The Bluesbreakers\">John Mayall &amp; The Bluesbreakers</a>.<sup class=\"noprint Inline-Template Template-Fact\" style=\"white-space:nowrap;\">&#91;<i><a href=\"/wiki/Wikipedia:Citation_needed\" title=\"Wikipedia:Citation needed\"><span title=\"This claim needs references to reliable sources. (February 2025)\">citation needed</span></a></i>&#93;</sup>\n</p><p>Squier's first public performances were in 1968 at a <a href=\"/wiki/Boston\" title=\"Boston\">Boston</a> nightclub in Kenmore Square named <a href=\"/wiki/The_Psychedelic_Supermarket\" title=\"The Psychedelic Supermarket\">the Psychedelic Supermarket</a>, where he saw <a href=\"/wiki/Eric_Clapton\" title=\"Eric Clapton\">Eric Clapton</a> and the band <a href=\"/wiki/Cream_(band)\" title=\"Cream (band)\">Cream</a>. This encouraged him to take music more seriously. He formed the band Magic Terry &amp; the Universe with a school friend. In the early 1970s, Squier played with the short lived bands Kicks, alongside future <a href=\"/wiki/New_York_Dolls\" title=\"New York Dolls\">New York Dolls</a> drummer <a href=\"/wiki/Jerry_Nolan\" title=\"Jerry Nolan\">Jerry Nolan</a>. Squier also briefly attended <a href=\"/wiki/Berklee_College_of_Music\" title=\"Berklee College of Music\">Berklee College of Music</a> in 1971. Squier was planning to become a teacher but instead went back to New York and played with the band the Sidewinders.<sup id=\"cite_ref-4\" class=\"reference\"><a href=\"#cite_note-4\"><span class=\"cite-bracket\">&#91;</span>4<span class=\"cite-bracket\">&#93;</span></a></sup>\n</p>\n<div class=\"mw-heading mw-heading3\"><h3 id=\"Piper_and_solo_career_(1975–1980)\"><span id=\"Piper_and_solo_career_.281975.E2.80.931980.29\"></span>Piper and solo career (1975–1980)</h3></div>\n<p>In the mid-1970s, Squier encountered his first real experience with the music industry after striking a record deal with his new band Piper, which went on to release two studio records, <i>Piper</i> and <i>Can't Wait.</i> The band was praised by critics: reviewing the self-titled album, <i><a href=\"/wiki/Circus_(magazine)\" title=\"Circus (magazine)\">Circus</a></i> magazine touted it as \"the greatest debut album ever produced by a US rock band\".<sup id=\"cite_ref-5\" class=\"reference\"><a href=\"#cite_note-5\"><span class=\"cite-bracket\">&#91;</span>5<span class=\"cite-bracket\">&#93;</span></a></sup> Piper was managed by the same management company as <a href=\"/wiki/Kiss_(band)\" title=\"Kiss (band)\">Kiss</a> and opened for them during their 1977 tour, including two nights of a sold-out run at New York's <a href=\"/wiki/Madison_Square_Garden\" title=\"Madison Square Garden\">Madison Square Garden</a>. Squier served as both main songwriter and frontman of the group.\n</p><p>Despite receiving considerable success at the local rock scene, Piper broke up. Squier signed a solo deal with <a href=\"/wiki/Capitol_Records\" title=\"Capitol Records\">Capitol Records</a> in 1979 and started working on his solo debut <i><a href=\"/wiki/The_Tale_of_the_Tape\" title=\"The Tale of the Tape\">The Tale of the Tape</a></i>, which was released in spring 1980. The album provided him with strong momentum, spending three months on <i><a href=\"/wiki/Billboard_(magazine)\" title=\"Billboard (magazine)\">Billboard</a>'s</i> album chart, though peaking only at No. 169. Squier's first singles \"You Should Be High Love\" and \"<a href=\"/wiki/The_Big_Beat_(Billy_Squier_song)\" class=\"mw-redirect\" title=\"The Big Beat (Billy Squier song)\">The Big Beat</a>\" missed the charts but got moderate radio play nationally. Along with Bobby Chouinard, his backing band consisted of Alan St. Jon on keyboards, Cary Sharaf on lead guitar, and <a href=\"/wiki/Mark_Clarke_(musician)\" title=\"Mark Clarke (musician)\">Mark Clarke</a> (who previously had short jobs in <a href=\"/wiki/Uriah_Heep_(band)\" title=\"Uriah Heep (band)\">Uriah Heep</a> and <a href=\"/wiki/Rainbow_(rock_band)\" title=\"Rainbow (rock band)\">Rainbow</a>) on bass.<sup id=\"cite_ref-6\" class=\"reference\"><a href=\"#cite_note-6\"><span class=\"cite-bracket\">&#91;</span>6<span class=\"cite-bracket\">&#93;</span></a></sup>\n</p>\n<div class=\"mw-heading mw-heading3\"><h3 id=\"Commercial_success:_Don't_Say_No_and_Emotions_in_Motion_(1981–1983)\"><span id=\"Commercial_success:_Don.27t_Say_No_and_Emotions_in_Motion_.281981.E2.80.931983.29\"></span>Commercial success: <i>Don't Say No</i> and <i>Emotions in Motion</i> (1981–1983)</h3></div>\n<p>Following a small but fairly successful summer tour with <a href=\"/wiki/Alice_Cooper\" title=\"Alice Cooper\">Alice Cooper</a> in 1980, Squier got in contact with <a href=\"/wiki/Queen_(band)\" title=\"Queen (band)\">Queen</a> guitarist <a href=\"/wiki/Brian_May\" title=\"Brian May\">Brian May</a> and asked him to produce his next album. Due to scheduling conflicts, May declined, but he recommended <a href=\"/wiki/Reinhold_Mack\" title=\"Reinhold Mack\">Reinhold Mack</a>, who had produced Queen's most recent album <i><a href=\"/wiki/The_Game_(Queen_album)\" title=\"The Game (Queen album)\">The Game</a>.</i> Squier and Mack joined forces to produce <i><a href=\"/wiki/Don%27t_Say_No_(Billy_Squier_album)\" title=\"Don&#39;t Say No (Billy Squier album)\">Don't Say No</a></i>, which earned rave reviews and spawned three hit singles. The first, \"<a href=\"/wiki/The_Stroke\" title=\"The Stroke\">The Stroke</a>,\" became his breakthrough hit, hitting Top 20 in the US and reaching the top five in Australia, as well as charting high in Canada and in Britain, where the song remains his only chart entry. \"<a href=\"/wiki/In_the_Dark_(Billy_Squier_song)\" title=\"In the Dark (Billy Squier song)\">In the Dark</a>\" and \"<a href=\"/wiki/My_Kinda_Lover\" title=\"My Kinda Lover\">My Kinda Lover</a>\" were successful follow-ups. The album also includes \"<a href=\"/wiki/Lonely_Is_the_Night\" title=\"Lonely Is the Night\">Lonely Is the Night</a>\", which became a radio favorite and one of his signature songs, despite not being released as a single (however, in Britain, it was the B-side for \"In the Dark\"). Squier was also popular on the new MTV cable channel, where his straightforward performance-based videos received heavy rotation. <i>Don't Say No</i> peaked at No. 5 on the <a href=\"/wiki/Billboard_200\" title=\"Billboard 200\"><i>Billboard</i> 200</a> and lasted well over two years on the chart, eventually selling over 4 million copies in the US alone, making it Squier's most commercially successful album.<sup id=\"cite_ref-7\" class=\"reference\"><a href=\"#cite_note-7\"><span class=\"cite-bracket\">&#91;</span>7<span class=\"cite-bracket\">&#93;</span></a></sup>\n</p><p>Squier was known for being a perfectionist and short-tempered at producers sometimes. He ended his partnership with Mack after disagreements between the two escalated because of artistic differences.<sup id=\"cite_ref-8\" class=\"reference\"><a href=\"#cite_note-8\"><span class=\"cite-bracket\">&#91;</span>8<span class=\"cite-bracket\">&#93;</span></a></sup> Despite the problems, Squier's third album <i><a href=\"/wiki/Emotions_in_Motion\" title=\"Emotions in Motion\">Emotions In Motion</a></i> was released in 1982 and became very successful, although in the long run, it didn't catch its predecessor in sales. Nevertheless, the album hit No. 5 in both US and Canada, sold approximately 3 million copies, and spawned the successful radio and video hits \"<a href=\"/wiki/Emotions_in_Motion_(Billy_Squier_song)\" class=\"mw-redirect\" title=\"Emotions in Motion (Billy Squier song)\">Emotions in Motion</a>\" and \"<a href=\"/wiki/Everybody_Wants_You\" title=\"Everybody Wants You\">Everybody Wants You</a>\". The latter is notable for being Squier's first No. 1 on the Mainstream Rock chart and holding the place for six weeks straight, more than any other number one in 1982. During the tour for <i>Emotions in Motion</i>, Squier and his band served as openers for the North American leg of <a href=\"/wiki/Queen_(band)\" title=\"Queen (band)\">Queen's</a> 1982 <a href=\"/wiki/Hot_Space_Tour\" title=\"Hot Space Tour\">Hot Space Tour</a> and later, he finally became a headliner act for the first time. British newcomer <a href=\"/wiki/Def_Leppard\" title=\"Def Leppard\">Def Leppard</a> supported him and he helped the band break through in the US, in conjunction with the release of their breakthrough album <i><a href=\"/wiki/Pyromania_(album)\" title=\"Pyromania (album)\">Pyromania</a></i>.<sup id=\"cite_ref-9\" class=\"reference\"><a href=\"#cite_note-9\"><span class=\"cite-bracket\">&#91;</span>9<span class=\"cite-bracket\">&#93;</span></a></sup>\n</p>\n<div class=\"mw-heading mw-heading3\"><h3 id=\"Career_pinnacle:_Signs_of_Life_(1984)\"><span id=\"Career_pinnacle:_Signs_of_Life_.281984.29\"></span>Career pinnacle: <i>Signs of Life</i> (1984)</h3></div>\n<p>Squier began writing songs for his fourth album <i><a href=\"/wiki/Signs_of_Life_(Billy_Squier_album)\" title=\"Signs of Life (Billy Squier album)\">Signs of Life</a></i> in late 1983 after finishing his first headlining arena tour. He planned to have <a href=\"/wiki/Robert_John_%22Mutt%22_Lange\" class=\"mw-redirect\" title=\"Robert John &quot;Mutt&quot; Lange\">Robert John \"Mutt\" Lange</a> as producer. However, Lange was already reserved by <a href=\"/wiki/The_Cars\" title=\"The Cars\">The Cars</a> and suffered a breakdown afterward. Squier brought in <a href=\"/wiki/Jim_Steinman\" title=\"Jim Steinman\">Jim Steinman</a>, whom he admired for <a href=\"/wiki/Meat_Loaf\" title=\"Meat Loaf\">Meat Loaf</a>'s <i><a href=\"/wiki/Bat_Out_of_Hell\" title=\"Bat Out of Hell\">Bat Out of Hell</a></i>, which he described as \"the most passionate and exciting rock record of our time\". Steinman showed enthusiasm for the project and he got along well with Squier and his band, despite his role in the studio being significantly smaller than usual.<sup id=\"cite_ref-10\" class=\"reference\"><a href=\"#cite_note-10\"><span class=\"cite-bracket\">&#91;</span>10<span class=\"cite-bracket\">&#93;</span></a></sup><sup id=\"cite_ref-11\" class=\"reference\"><a href=\"#cite_note-11\"><span class=\"cite-bracket\">&#91;</span>11<span class=\"cite-bracket\">&#93;</span></a></sup> The resulting album was a departure from Squier's typical guitar-heavy hard rock into a more keyboard-oriented style, with hints of Steinman's Wagnerian producing approach.\n</p><p>When <i>Signs of Life</i> arrived in late July 1984, Squier was at the peak of his career. Fueled by the songs \"<a href=\"/wiki/Rock_Me_Tonite\" title=\"Rock Me Tonite\">Rock Me Tonite</a>\" and  \"All Night Long\", the album brought his third consecutive platinum certification. The music video for \"Rock Me Tonite\", which featured Squier dancing in a bedroom wearing a pink tank top, proved a controversial choice by director <a href=\"/wiki/Kenny_Ortega\" title=\"Kenny Ortega\">Kenny Ortega</a>. The 2011 book <i><a href=\"/wiki/I_Want_My_MTV_(book)\" title=\"I Want My MTV (book)\">I Want My MTV</a></i> promoted it as the worst video of all time.<sup id=\"cite_ref-I_Want_My_MTV_2-1\" class=\"reference\"><a href=\"#cite_note-I_Want_My_MTV-2\"><span class=\"cite-bracket\">&#91;</span>2<span class=\"cite-bracket\">&#93;</span></a></sup> <a href=\"/wiki/Martha_Quinn\" title=\"Martha Quinn\">Martha Quinn</a>, an MTV <a href=\"/wiki/VJ_(media_personality)\" class=\"mw-redirect\" title=\"VJ (media personality)\">VJ</a> when \"Rock Me Tonite\" was released, commented, \"I don’t remember that video being poorly received at the time.\"<sup id=\"cite_ref-parker_12-0\" class=\"reference\"><a href=\"#cite_note-parker-12\"><span class=\"cite-bracket\">&#91;</span>12<span class=\"cite-bracket\">&#93;</span></a></sup> Whether it was the video or the shift in music style or other factors, Squier stopped selling out shows. He dismissed both of his managers and insulted Ortega for misleading and deceiving him. Ortega has denied Squier's accusations.<sup class=\"noprint Inline-Template Template-Fact\" style=\"white-space:nowrap;\">&#91;<i><a href=\"/wiki/Wikipedia:Citation_needed\" title=\"Wikipedia:Citation needed\"><span title=\"This claim needs references to reliable sources. (February 2025)\">citation needed</span></a></i>&#93;</sup>\n</p>\n<div class=\"mw-heading mw-heading3\"><h3 id=\"Brief_resurgence_(1985–1993)\"><span id=\"Brief_resurgence_.281985.E2.80.931993.29\"></span>Brief resurgence (1985–1993)</h3></div>\n<p>Apart from a few live appearances and a new song, \"Shake Down\" for the soundtrack of the film <i><a href=\"/wiki/St._Elmo%27s_Fire_(film)\" title=\"St. Elmo&#39;s Fire (film)\">St. Elmo's Fire</a></i>, Squier stayed out of the spotlight for the majority of 1985, taking some time off and preparing his next album with British producer <a href=\"/wiki/Peter_Collins_(record_producer)\" class=\"mw-redirect\" title=\"Peter Collins (record producer)\">Peter Collins</a>, who was known for his work with <a href=\"/wiki/Nik_Kershaw\" title=\"Nik Kershaw\">Nik Kershaw</a>, <a href=\"/wiki/Gary_Moore\" title=\"Gary Moore\">Gary Moore</a>, and <a href=\"/wiki/Rush_(band)\" title=\"Rush (band)\">Rush</a>.<sup id=\"cite_ref-13\" class=\"reference\"><a href=\"#cite_note-13\"><span class=\"cite-bracket\">&#91;</span>13<span class=\"cite-bracket\">&#93;</span></a></sup><sup id=\"cite_ref-14\" class=\"reference\"><a href=\"#cite_note-14\"><span class=\"cite-bracket\">&#91;</span>14<span class=\"cite-bracket\">&#93;</span></a></sup> 1986 saw the release of his fifth album <i><a href=\"/wiki/Enough_Is_Enough_(Billy_Squier_album)\" title=\"Enough Is Enough (Billy Squier album)\">Enough Is Enough</a></i>, which was carefully crafted, but still a commercial flop. The album spawned a minor hit, \"<a href=\"/wiki/Love_Is_the_Hero\" title=\"Love Is the Hero\">Love Is the Hero</a>\", with  <a href=\"/wiki/Freddie_Mercury\" title=\"Freddie Mercury\">Freddie Mercury</a> on backing vocals. Mercury also co-wrote and arranged the song \"Lady with a Tenor Sax\", which also appears on the album. <i>Enough Is Enough</i> sold an estimated 300,000 copies. \"Love Is the Hero\" has usually been singled out for praise.<sup id=\"cite_ref-15\" class=\"reference\"><a href=\"#cite_note-15\"><span class=\"cite-bracket\">&#91;</span>15<span class=\"cite-bracket\">&#93;</span></a></sup> Squier did not embark on a tour in support of the album.\n</p><p>Squier spent the next three years working on his sixth full-length album, <i><a href=\"/wiki/Hear_%26_Now_(Billy_Squier_album)\" title=\"Hear &amp; Now (Billy Squier album)\">Hear &amp; Now</a></i>, which was released in 1989. The album peaked at No. 64, but sold only 300,000, the same as <i>Enough Is Enough</i>. \"<a href=\"/wiki/Don%27t_Say_You_Love_Me_(Billy_Squier_song)\" title=\"Don&#39;t Say You Love Me (Billy Squier song)\">Don't Say You Love Me</a>\" was a modestly successful comeback single and his last Hot 100 hit, which peaked at No. 58 on the Billboard Hot 100 and went to No. 4 on the <i><a href=\"/wiki/Billboard_(magazine)\" title=\"Billboard (magazine)\">Billboard</a></i> Mainstream Rock chart.\n</p><p>Squier's seventh album, <i><a href=\"/wiki/Creatures_of_Habit_(Billy_Squier_album)\" class=\"mw-redirect\" title=\"Creatures of Habit (Billy Squier album)\">Creatures of Habit</a></i>, was released in 1991. Both critical and audience reception were mixed; many criticized the album for lacking innovation and being uninspired, mainly on the songwriting side.<sup class=\"noprint Inline-Template Template-Fact\" style=\"white-space:nowrap;\">&#91;<i><a href=\"/wiki/Wikipedia:Citation_needed\" title=\"Wikipedia:Citation needed\"><span title=\"This claim needs references to reliable sources. (June 2021)\">citation needed</span></a></i>&#93;</sup> Some<sup class=\"noprint Inline-Template\" style=\"white-space:nowrap;\">&#91;<i><a href=\"/wiki/Wikipedia:Manual_of_Style/Words_to_watch#Unsupported_attributions\" title=\"Wikipedia:Manual of Style/Words to watch\"><span title=\"The material near this tag possibly uses too-vague attribution or weasel words. (June 2021)\">who?</span></a></i>&#93;</sup> also found the album's polished sound somewhat outdated, since at the time of the album's release, alternative rock and especially grunge began ruling the rock scene. Peaking only at No. 117 in US, the album became his lowest charting since <i><a href=\"/wiki/The_Tale_of_the_Tape\" title=\"The Tale of the Tape\">The Tale of the Tape</a></i>. However, it contained the radio hits, \"She Goes Down\" and \"Facts of Life\". The former is Squier's last Top 5 on the Mainstream Rock charts and his highest charting radio single of the 1990s. <i>Creatures of Habit</i> was supported with a tour.<sup class=\"noprint Inline-Template Template-Fact\" style=\"white-space:nowrap;\">&#91;<i><a href=\"/wiki/Wikipedia:Citation_needed\" title=\"Wikipedia:Citation needed\"><span title=\"This claim needs references to reliable sources. (June 2021)\">citation needed</span></a></i>&#93;</sup>\n</p><p>In 1993, Squier released his final album with <a href=\"/wiki/Capitol_Records\" title=\"Capitol Records\">Capitol Records</a>, <i><a href=\"/wiki/Tell_the_Truth_(Billy_Squier_album)\" title=\"Tell the Truth (Billy Squier album)\">Tell the Truth</a>,</i> with different sets of musicians performing the various tracks. Despite Squier himself comparing it favorably to <i><a href=\"/wiki/Don%27t_Say_No_(Billy_Squier_album)\" title=\"Don&#39;t Say No (Billy Squier album)\">Don't Say No</a>,</i> Capitol did little to nothing to promote it,<sup class=\"noprint Inline-Template\" style=\"margin-left:0.1em; white-space:nowrap;\">&#91;<i><a href=\"/wiki/Wikipedia:Manual_of_Style/Words_to_watch#Unsupported_attributions\" title=\"Wikipedia:Manual of Style/Words to watch\"><span title=\"The material near this tag may use weasel words or too-vague attribution. (February 2025)\">according to whom?</span></a></i>&#93;</sup> which ended up becoming his first album not to chart at all and selling 37,000 US copies, per Nielsen Soundscan. After the album's release, Squier departed from the record label.<sup class=\"noprint Inline-Template Template-Fact\" style=\"white-space:nowrap;\">&#91;<i><a href=\"/wiki/Wikipedia:Citation_needed\" title=\"Wikipedia:Citation needed\"><span title=\"This claim needs references to reliable sources. (June 2021)\">citation needed</span></a></i>&#93;</sup>\n</p>\n<div class=\"mw-heading mw-heading3\"><h3 id=\"Later_career_(1994–present)\"><span id=\"Later_career_.281994.E2.80.93present.29\"></span>Later career (1994–present)</h3></div>\n<p>In 1994, Squier's original screenplay <i>Run to Daylight</i> was short-listed at the <a href=\"/wiki/Sundance_Film_Festival\" title=\"Sundance Film Festival\">Sundance Film Festival</a>. The film itself was never produced. In 1995, Capitol released <i>16 Strokes: The Best of Billy Squier</i>.\n</p><p>On February 17, 1998, during the initial run of <i><a href=\"/wiki/Mercury:_The_Afterlife_and_Times_of_a_Rock_God\" title=\"Mercury: The Afterlife and Times of a Rock God\">Mercury: The Afterlife and Times of a Rock God</a>,</i> a <a href=\"/wiki/Monodrama\" title=\"Monodrama\">monodrama</a> about the life of <a href=\"/wiki/Freddie_Mercury\" title=\"Freddie Mercury\">Freddie Mercury</a>, Squier debuted a song that he wrote in memory of his friend, titled \"I Have Watched You Fly\", on stage before a performance of the play. He introduced the song by saying, \"I was privileged to know Freddie as a friend. I'm honored to share the stage with him in the afterlife.\"<sup id=\"cite_ref-16\" class=\"reference\"><a href=\"#cite_note-16\"><span class=\"cite-bracket\">&#91;</span>16<span class=\"cite-bracket\">&#93;</span></a></sup>\n</p><p>That same year Squier released independently his last studio album to date, a stripped-down acoustic blues effort titled <i><a href=\"/wiki/Happy_Blue\" class=\"mw-redirect\" title=\"Happy Blue\">Happy Blue</a>.</i> The album was both stylistically and sonically a departure from his typical hard rock sound, with only Squier accompanied by an acoustic guitar and no overdubs. For this album, Squier reworked his hit song \"The Stroke\" into an old-fashioned blues number, \"Stroke Me Blues\".\n</p><p>The year 2001 marked the 20th anniversary of <i>Don't Say No.</i> In the same year, Squier embarked on a large concert tour.<sup class=\"noprint Inline-Template Template-Fact\" style=\"white-space:nowrap;\">&#91;<i><a href=\"/wiki/Wikipedia:Citation_needed\" title=\"Wikipedia:Citation needed\"><span title=\"This claim needs references to reliable sources. (February 2025)\">citation needed</span></a></i>&#93;</sup>\n</p><p>In 2004, \"Everybody Wants You\" was remixed with the group Fischerspooner's song \"Emerge\" and included on the <i><a href=\"/wiki/Queer_Eye_for_the_Straight_Guy\" class=\"mw-redirect\" title=\"Queer Eye for the Straight Guy\">Queer Eye for the Straight Guy</a></i> soundtrack. In 2006, Squier joined <a href=\"/wiki/Richard_Marx\" title=\"Richard Marx\">Richard Marx</a>, <a href=\"/wiki/Edgar_Winter\" title=\"Edgar Winter\">Edgar Winter</a>, <a href=\"/wiki/Rod_Argent\" title=\"Rod Argent\">Rod Argent</a>, <a href=\"/wiki/Hamish_Stuart\" title=\"Hamish Stuart\">Hamish Stuart</a>, and <a href=\"/wiki/Sheila_E\" class=\"mw-redirect\" title=\"Sheila E\">Sheila E</a> touring with <a href=\"/wiki/Ringo_Starr_%26_His_All-Starr_Band\" title=\"Ringo Starr &amp; His All-Starr Band\">Ringo Starr &amp; His All-Starr Band</a>. A documentary of the tour, including a full-length concert performance, was subsequently made available on DVD. In 2007, Squier appeared at the Rock and Roll Hall of Fame with <a href=\"/wiki/Ronnie_Spector\" title=\"Ronnie Spector\">Ronnie Spector</a>, <a href=\"/wiki/Mitch_Ryder\" title=\"Mitch Ryder\">Mitch Ryder</a>, <a href=\"/wiki/Tone_Loc\" title=\"Tone Loc\">Tone Loc</a>, <a href=\"/wiki/Deniece_Williams\" title=\"Deniece Williams\">Deniece Williams</a>, <a href=\"/wiki/Dr._Hook\" title=\"Dr. Hook\">Dr. Hook</a>, and <a href=\"/wiki/Tom_Cochrane\" title=\"Tom Cochrane\">Tom Cochrane</a>. In 2008, Squier joined <a href=\"/wiki/Colin_Hay\" title=\"Colin Hay\">Colin Hay</a>, Edgar Winter, <a href=\"/wiki/Gary_Wright\" title=\"Gary Wright\">Gary Wright</a>, Hamish Stuart, and <a href=\"/wiki/Gregg_Bissonette\" title=\"Gregg Bissonette\">Gregg Bissonette</a> touring with <a href=\"/wiki/Ringo_Starr_%26_His_All-Starr_Band\" title=\"Ringo Starr &amp; His All-Starr Band\">Ringo Starr &amp; His All-Starr Band</a>. In 2009, Squier launched a nationwide summer/fall tour with a band that included drummer Nir Z, guitarist Marc Copely, long-time bassist Mark Clarke, and keyboard player Alan St. Jon.<sup class=\"noprint Inline-Template Template-Fact\" style=\"white-space:nowrap;\">&#91;<i><a href=\"/wiki/Wikipedia:Citation_needed\" title=\"Wikipedia:Citation needed\"><span title=\"This claim needs references to reliable sources. (February 2025)\">citation needed</span></a></i>&#93;</sup>\n</p><p>Squier played a special acoustic show at B.B. King's in New York on November 30, 2005. Highlights of the show<sup class=\"noprint Inline-Template\" style=\"margin-left:0.1em; white-space:nowrap;\">&#91;<i><a href=\"/wiki/Wikipedia:Manual_of_Style/Words_to_watch#Unsupported_attributions\" title=\"Wikipedia:Manual of Style/Words to watch\"><span title=\"The material near this tag may use weasel words or too-vague attribution. (February 2025)\">according to whom?</span></a></i>&#93;</sup> were acoustic versions of \"Everybody Wants You,\" \"Nobody Knows,\" \"Learn How to Live,\" \"Christmas is the Time to Say I Love You,\" and most of the Happy Blue project. <a href=\"/wiki/Eddie_Trunk\" title=\"Eddie Trunk\">Eddie Trunk</a> introduced Squier that night as \"one of the greatest singer/songwriters in the history of rock.\"<sup class=\"noprint Inline-Template Template-Fact\" style=\"white-space:nowrap;\">&#91;<i><a href=\"/wiki/Wikipedia:Citation_needed\" title=\"Wikipedia:Citation needed\"><span title=\"This claim needs references to reliable sources. (February 2025)\">citation needed</span></a></i>&#93;</sup>\n</p><p>In May 2010, Squier was part of the Boston Legends Tribute to <a href=\"/wiki/James_Cotton\" title=\"James Cotton\">James Cotton</a> including <a href=\"/wiki/Magic_Dick\" title=\"Magic Dick\">Magic Dick</a> (<a href=\"/wiki/J._Geils_Band\" class=\"mw-redirect\" title=\"J. Geils Band\">J. Geils Band</a>), the <a href=\"/wiki/James_Montgomery_(singer)\" title=\"James Montgomery (singer)\">James Montgomery Band</a>, <a href=\"/wiki/Jon_Butcher\" title=\"Jon Butcher\">Jon Butcher</a>, <a href=\"/wiki/Sib_Hashian\" title=\"Sib Hashian\">Sib Hashian</a> (<a href=\"/wiki/Boston_(band)\" title=\"Boston (band)\">Boston</a>), <a href=\"/wiki/Michael_Carabello\" title=\"Michael Carabello\">Michael Carabello</a> (<a href=\"/wiki/Santana_(band)\" title=\"Santana (band)\">Santana</a>), the Uptown Horns, and James Cotton. Squier accepted Cotton's invitation in June to join him at the \"James Cotton's Blues Summit\" at <a href=\"/wiki/Lincoln_Center\" title=\"Lincoln Center\">Lincoln Center</a> in New York City, along with <a href=\"/wiki/Pinetop_Perkins\" title=\"Pinetop Perkins\">Pinetop Perkins</a>, <a href=\"/wiki/Hubert_Sumlin\" title=\"Hubert Sumlin\">Hubert Sumlin</a> (<a href=\"/wiki/Howlin%27_Wolf\" title=\"Howlin&#39; Wolf\">Howlin' Wolf</a>'s band), <a href=\"/wiki/Taj_Mahal_(musician)\" title=\"Taj Mahal (musician)\">Taj Mahal</a>, and many more. In November, Squier appeared at the <a href=\"/wiki/Iridium_Jazz_Club\" title=\"Iridium Jazz Club\">Iridium</a> in New York and played a double set that night, \"Blues Deluxe,\" that showcased songs from his blues upbringing and new versions of several of his hits.<sup class=\"noprint Inline-Template Template-Fact\" style=\"white-space:nowrap;\">&#91;<i><a href=\"/wiki/Wikipedia:Citation_needed\" title=\"Wikipedia:Citation needed\"><span title=\"This claim needs references to reliable sources. (February 2025)\">citation needed</span></a></i>&#93;</sup>\n</p><p>Shout! Factory released <i><a href=\"/wiki/Don%27t_Say_No_(Billy_Squier_album)\" title=\"Don&#39;t Say No (Billy Squier album)\">Don't Say No</a>: 30th Anniversary Edition</i> on July 27, 2010, marking the first time that this album had been remastered in over 20 years. It was released in collaboration with Squier, who provided two live bonus cuts from his personal collection.<sup id=\"cite_ref-17\" class=\"reference\"><a href=\"#cite_note-17\"><span class=\"cite-bracket\">&#91;</span>17<span class=\"cite-bracket\">&#93;</span></a></sup> That same year, all his albums except <i><a href=\"/wiki/Tell_the_Truth_(Billy_Squier_album)\" title=\"Tell the Truth (Billy Squier album)\">Tell the Truth</a></i> and <i><a href=\"/wiki/Happy_Blue\" class=\"mw-redirect\" title=\"Happy Blue\">Happy Blue</a></i>, became available on digital and streaming. Later on, <a href=\"/wiki/Tell_the_Truth_(Billy_Squier_album)\" title=\"Tell the Truth (Billy Squier album)\"><i>Tell the Truth</i></a> joined in 2014 and <i><a href=\"/wiki/Happy_Blue\" class=\"mw-redirect\" title=\"Happy Blue\">Happy Blue</a></i> in 2020.\n</p><p>In October 2011, Squier performed at the third annual \"Right to Rock\" Celebration at the Edison Ballroom in New York (including <a href=\"/wiki/Steven_van_Zandt\" class=\"mw-redirect\" title=\"Steven van Zandt\">Steven van Zandt</a> and <a href=\"/wiki/Lady_Gaga\" title=\"Lady Gaga\">Lady Gaga</a>) in support of the Little Kids Rock charity and performed \"Lonely Is the Night\" with a group of Jersey City students.<sup id=\"cite_ref-18\" class=\"reference\"><a href=\"#cite_note-18\"><span class=\"cite-bracket\">&#91;</span>18<span class=\"cite-bracket\">&#93;</span></a></sup>\n</p><p>In May 2012, Squier joined the Li'l Band O' Gold for several shows at the New Orleans Jazzfest. During Memorial Day weekend, Squier made a surprise appearance at the John Varvatos store in <a href=\"/wiki/East_Hampton,_New_York\" title=\"East Hampton, New York\">Easthampton, New York</a>, in support of his friend, rock photographer <a href=\"/wiki/Rob_Shanahan\" title=\"Rob Shanahan\">Rob Shanahan</a> and his new book, <i>Volume One.</i> In June, Squier performed at the \"Industrial Hedgefund Awards Dinner\" in New York, in another fundraising effort for '<a href=\"/wiki/Little_Kids_Rock\" class=\"mw-redirect\" title=\"Little Kids Rock\">Little Kids Rock</a>.' In September, Squier appeared as a guest during the set of the James Montgomery Band at the Westport Blues Festival. In December, Squier headlined a fund-raising concert for \"The American Revolution,\" a documentary on the rock FM station WBCN at the House of Blues in Boston.<sup class=\"noprint Inline-Template Template-Fact\" style=\"white-space:nowrap;\">&#91;<i><a href=\"/wiki/Wikipedia:Citation_needed\" title=\"Wikipedia:Citation needed\"><span title=\"This claim needs references to reliable sources. (February 2025)\">citation needed</span></a></i>&#93;</sup>\n</p><p>In the summer of 2013, Squier performed his 'Electric Man' show at the Patchogue Music Festival on Long Island. In November, he played the Voodoo Festival in New Orleans. The Stooges, a local brass band (not to be confused with <a href=\"/wiki/Iggy_Pop\" title=\"Iggy Pop\">Iggy Pop</a>'s band), joined Squier on \"The Stroke.\" At the same time, <a href=\"/wiki/Eminem\" title=\"Eminem\">Eminem</a> released '<a href=\"/wiki/Berzerk_(song)\" title=\"Berzerk (song)\">Berzerk</a>', which makes use of various samples from \"The Stroke.\" On his 2014 effort \"<a href=\"/wiki/Shady_XV\" title=\"Shady XV\">Shady XV</a>\", Eminem sampled \"<a href=\"/wiki/My_Kinda_Lover\" title=\"My Kinda Lover\">My Kinda Lover</a>.\"<sup class=\"noprint Inline-Template Template-Fact\" style=\"white-space:nowrap;\">&#91;<i><a href=\"/wiki/Wikipedia:Citation_needed\" title=\"Wikipedia:Citation needed\"><span title=\"This claim needs references to reliable sources. (February 2025)\">citation needed</span></a></i>&#93;</sup>\n</p><p>In September 2014, Squier took his 'Electric Man' show to the 9th Jack Show in Anaheim, California.<sup class=\"noprint Inline-Template Template-Fact\" style=\"white-space:nowrap;\">&#91;<i><a href=\"/wiki/Wikipedia:Citation_needed\" title=\"Wikipedia:Citation needed\"><span title=\"This claim needs references to reliable sources. (February 2025)\">citation needed</span></a></i>&#93;</sup>\n</p><p>On February 14, 2023, a clip of a new track titled \"Molly\" was uploaded, with March 8 noted in the video.<sup id=\"cite_ref-19\" class=\"reference\"><a href=\"#cite_note-19\"><span class=\"cite-bracket\">&#91;</span>19<span class=\"cite-bracket\">&#93;</span></a></sup> The song was ultimately released as \"Harder on a Woman\".<sup id=\"cite_ref-20\" class=\"reference\"><a href=\"#cite_note-20\"><span class=\"cite-bracket\">&#91;</span>20<span class=\"cite-bracket\">&#93;</span></a></sup>\n</p>\n<div class=\"mw-heading mw-heading2\"><h2 id=\"Personal_life\">Personal life</h2></div>\n<p>In 1985, Squier hired a helicopter from the Prince of <a href=\"/wiki/Nepal\" title=\"Nepal\">Nepal</a> and offered $10,000 in cash to two helicopter pilots to land him on the summit of <a href=\"/wiki/Mount_Everest\" title=\"Mount Everest\">Mount Everest</a>. They turned him down, saying that it was too dangerous.<sup id=\"cite_ref-21\" class=\"reference\"><a href=\"#cite_note-21\"><span class=\"cite-bracket\">&#91;</span>21<span class=\"cite-bracket\">&#93;</span></a></sup>\n</p><p>In 2002, Squier married Nicole Schoen,<sup id=\"cite_ref-22\" class=\"reference\"><a href=\"#cite_note-22\"><span class=\"cite-bracket\">&#91;</span>22<span class=\"cite-bracket\">&#93;</span></a></sup> a German professional soccer player. They divided their time between a home in <a href=\"/wiki/Bridgehampton\" class=\"mw-redirect\" title=\"Bridgehampton\">Bridgehampton</a>, <a href=\"/wiki/Long_Island\" title=\"Long Island\">Long Island</a> and an apartment in <a href=\"/wiki/The_San_Remo\" title=\"The San Remo\">The San Remo</a> on <a href=\"/wiki/Central_Park_West\" class=\"mw-redirect\" title=\"Central Park West\">Central Park West</a> in <a href=\"/wiki/Manhattan\" title=\"Manhattan\">Manhattan</a>, <a href=\"/wiki/New_York_City\" title=\"New York City\">New York City</a>. \n</p><p>Squier had been, as of 2016, an active volunteer for the <a href=\"/wiki/Central_Park_Conservancy\" title=\"Central Park Conservancy\">Central Park Conservancy</a> for more than 17 years, physically maintaining 20 acres (81,000&#160;m<sup>2</sup>) of the park, as well as promoting the Conservancy in articles and interviews. He also supported the Group for the <a href=\"/wiki/East_End_(Long_Island)\" title=\"East End (Long Island)\">East End</a> and its native planting programs on eastern Long Island.<sup id=\"cite_ref-23\" class=\"reference\"><a href=\"#cite_note-23\"><span class=\"cite-bracket\">&#91;</span>23<span class=\"cite-bracket\">&#93;</span></a></sup><sup id=\"cite_ref-24\" class=\"reference\"><a href=\"#cite_note-24\"><span class=\"cite-bracket\">&#91;</span>24<span class=\"cite-bracket\">&#93;</span></a></sup>\n</p>\n<div class=\"mw-heading mw-heading2\"><h2 id=\"Discography\">Discography</h2></div>\n<style data-mw-deduplicate=\"TemplateStyles:r1236090951\">.mw-parser-output .hatnote{font-style:italic}.mw-parser-output div.hatnote{padding-left:1.6em;margin-bottom:0.5em}.mw-parser-output .hatnote i{font-style:normal}.mw-parser-output .hatnote+link+.hatnote{margin-top:-0.5em}@media print{body.ns-0 .mw-parser-output .hatnote{display:none!important}}</style><div role=\"note\" class=\"hatnote navigation-not-searchable\">Main article: <a href=\"/wiki/Billy_Squier_discography\" title=\"Billy Squier discography\">Billy Squier discography</a></div>\n<div class=\"mw-heading mw-heading3\"><h3 id=\"Studio_albums\">Studio albums</h3></div>\n<ul><li><i><a href=\"/wiki/The_Tale_of_the_Tape\" title=\"The Tale of the Tape\">The Tale of the Tape</a></i> (1980)</li>\n<li><i><a href=\"/wiki/Don%27t_Say_No_(Billy_Squier_album)\" title=\"Don&#39;t Say No (Billy Squier album)\">Don't Say No</a></i> (1981)</li>\n<li><i><a href=\"/wiki/Emotions_in_Motion\" title=\"Emotions in Motion\">Emotions in Motion</a></i> (1982)</li>\n<li><i><a href=\"/wiki/Signs_of_Life_(Billy_Squier_album)\" title=\"Signs of Life (Billy Squier album)\">Signs of Life</a></i> (1984)</li>\n<li><i><a href=\"/wiki/Enough_Is_Enough_(Billy_Squier_album)\" title=\"Enough Is Enough (Billy Squier album)\">Enough Is Enough</a></i> (1986)</li>\n<li><i><a href=\"/wiki/Hear_%26_Now_(Billy_Squier_album)\" title=\"Hear &amp; Now (Billy Squier album)\">Hear &amp; Now</a></i> (1989)</li>\n<li><i><a href=\"/wiki/Creatures_of_Habit_(album)\" title=\"Creatures of Habit (album)\">Creatures of Habit</a></i> (1991)</li>\n<li><i><a href=\"/wiki/Tell_the_Truth_(Billy_Squier_album)\" title=\"Tell the Truth (Billy Squier album)\">Tell the Truth</a></i> (1993)</li>\n<li><i><a href=\"/wiki/Happy_Blue\" class=\"mw-redirect\" title=\"Happy Blue\">Happy Blue</a></i> (1998)</li></ul>\n<div class=\"mw-heading mw-heading3\"><h3 id=\"Compilation_albums\">Compilation albums</h3></div>\n<ul><li><i>A Rock and Roll Christmas</i> (various artists compilation) (1994)</li>\n<li><i>16 Strokes: The Best of Billy Squier</i> (1995)</li>\n<li><i>Reach for the Sky: The Anthology</i> (1996) (PolyGram)</li>\n<li><i>Classic Masters</i> (2002)</li>\n<li><i>Absolute Hits</i> (2005)</li>\n<li><i>Essential Billy Squier</i> (2011)</li>\n<li><i>ICON</i> (2013)</li></ul>\n<div class=\"mw-heading mw-heading3\"><h3 id=\"Live_albums\">Live albums</h3></div>\n<ul><li><i>King Biscuit Flower Hour Presents Billy Squier</i> (1996)</li>\n<li><i>Live in the Dark</i> (1982, DVD, directed by <a href=\"/wiki/Keith_McMillan\" title=\"Keith McMillan\">Keith McMillan</a>)</li></ul>\n<div class=\"mw-heading mw-heading3\"><h3 id=\"Non-album_soundtrack_contributions\">Non-album soundtrack contributions</h3></div>\n<ul><li>\"Fast Times (The Best Years of Our Lives)\" – from the soundtrack album <i><a href=\"/wiki/Fast_Times_at_Ridgemont_High\" title=\"Fast Times at Ridgemont High\">Fast Times at Ridgemont High</a></i> (1982)</li>\n<li>\"On Your Own\" – from the soundtrack album <i><a href=\"/wiki/Metropolis_(1927_film)\" title=\"Metropolis (1927 film)\">Metropolis</a></i> (1984)</li>\n<li>\"Shake Down\" – from the soundtrack album <i><a href=\"/wiki/St._Elmo%27s_Fire_(film)\" title=\"St. Elmo&#39;s Fire (film)\">St. Elmo's Fire</a></i> (1985)</li></ul>\n<div class=\"mw-heading mw-heading2\"><h2 id=\"References\">References</h2></div>\n<style data-mw-deduplicate=\"TemplateStyles:r1239543626\">.mw-parser-output .reflist{margin-bottom:0.5em;list-style-type:decimal}@media screen{.mw-parser-output .reflist{font-size:90%}}.mw-parser-output .reflist .references{font-size:100%;margin-bottom:0;list-style-type:inherit}.mw-parser-output .reflist-columns-2{column-width:30em}.mw-parser-output .reflist-columns-3{column-width:25em}.mw-parser-output .reflist-columns{margin-top:0.3em}.mw-parser-output .reflist-columns ol{margin-top:0}.mw-parser-output .reflist-columns li{page-break-inside:avoid;break-inside:avoid-column}.mw-parser-output .reflist-upper-alpha{list-style-type:upper-alpha}.mw-parser-output .reflist-upper-roman{list-style-type:upper-roman}.mw-parser-output .reflist-lower-alpha{list-style-type:lower-alpha}.mw-parser-output .reflist-lower-greek{list-style-type:lower-greek}.mw-parser-output .reflist-lower-roman{list-style-type:lower-roman}</style><div class=\"reflist\">\n<div class=\"mw-references-wrap mw-references-columns\"><ol class=\"references\">\n<li id=\"cite_note-1\"><span class=\"mw-cite-backlink\"><b><a href=\"#cite_ref-1\">^</a></b></span> <span class=\"reference-text\"><style data-mw-deduplicate=\"TemplateStyles:r1238218222\">.mw-parser-output cite.citation{font-style:inherit;word-wrap:break-word}.mw-parser-output .citation q{quotes:\"\\\"\"\"\\\"\"\"'\"\"'\"}.mw-parser-output .citation:target{background-color:rgba(0,127,255,0.133)}.mw-parser-output .id-lock-free.id-lock-free a{background:url(\"//upload.wikimedia.org/wikipedia/commons/6/65/Lock-green.svg\")right 0.1em center/9px no-repeat}.mw-parser-output .id-lock-limited.id-lock-limited a,.mw-parser-output .id-lock-registration.id-lock-registration a{background:url(\"//upload.wikimedia.org/wikipedia/commons/d/d6/Lock-gray-alt-2.svg\")right 0.1em center/9px no-repeat}.mw-parser-output .id-lock-subscription.id-lock-subscription a{background:url(\"//upload.wikimedia.org/wikipedia/commons/a/aa/Lock-red-alt-2.svg\")right 0.1em center/9px no-repeat}.mw-parser-output .cs1-ws-icon a{background:url(\"//upload.wikimedia.org/wikipedia/commons/4/4c/Wikisource-logo.svg\")right 0.1em center/12px no-repeat}body:not(.skin-timeless):not(.skin-minerva) .mw-parser-output .id-lock-free a,body:not(.skin-timeless):not(.skin-minerva) .mw-parser-output .id-lock-limited a,body:not(.skin-timeless):not(.skin-minerva) .mw-parser-output .id-lock-registration a,body:not(.skin-timeless):not(.skin-minerva) .mw-parser-output .id-lock-subscription a,body:not(.skin-timeless):not(.skin-minerva) .mw-parser-output .cs1-ws-icon a{background-size:contain;padding:0 1em 0 0}.mw-parser-output .cs1-code{color:inherit;background:inherit;border:none;padding:inherit}.mw-parser-output .cs1-hidden-error{display:none;color:var(--color-error,#d33)}.mw-parser-output .cs1-visible-error{color:var(--color-error,#d33)}.mw-parser-output .cs1-maint{display:none;color:#085;margin-left:0.3em}.mw-parser-output .cs1-kern-left{padding-left:0.2em}.mw-parser-output .cs1-kern-right{padding-right:0.2em}.mw-parser-output .citation .mw-selflink{font-weight:inherit}@media screen{.mw-parser-output .cs1-format{font-size:95%}html.skin-theme-clientpref-night .mw-parser-output .cs1-maint{color:#18911f}}@media screen and (prefers-color-scheme:dark){html.skin-theme-clientpref-os .mw-parser-output .cs1-maint{color:#18911f}}</style><cite class=\"citation web cs1\"><a rel=\"nofollow\" class=\"external text\" href=\"https://open.spotify.com/artist/3Fz2GbraVXhcpXnoi2Oe1r\">\"Billy Squier\"</a>. <i>Spotify</i><span class=\"reference-accessdate\">. Retrieved <span class=\"nowrap\">April 16,</span> 2020</span>.</cite><span title=\"ctx_ver=Z39.88-2004&amp;rft_val_fmt=info%3Aofi%2Ffmt%3Akev%3Amtx%3Ajournal&amp;rft.genre=unknown&amp;rft.jtitle=Spotify&amp;rft.atitle=Billy+Squier&amp;rft_id=https%3A%2F%2Fopen.spotify.com%2Fartist%2F3Fz2GbraVXhcpXnoi2Oe1r&amp;rfr_id=info%3Asid%2Fen.wikipedia.org%3ABilly+Squier\" class=\"Z3988\"></span></span>\n</li>\n<li id=\"cite_note-I_Want_My_MTV-2\"><span class=\"mw-cite-backlink\">^ <a href=\"#cite_ref-I_Want_My_MTV_2-0\"><sup><i><b>a</b></i></sup></a> <a href=\"#cite_ref-I_Want_My_MTV_2-1\"><sup><i><b>b</b></i></sup></a></span> <span class=\"reference-text\"><link rel=\"mw-deduplicated-inline-style\" href=\"mw-data:TemplateStyles:r1238218222\" /><cite id=\"CITEREFMarksTannenbaum,_Rob2011\" class=\"citation book cs1\">Marks, Craig; Tannenbaum, Rob (2011). <span class=\"id-lock-registration\" title=\"Free registration required\"><a rel=\"nofollow\" class=\"external text\" href=\"https://archive.org/details/iwantmymtvuncens00mark/page/250\">\"21\"</a></span>. <i>I Want My MTV: The Uncensored Story of the Music Video Revolution</i>. New York: Dutton. pp.&#160;<a rel=\"nofollow\" class=\"external text\" href=\"https://archive.org/details/iwantmymtvuncens00mark/page/250\">250–55</a>. <a href=\"/wiki/ISBN_(identifier)\" class=\"mw-redirect\" title=\"ISBN (identifier)\">ISBN</a>&#160;<a href=\"/wiki/Special:BookSources/978-0-525-95230-5\" title=\"Special:BookSources/978-0-525-95230-5\"><bdi>978-0-525-95230-5</bdi></a>.</cite><span title=\"ctx_ver=Z39.88-2004&amp;rft_val_fmt=info%3Aofi%2Ffmt%3Akev%3Amtx%3Abook&amp;rft.genre=bookitem&amp;rft.atitle=21&amp;rft.btitle=I+Want+My+MTV%3A+The+Uncensored+Story+of+the+Music+Video+Revolution&amp;rft.place=New+York&amp;rft.pages=250-55&amp;rft.pub=Dutton&amp;rft.date=2011&amp;rft.isbn=978-0-525-95230-5&amp;rft.aulast=Marks&amp;rft.aufirst=Craig&amp;rft.au=Tannenbaum%2C+Rob&amp;rft_id=https%3A%2F%2Farchive.org%2Fdetails%2Fiwantmymtvuncens00mark%2Fpage%2F250&amp;rfr_id=info%3Asid%2Fen.wikipedia.org%3ABilly+Squier\" class=\"Z3988\"></span></span>\n</li>\n<li id=\"cite_note-3\"><span class=\"mw-cite-backlink\"><b><a href=\"#cite_ref-3\">^</a></b></span> <span class=\"reference-text\"><link rel=\"mw-deduplicated-inline-style\" href=\"mw-data:TemplateStyles:r1238218222\" /><cite id=\"CITEREFMeeker2015\" class=\"citation web cs1\">Meeker, Ward (March 1, 2015). <a rel=\"nofollow\" class=\"external text\" href=\"https://www.vintageguitar.com/3221/billy-squier/\">\"Billy Squier\"</a>. <i>Vintage Guitar® magazine</i><span class=\"reference-accessdate\">. Retrieved <span class=\"nowrap\">March 29,</span> 2020</span>.</cite><span title=\"ctx_ver=Z39.88-2004&amp;rft_val_fmt=info%3Aofi%2Ffmt%3Akev%3Amtx%3Ajournal&amp;rft.genre=unknown&amp;rft.jtitle=Vintage+Guitar%C2%AE+magazine&amp;rft.atitle=Billy+Squier&amp;rft.date=2015-03-01&amp;rft.aulast=Meeker&amp;rft.aufirst=Ward&amp;rft_id=https%3A%2F%2Fwww.vintageguitar.com%2F3221%2Fbilly-squier%2F&amp;rfr_id=info%3Asid%2Fen.wikipedia.org%3ABilly+Squier\" class=\"Z3988\"></span></span>\n</li>\n<li id=\"cite_note-4\"><span class=\"mw-cite-backlink\"><b><a href=\"#cite_ref-4\">^</a></b></span> <span class=\"reference-text\"><link rel=\"mw-deduplicated-inline-style\" href=\"mw-data:TemplateStyles:r1238218222\" /><cite id=\"CITEREFArchive-Frank-Tortorici\" class=\"citation web cs1\">Archive-Frank-Tortorici. <a rel=\"nofollow\" class=\"external text\" href=\"https://web.archive.org/web/20210308035320/http://www.mtv.com/news/871957/billy-squier/\">\"Billy Squier\"</a>. <i>MTV News</i>. Archived from <a rel=\"nofollow\" class=\"external text\" href=\"http://www.mtv.com/news/871957/billy-squier/\">the original</a> on March 8, 2021<span class=\"reference-accessdate\">. Retrieved <span class=\"nowrap\">May 6,</span> 2020</span>.</cite><span title=\"ctx_ver=Z39.88-2004&amp;rft_val_fmt=info%3Aofi%2Ffmt%3Akev%3Amtx%3Ajournal&amp;rft.genre=unknown&amp;rft.jtitle=MTV+News&amp;rft.atitle=Billy+Squier&amp;rft.au=Archive-Frank-Tortorici&amp;rft_id=http%3A%2F%2Fwww.mtv.com%2Fnews%2F871957%2Fbilly-squier%2F&amp;rfr_id=info%3Asid%2Fen.wikipedia.org%3ABilly+Squier\" class=\"Z3988\"></span></span>\n</li>\n<li id=\"cite_note-5\"><span class=\"mw-cite-backlink\"><b><a href=\"#cite_ref-5\">^</a></b></span> <span class=\"reference-text\"><link rel=\"mw-deduplicated-inline-style\" href=\"mw-data:TemplateStyles:r1238218222\" /><cite class=\"citation web cs1\"><a rel=\"nofollow\" class=\"external text\" href=\"https://web.archive.org/web/20150202181131/http://www.annecarlini.com/ex_interviews.php?id=124\">\"<span class=\"cs1-kern-left\"></span>'80s - Billy Squier (2006)\"</a>. <i>Exclusive Magazine</i>. Anne Carlini. Archived from <a rel=\"nofollow\" class=\"external text\" href=\"http://www.annecarlini.com/ex_interviews.php?id=124\">the original</a> on February 2, 2015<span class=\"reference-accessdate\">. Retrieved <span class=\"nowrap\">February 20,</span> 2015</span>.</cite><span title=\"ctx_ver=Z39.88-2004&amp;rft_val_fmt=info%3Aofi%2Ffmt%3Akev%3Amtx%3Ajournal&amp;rft.genre=unknown&amp;rft.jtitle=Exclusive+Magazine&amp;rft.atitle=%2780s+-+Billy+Squier+%282006%29&amp;rft_id=http%3A%2F%2Fwww.annecarlini.com%2Fex_interviews.php%3Fid%3D124&amp;rfr_id=info%3Asid%2Fen.wikipedia.org%3ABilly+Squier\" class=\"Z3988\"></span></span>\n</li>\n<li id=\"cite_note-6\"><span class=\"mw-cite-backlink\"><b><a href=\"#cite_ref-6\">^</a></b></span> <span class=\"reference-text\"><link rel=\"mw-deduplicated-inline-style\" href=\"mw-data:TemplateStyles:r1238218222\" /><cite id=\"CITEREFMeeker2015\" class=\"citation web cs1\">Meeker, Ward (March 1, 2015). <a rel=\"nofollow\" class=\"external text\" href=\"https://www.vintageguitar.com/3221/billy-squier/\">\"Billy Squier\"</a>. <i>Vintage Guitar® magazine</i><span class=\"reference-accessdate\">. Retrieved <span class=\"nowrap\">April 4,</span> 2020</span>.</cite><span title=\"ctx_ver=Z39.88-2004&amp;rft_val_fmt=info%3Aofi%2Ffmt%3Akev%3Amtx%3Ajournal&amp;rft.genre=unknown&amp;rft.jtitle=Vintage+Guitar%C2%AE+magazine&amp;rft.atitle=Billy+Squier&amp;rft.date=2015-03-01&amp;rft.aulast=Meeker&amp;rft.aufirst=Ward&amp;rft_id=https%3A%2F%2Fwww.vintageguitar.com%2F3221%2Fbilly-squier%2F&amp;rfr_id=info%3Asid%2Fen.wikipedia.org%3ABilly+Squier\" class=\"Z3988\"></span></span>\n</li>\n<li id=\"cite_note-7\"><span class=\"mw-cite-backlink\"><b><a href=\"#cite_ref-7\">^</a></b></span> <span class=\"reference-text\"><link rel=\"mw-deduplicated-inline-style\" href=\"mw-data:TemplateStyles:r1238218222\" /><cite id=\"CITEREFGiles2016\" class=\"citation web cs1\">Giles, Jeff (April 13, 2016). <a rel=\"nofollow\" class=\"external text\" href=\"https://ultimateclassicrock.com/billy-squier-dont-say-no/\">\"Revisiting Billy Squier's Breakthrough Album, 'Don't Say No'<span class=\"cs1-kern-right\"></span>\"</a>. <i>Ultimateclassicrock.com</i><span class=\"reference-accessdate\">. Retrieved <span class=\"nowrap\">March 31,</span> 2020</span>.</cite><span title=\"ctx_ver=Z39.88-2004&amp;rft_val_fmt=info%3Aofi%2Ffmt%3Akev%3Amtx%3Ajournal&amp;rft.genre=unknown&amp;rft.jtitle=Ultimateclassicrock.com&amp;rft.atitle=Revisiting+Billy+Squier%27s+Breakthrough+Album%2C+%27Don%27t+Say+No%27&amp;rft.date=2016-04-13&amp;rft.aulast=Giles&amp;rft.aufirst=Jeff&amp;rft_id=https%3A%2F%2Fultimateclassicrock.com%2Fbilly-squier-dont-say-no%2F&amp;rfr_id=info%3Asid%2Fen.wikipedia.org%3ABilly+Squier\" class=\"Z3988\"></span></span>\n</li>\n<li id=\"cite_note-8\"><span class=\"mw-cite-backlink\"><b><a href=\"#cite_ref-8\">^</a></b></span> <span class=\"reference-text\"><link rel=\"mw-deduplicated-inline-style\" href=\"mw-data:TemplateStyles:r1238218222\" /><cite class=\"citation news cs1\"><a rel=\"nofollow\" class=\"external text\" href=\"https://www.latimes.com/archives/la-xpm-1986-10-12-ca-2715-story.html\">\"SQUIER TRIES TO SHED AN IMAGE AS A VIDEO WIMP\"</a>. <i><a href=\"/wiki/Los_Angeles_Times\" title=\"Los Angeles Times\">Los Angeles Times</a></i>. October 12, 1986<span class=\"reference-accessdate\">. Retrieved <span class=\"nowrap\">April 21,</span> 2020</span>.</cite><span title=\"ctx_ver=Z39.88-2004&amp;rft_val_fmt=info%3Aofi%2Ffmt%3Akev%3Amtx%3Ajournal&amp;rft.genre=article&amp;rft.jtitle=Los+Angeles+Times&amp;rft.atitle=SQUIER+TRIES+TO+SHED+AN+IMAGE+AS+A+VIDEO+WIMP&amp;rft.date=1986-10-12&amp;rft_id=https%3A%2F%2Fwww.latimes.com%2Farchives%2Fla-xpm-1986-10-12-ca-2715-story.html&amp;rfr_id=info%3Asid%2Fen.wikipedia.org%3ABilly+Squier\" class=\"Z3988\"></span></span>\n</li>\n<li id=\"cite_note-9\"><span class=\"mw-cite-backlink\"><b><a href=\"#cite_ref-9\">^</a></b></span> <span class=\"reference-text\"><link rel=\"mw-deduplicated-inline-style\" href=\"mw-data:TemplateStyles:r1238218222\" /><cite class=\"citation news cs1\"><a rel=\"nofollow\" class=\"external text\" href=\"http://www.queenarchives.com/index.php?title=Queen_-_07-27-1982_-_Washington_Post_-_Capital_Centre\">\"Queen's Flashy Rock\"</a>. <i><a href=\"/wiki/The_Washington_Post\" title=\"The Washington Post\">The Washington Post</a></i>. July 27, 1982.</cite><span title=\"ctx_ver=Z39.88-2004&amp;rft_val_fmt=info%3Aofi%2Ffmt%3Akev%3Amtx%3Ajournal&amp;rft.genre=article&amp;rft.jtitle=The+Washington+Post&amp;rft.atitle=Queen%27s+Flashy+Rock&amp;rft.date=1982-07-27&amp;rft_id=http%3A%2F%2Fwww.queenarchives.com%2Findex.php%3Ftitle%3DQueen_-_07-27-1982_-_Washington_Post_-_Capital_Centre&amp;rfr_id=info%3Asid%2Fen.wikipedia.org%3ABilly+Squier\" class=\"Z3988\"></span></span>\n</li>\n<li id=\"cite_note-10\"><span class=\"mw-cite-backlink\"><b><a href=\"#cite_ref-10\">^</a></b></span> <span class=\"reference-text\"><link rel=\"mw-deduplicated-inline-style\" href=\"mw-data:TemplateStyles:r1238218222\" /><cite class=\"citation news cs1\"><a rel=\"nofollow\" class=\"external text\" href=\"https://www.latimes.com/archives/la-xpm-1986-10-12-ca-2715-story.html\">\"SQUIER TRIES TO SHED AN IMAGE AS A VIDEO WIMP\"</a>. <i><a href=\"/wiki/Los_Angeles_Times\" title=\"Los Angeles Times\">Los Angeles Times</a></i>. October 12, 1986<span class=\"reference-accessdate\">. Retrieved <span class=\"nowrap\">April 5,</span> 2020</span>.</cite><span title=\"ctx_ver=Z39.88-2004&amp;rft_val_fmt=info%3Aofi%2Ffmt%3Akev%3Amtx%3Ajournal&amp;rft.genre=article&amp;rft.jtitle=Los+Angeles+Times&amp;rft.atitle=SQUIER+TRIES+TO+SHED+AN+IMAGE+AS+A+VIDEO+WIMP&amp;rft.date=1986-10-12&amp;rft_id=https%3A%2F%2Fwww.latimes.com%2Farchives%2Fla-xpm-1986-10-12-ca-2715-story.html&amp;rfr_id=info%3Asid%2Fen.wikipedia.org%3ABilly+Squier\" class=\"Z3988\"></span></span>\n</li>\n<li id=\"cite_note-11\"><span class=\"mw-cite-backlink\"><b><a href=\"#cite_ref-11\">^</a></b></span> <span class=\"reference-text\"><link rel=\"mw-deduplicated-inline-style\" href=\"mw-data:TemplateStyles:r1238218222\" /><cite class=\"citation web cs1\"><a rel=\"nofollow\" class=\"external text\" href=\"http://www.jimsteinman.com/lick.htm\">\"I'm Just Licking Them\"</a>. <i>Jimsteinman.com</i><span class=\"reference-accessdate\">. Retrieved <span class=\"nowrap\">April 18,</span> 2020</span>.</cite><span title=\"ctx_ver=Z39.88-2004&amp;rft_val_fmt=info%3Aofi%2Ffmt%3Akev%3Amtx%3Ajournal&amp;rft.genre=unknown&amp;rft.jtitle=Jimsteinman.com&amp;rft.atitle=I%27m+Just+Licking+Them&amp;rft_id=http%3A%2F%2Fwww.jimsteinman.com%2Flick.htm&amp;rfr_id=info%3Asid%2Fen.wikipedia.org%3ABilly+Squier\" class=\"Z3988\"></span></span>\n</li>\n<li id=\"cite_note-parker-12\"><span class=\"mw-cite-backlink\"><b><a href=\"#cite_ref-parker_12-0\">^</a></b></span> <span class=\"reference-text\"><link rel=\"mw-deduplicated-inline-style\" href=\"mw-data:TemplateStyles:r1238218222\" /><cite id=\"CITEREFParker2016\" class=\"citation web cs1\">Parker, Lyndsey (July 31, 2016). <a rel=\"nofollow\" class=\"external text\" href=\"https://www.yahoo.com/music/martha-martha-martha-35-years-later-original-vj-quinn-remembers-mtvs-early-days-042906236.html\">\"Martha, Martha, Martha! 35 Years Later, Original VJ Quinn Remembers MTV's Early Days\"</a>. <i>Yahoo! Music</i>.</cite><span title=\"ctx_ver=Z39.88-2004&amp;rft_val_fmt=info%3Aofi%2Ffmt%3Akev%3Amtx%3Ajournal&amp;rft.genre=unknown&amp;rft.jtitle=Yahoo%21+Music&amp;rft.atitle=Martha%2C+Martha%2C+Martha%21+35+Years+Later%2C+Original+VJ+Quinn+Remembers+MTV%27s+Early+Days&amp;rft.date=2016-07-31&amp;rft.aulast=Parker&amp;rft.aufirst=Lyndsey&amp;rft_id=https%3A%2F%2Fwww.yahoo.com%2Fmusic%2Fmartha-martha-martha-35-years-later-original-vj-quinn-remembers-mtvs-early-days-042906236.html&amp;rfr_id=info%3Asid%2Fen.wikipedia.org%3ABilly+Squier\" class=\"Z3988\"></span></span>\n</li>\n<li id=\"cite_note-13\"><span class=\"mw-cite-backlink\"><b><a href=\"#cite_ref-13\">^</a></b></span> <span class=\"reference-text\"><link rel=\"mw-deduplicated-inline-style\" href=\"mw-data:TemplateStyles:r1238218222\" /><cite class=\"citation web cs1\"><a rel=\"nofollow\" class=\"external text\" href=\"https://www.setlist.fm/setlists/billy-squier-2bd680be.html\">\"Billy Squier Concert Setlists (page 12)\"</a>. <i>Setlist.fm</i><span class=\"reference-accessdate\">. Retrieved <span class=\"nowrap\">March 29,</span> 2020</span>.</cite><span title=\"ctx_ver=Z39.88-2004&amp;rft_val_fmt=info%3Aofi%2Ffmt%3Akev%3Amtx%3Ajournal&amp;rft.genre=unknown&amp;rft.jtitle=Setlist.fm&amp;rft.atitle=Billy+Squier+Concert+Setlists+%28page+12%29&amp;rft_id=https%3A%2F%2Fwww.setlist.fm%2Fsetlists%2Fbilly-squier-2bd680be.html&amp;rfr_id=info%3Asid%2Fen.wikipedia.org%3ABilly+Squier\" class=\"Z3988\"></span></span>\n</li>\n<li id=\"cite_note-14\"><span class=\"mw-cite-backlink\"><b><a href=\"#cite_ref-14\">^</a></b></span> <span class=\"reference-text\"><link rel=\"mw-deduplicated-inline-style\" href=\"mw-data:TemplateStyles:r1238218222\" /><cite class=\"citation web cs1\"><a rel=\"nofollow\" class=\"external text\" href=\"http://performingsongwriter.com/articles-interviews/producers-engineers/peter-collins/\">\"An interview with Peter Collins\"</a>. <i>Performingsongwriter.com</i>. July 26, 2010.</cite><span title=\"ctx_ver=Z39.88-2004&amp;rft_val_fmt=info%3Aofi%2Ffmt%3Akev%3Amtx%3Ajournal&amp;rft.genre=unknown&amp;rft.jtitle=Performingsongwriter.com&amp;rft.atitle=An+interview+with+Peter+Collins&amp;rft.date=2010-07-26&amp;rft_id=http%3A%2F%2Fperformingsongwriter.com%2Farticles-interviews%2Fproducers-engineers%2Fpeter-collins%2F&amp;rfr_id=info%3Asid%2Fen.wikipedia.org%3ABilly+Squier\" class=\"Z3988\"></span></span>\n</li>\n<li id=\"cite_note-15\"><span class=\"mw-cite-backlink\"><b><a href=\"#cite_ref-15\">^</a></b></span> <span class=\"reference-text\"><link rel=\"mw-deduplicated-inline-style\" href=\"mw-data:TemplateStyles:r1238218222\" /><cite class=\"citation web cs1\"><a rel=\"nofollow\" class=\"external text\" href=\"https://www.classicrockrevisited.com/show_review.php?id=910\">\"CRR Review - Billy Squier - Enough is Enough/Hear &amp; Now/Creatures of Habit\"</a>. <i>Classicrockrevisited.com</i><span class=\"reference-accessdate\">. Retrieved <span class=\"nowrap\">April 21,</span> 2020</span>.</cite><span title=\"ctx_ver=Z39.88-2004&amp;rft_val_fmt=info%3Aofi%2Ffmt%3Akev%3Amtx%3Ajournal&amp;rft.genre=unknown&amp;rft.jtitle=Classicrockrevisited.com&amp;rft.atitle=CRR+Review+-+Billy+Squier+-+Enough+is+Enough%2FHear+%26+Now%2FCreatures+of+Habit&amp;rft_id=https%3A%2F%2Fwww.classicrockrevisited.com%2Fshow_review.php%3Fid%3D910&amp;rfr_id=info%3Asid%2Fen.wikipedia.org%3ABilly+Squier\" class=\"Z3988\"></span></span>\n</li>\n<li id=\"cite_note-16\"><span class=\"mw-cite-backlink\"><b><a href=\"#cite_ref-16\">^</a></b></span> <span class=\"reference-text\"><link rel=\"mw-deduplicated-inline-style\" href=\"mw-data:TemplateStyles:r1238218222\" /><cite id=\"CITEREFBarronMartin,_Douglas1998\" class=\"citation news cs1\">Barron, James; Martin, Douglas (February 18, 1998). <a rel=\"nofollow\" class=\"external text\" href=\"https://query.nytimes.com/gst/fullpage.html?res=9806E2DC153FF93BA25751C0A96E958260\">\"PUBLIC LIVES; Theater Records\"</a>. <i><a href=\"/wiki/The_New_York_Times\" title=\"The New York Times\">The New York Times</a></i>.</cite><span title=\"ctx_ver=Z39.88-2004&amp;rft_val_fmt=info%3Aofi%2Ffmt%3Akev%3Amtx%3Ajournal&amp;rft.genre=article&amp;rft.jtitle=The+New+York+Times&amp;rft.atitle=PUBLIC+LIVES%3B+Theater+Records&amp;rft.date=1998-02-18&amp;rft.aulast=Barron&amp;rft.aufirst=James&amp;rft.au=Martin%2C+Douglas&amp;rft_id=https%3A%2F%2Fquery.nytimes.com%2Fgst%2Ffullpage.html%3Fres%3D9806E2DC153FF93BA25751C0A96E958260&amp;rfr_id=info%3Asid%2Fen.wikipedia.org%3ABilly+Squier\" class=\"Z3988\"></span></span>\n</li>\n<li id=\"cite_note-17\"><span class=\"mw-cite-backlink\"><b><a href=\"#cite_ref-17\">^</a></b></span> <span class=\"reference-text\"><a rel=\"nofollow\" class=\"external autonumber\" href=\"http://www.staticmultimedia.com/music/news/shout~_factory_re-issuing_concrete_blonde_~_billy_squier\">[1]</a> <sup class=\"noprint Inline-Template\"><span style=\"white-space: nowrap;\">&#91;<i><a href=\"/wiki/Wikipedia:Link_rot\" title=\"Wikipedia:Link rot\"><span title=\"&#160;Dead link tagged July 2017\">permanent dead link</span></a></i>&#93;</span></sup></span>\n</li>\n<li id=\"cite_note-18\"><span class=\"mw-cite-backlink\"><b><a href=\"#cite_ref-18\">^</a></b></span> <span class=\"reference-text\"><link rel=\"mw-deduplicated-inline-style\" href=\"mw-data:TemplateStyles:r1238218222\" /><cite class=\"citation web cs1\"><a rel=\"nofollow\" class=\"external text\" href=\"https://web.archive.org/web/20140715100527/http://www.littlekidsrock.org/friends/our-big-fans/billy-squier/\">\"Billy Squier\"</a>. Little Kids Rock. Archived from <a rel=\"nofollow\" class=\"external text\" href=\"http://www.littlekidsrock.org/friends/our-big-fans/billy-squier/\">the original</a> on July 15, 2014<span class=\"reference-accessdate\">. Retrieved <span class=\"nowrap\">July 17,</span> 2014</span>.</cite><span title=\"ctx_ver=Z39.88-2004&amp;rft_val_fmt=info%3Aofi%2Ffmt%3Akev%3Amtx%3Abook&amp;rft.genre=unknown&amp;rft.btitle=Billy+Squier&amp;rft.pub=Little+Kids+Rock&amp;rft_id=http%3A%2F%2Fwww.littlekidsrock.org%2Ffriends%2Four-big-fans%2Fbilly-squier%2F&amp;rfr_id=info%3Asid%2Fen.wikipedia.org%3ABilly+Squier\" class=\"Z3988\"></span></span>\n</li>\n<li id=\"cite_note-19\"><span class=\"mw-cite-backlink\"><b><a href=\"#cite_ref-19\">^</a></b></span> <span class=\"reference-text\"><a rel=\"nofollow\" class=\"external autonumber\" href=\"https://videopress.com/v/pPTnmICD\">[2]</a> <sup class=\"noprint Inline-Template\"><span style=\"white-space: nowrap;\">&#91;<i><a href=\"/wiki/Wikipedia:Link_rot\" title=\"Wikipedia:Link rot\"><span title=\"&#160;Dead link tagged August 2025\">dead link</span></a></i>&#93;</span></sup></span>\n</li>\n<li id=\"cite_note-20\"><span class=\"mw-cite-backlink\"><b><a href=\"#cite_ref-20\">^</a></b></span> <span class=\"reference-text\"><link rel=\"mw-deduplicated-inline-style\" href=\"mw-data:TemplateStyles:r1238218222\" /><cite class=\"citation web cs1\"><a rel=\"nofollow\" class=\"external text\" href=\"https://ultimateclassicrock.com/billy-squier-harder-on-a-woman/\">\"Listen to Billy Squier's New Song, 'Harder on a Woman'<span class=\"cs1-kern-right\"></span>\"</a>. <i>Ultimateclassicrock.com</i>. March 8, 2023.</cite><span title=\"ctx_ver=Z39.88-2004&amp;rft_val_fmt=info%3Aofi%2Ffmt%3Akev%3Amtx%3Ajournal&amp;rft.genre=unknown&amp;rft.jtitle=Ultimateclassicrock.com&amp;rft.atitle=Listen+to+Billy+Squier%27s+New+Song%2C+%27Harder+on+a+Woman%27&amp;rft.date=2023-03-08&amp;rft_id=https%3A%2F%2Fultimateclassicrock.com%2Fbilly-squier-harder-on-a-woman%2F&amp;rfr_id=info%3Asid%2Fen.wikipedia.org%3ABilly+Squier\" class=\"Z3988\"></span></span>\n</li>\n<li id=\"cite_note-21\"><span class=\"mw-cite-backlink\"><b><a href=\"#cite_ref-21\">^</a></b></span> <span class=\"reference-text\">Webster, Ed. <i>Snow in the Kingdom</i>. Mountain Imagery, 2000, p. 97</span>\n</li>\n<li id=\"cite_note-22\"><span class=\"mw-cite-backlink\"><b><a href=\"#cite_ref-22\">^</a></b></span> <span class=\"reference-text\"><link rel=\"mw-deduplicated-inline-style\" href=\"mw-data:TemplateStyles:r1238218222\" /><cite class=\"citation web cs1\"><a rel=\"nofollow\" class=\"external text\" href=\"https://www.facebook.com/nicole.schoen.71/\">\"Nicole Squier\"</a>. <i>Facebook.com</i>.</cite><span title=\"ctx_ver=Z39.88-2004&amp;rft_val_fmt=info%3Aofi%2Ffmt%3Akev%3Amtx%3Ajournal&amp;rft.genre=unknown&amp;rft.jtitle=Facebook.com&amp;rft.atitle=Nicole+Squier&amp;rft_id=https%3A%2F%2Fwww.facebook.com%2Fnicole.schoen.71%2F&amp;rfr_id=info%3Asid%2Fen.wikipedia.org%3ABilly+Squier\" class=\"Z3988\"></span></span>\n</li>\n<li id=\"cite_note-23\"><span class=\"mw-cite-backlink\"><b><a href=\"#cite_ref-23\">^</a></b></span> <span class=\"reference-text\"><link rel=\"mw-deduplicated-inline-style\" href=\"mw-data:TemplateStyles:r1238218222\" /><cite class=\"citation news cs1\"><a rel=\"nofollow\" class=\"external text\" href=\"https://nypost.com/2000/05/14/rocker-billys-a-country-squier/\">\"Rocker Billy's A Country 'Squier'<span class=\"cs1-kern-right\"></span>\"</a>. <i><a href=\"/wiki/The_New_York_Post\" class=\"mw-redirect\" title=\"The New York Post\">The New York Post</a></i>. May 14, 2000.</cite><span title=\"ctx_ver=Z39.88-2004&amp;rft_val_fmt=info%3Aofi%2Ffmt%3Akev%3Amtx%3Ajournal&amp;rft.genre=article&amp;rft.jtitle=The+New+York+Post&amp;rft.atitle=Rocker+Billy%27s+A+Country+%27Squier%27&amp;rft.date=2000-05-14&amp;rft_id=https%3A%2F%2Fnypost.com%2F2000%2F05%2F14%2Frocker-billys-a-country-squier%2F&amp;rfr_id=info%3Asid%2Fen.wikipedia.org%3ABilly+Squier\" class=\"Z3988\"></span></span>\n</li>\n<li id=\"cite_note-24\"><span class=\"mw-cite-backlink\"><b><a href=\"#cite_ref-24\">^</a></b></span> <span class=\"reference-text\"><link rel=\"mw-deduplicated-inline-style\" href=\"mw-data:TemplateStyles:r1238218222\" /><cite class=\"citation news cs1\"><a rel=\"nofollow\" class=\"external text\" href=\"http://www.newyorksocialdiary.com/guest-diary/2015/end-of-summer-doings-at-madoo\">\"End of Summer Doings at Madoo\"</a>. <i><a href=\"/wiki/New_York_Social_Diary\" title=\"New York Social Diary\">New York Social Diary</a></i>. September 2, 2015.</cite><span title=\"ctx_ver=Z39.88-2004&amp;rft_val_fmt=info%3Aofi%2Ffmt%3Akev%3Amtx%3Ajournal&amp;rft.genre=article&amp;rft.jtitle=New+York+Social+Diary&amp;rft.atitle=End+of+Summer+Doings+at+Madoo&amp;rft.date=2015-09-02&amp;rft_id=http%3A%2F%2Fwww.newyorksocialdiary.com%2Fguest-diary%2F2015%2Fend-of-summer-doings-at-madoo&amp;rfr_id=info%3Asid%2Fen.wikipedia.org%3ABilly+Squier\" class=\"Z3988\"></span></span>\n</li>\n</ol></div></div>\n<div class=\"mw-heading mw-heading2\"><h2 id=\"External_links\">External links</h2></div>\n<ul><li><a rel=\"nofollow\" class=\"external text\" href=\"http://www.billysquier.com/\">Official website</a></li>\n<li><a rel=\"nofollow\" class=\"external text\" href=\"https://web.archive.org/web/20020502031049/http://www.vh1.com/artists/az/squier_billy/bio.jhtml\">Billy Squier</a> at <a href=\"/wiki/VH1\" title=\"VH1\">VH1</a>.com</li>\n<li><a rel=\"nofollow\" class=\"external text\" href=\"https://www.imdb.com/name/nm1205541/\">Billy Squier</a> at <a href=\"/wiki/IMDb_(identifier)\" class=\"mw-redirect\" title=\"IMDb (identifier)\">IMDb</a></li></ul>\n<div class=\"navbox-styles\"><link rel=\"mw-deduplicated-inline-style\" href=\"mw-data:TemplateStyles:r1129693374\" /><style data-mw-deduplicate=\"TemplateStyles:r1236075235\">.mw-parser-output .navbox{box-sizing:border-box;border:1px solid #a2a9b1;width:100%;clear:both;font-size:88%;text-align:center;padding:1px;margin:1em auto 0}.mw-parser-output .navbox .navbox{margin-top:0}.mw-parser-output .navbox+.navbox,.mw-parser-output .navbox+.navbox-styles+.navbox{margin-top:-1px}.mw-parser-output .navbox-inner,.mw-parser-output .navbox-subgroup{width:100%}.mw-parser-output .navbox-group,.mw-parser-output .navbox-title,.mw-parser-output .navbox-abovebelow{padding:0.25em 1em;line-height:1.5em;text-align:center}.mw-parser-output .navbox-group{white-space:nowrap;text-align:right}.mw-parser-output .navbox,.mw-parser-output .navbox-subgroup{background-color:#fdfdfd}.mw-parser-output .navbox-list{line-height:1.5em;border-color:#fdfdfd}.mw-parser-output .navbox-list-with-group{text-align:left;border-left-width:2px;border-left-style:solid}.mw-parser-output tr+tr>.navbox-abovebelow,.mw-parser-output tr+tr>.navbox-group,.mw-parser-output tr+tr>.navbox-image,.mw-parser-output tr+tr>.navbox-list{border-top:2px solid #fdfdfd}.mw-parser-output .navbox-title{background-color:#ccf}.mw-parser-output .navbox-abovebelow,.mw-parser-output .navbox-group,.mw-parser-output .navbox-subgroup .navbox-title{background-color:#ddf}.mw-parser-output .navbox-subgroup .navbox-group,.mw-parser-output .navbox-subgroup .navbox-abovebelow{background-color:#e6e6ff}.mw-parser-output .navbox-even{background-color:#f7f7f7}.mw-parser-output .navbox-odd{background-color:transparent}.mw-parser-output .navbox .hlist td dl,.mw-parser-output .navbox .hlist td ol,.mw-parser-output .navbox .hlist td ul,.mw-parser-output .navbox td.hlist dl,.mw-parser-output .navbox td.hlist ol,.mw-parser-output .navbox td.hlist ul{padding:0.125em 0}.mw-parser-output .navbox .navbar{display:block;font-size:100%}.mw-parser-output .navbox-title .navbar{float:left;text-align:left;margin-right:0.5em}body.skin--responsive .mw-parser-output .navbox-image img{max-width:none!important}@media print{body.ns-0 .mw-parser-output .navbox{display:none!important}}</style><style data-mw-deduplicate=\"TemplateStyles:r1256394678\">@media screen{.mw-parser-output .navbox-musical-artist-solo .navbox-title{background-color:#f0e68c}.mw-parser-output .navbox-musical-artist-non-vocal .navbox-title{background-color:#f4bf92}.mw-parser-output .navbox-musical-artist-non-perform .navbox-title{background-color:#bfe0bf}.mw-parser-output .navbox-musical-artist-group .navbox-title{background-color:#b0c4de}.mw-parser-output .navbox-musical-artist-cover .navbox-title{background-color:#d8bfd8}.mw-parser-output .navbox-musical-artist-classical .navbox-title{background-color:#b0e0e6}.mw-parser-output .navbox-musical-artist-temp .navbox-title{background-color:#d3d3d3}.mw-parser-output .navbox-musical-artist .navbox-group,.mw-parser-output .navbox-musical-artist .navbox-abovebelow{background-color:var(--background-color-neutral,#eaecf0)}html.skin-theme-clienpref-night .mw-parser-output .navbox-musical-artist .navbox-title{background-color:inherit}}@media screen and (prefers-color-scheme:dark){html.skin-theme-clienpref-os .mw-parser-output .navbox-musical-artist .navbox-title{background-color:inherit}}</style></div><div role=\"navigation\" class=\"navbox navbox-musical-artist navbox-musical-artist-solo\" aria-labelledby=\"Billy_Squier1055\" style=\"padding:3px\"><table class=\"nowraplinks vcard mw-collapsible autocollapse navbox-inner\" style=\"border-spacing:0;background:transparent;color:inherit\"><tbody><tr><th scope=\"col\" class=\"navbox-title\" colspan=\"2\"><link rel=\"mw-deduplicated-inline-style\" href=\"mw-data:TemplateStyles:r1129693374\" /><style data-mw-deduplicate=\"TemplateStyles:r1239400231\">.mw-parser-output .navbar{display:inline;font-size:88%;font-weight:normal}.mw-parser-output .navbar-collapse{float:left;text-align:left}.mw-parser-output .navbar-boxtext{word-spacing:0}.mw-parser-output .navbar ul{display:inline-block;white-space:nowrap;line-height:inherit}.mw-parser-output .navbar-brackets::before{margin-right:-0.125em;content:\"[ \"}.mw-parser-output .navbar-brackets::after{margin-left:-0.125em;content:\" ]\"}.mw-parser-output .navbar li{word-spacing:-0.125em}.mw-parser-output .navbar a>span,.mw-parser-output .navbar a>abbr{text-decoration:inherit}.mw-parser-output .navbar-mini abbr{font-variant:small-caps;border-bottom:none;text-decoration:none;cursor:inherit}.mw-parser-output .navbar-ct-full{font-size:114%;margin:0 7em}.mw-parser-output .navbar-ct-mini{font-size:114%;margin:0 4em}html.skin-theme-clientpref-night .mw-parser-output .navbar li a abbr{color:var(--color-base)!important}@media(prefers-color-scheme:dark){html.skin-theme-clientpref-os .mw-parser-output .navbar li a abbr{color:var(--color-base)!important}}@media print{.mw-parser-output .navbar{display:none!important}}</style><div class=\"navbar plainlinks hlist navbar-mini\"><ul><li class=\"nv-view\"><a href=\"/wiki/Template:Billy_Squier\" title=\"Template:Billy Squier\"><abbr title=\"View this template\">v</abbr></a></li><li class=\"nv-talk\"><a href=\"/wiki/Template_talk:Billy_Squier\" title=\"Template talk:Billy Squier\"><abbr title=\"Discuss this template\">t</abbr></a></li><li class=\"nv-edit\"><a href=\"/wiki/Special:EditPage/Template:Billy_Squier\" title=\"Special:EditPage/Template:Billy Squier\"><abbr title=\"Edit this template\">e</abbr></a></li></ul></div><div id=\"Billy_Squier1055\" class=\"fn\" style=\"font-size:114%;margin:0 4em\"><a class=\"mw-selflink selflink\">Billy Squier</a></div></th></tr><tr><th scope=\"row\" class=\"navbox-group\" style=\"width:1%\">Albums</th><td class=\"navbox-list-with-group navbox-list navbox-odd hlist\" style=\"width:100%;padding:0\"><div style=\"padding:0 0.25em\">\n<ul><li><i><a href=\"/wiki/The_Tale_of_the_Tape\" title=\"The Tale of the Tape\">The Tale of the Tape</a></i></li>\n<li><i><a href=\"/wiki/Don%27t_Say_No_(Billy_Squier_album)\" title=\"Don&#39;t Say No (Billy Squier album)\">Don't Say No</a></i></li>\n<li><i><a href=\"/wiki/Emotions_in_Motion\" title=\"Emotions in Motion\">Emotions in Motion</a></i></li>\n<li><i><a href=\"/wiki/Signs_of_Life_(Billy_Squier_album)\" title=\"Signs of Life (Billy Squier album)\">Signs of Life</a></i></li>\n<li><i><a href=\"/wiki/Enough_Is_Enough_(Billy_Squier_album)\" title=\"Enough Is Enough (Billy Squier album)\">Enough Is Enough</a></i></li>\n<li><i><a href=\"/wiki/Hear_%26_Now_(Billy_Squier_album)\" title=\"Hear &amp; Now (Billy Squier album)\">Hear &amp; Now</a></i></li>\n<li><i><a href=\"/wiki/Creatures_of_Habit_(album)\" title=\"Creatures of Habit (album)\">Creatures of Habit</a></i></li>\n<li><i><a href=\"/wiki/Tell_the_Truth_(Billy_Squier_album)\" title=\"Tell the Truth (Billy Squier album)\">Tell the Truth</a></i></li>\n<li><i><a href=\"/wiki/Happy_Blue\" class=\"mw-redirect\" title=\"Happy Blue\">Happy Blue</a></i></li></ul>\n</div></td></tr><tr><th scope=\"row\" class=\"navbox-group\" style=\"width:1%\">Singles</th><td class=\"navbox-list-with-group navbox-list navbox-even hlist\" style=\"width:100%;padding:0\"><div style=\"padding:0 0.25em\">\n<ul><li>\"<a href=\"/wiki/The_Stroke\" title=\"The Stroke\">The Stroke</a>\"</li>\n<li>\"<a href=\"/wiki/In_the_Dark_(Billy_Squier_song)\" title=\"In the Dark (Billy Squier song)\">In the Dark</a>\"</li>\n<li>\"<a href=\"/wiki/My_Kinda_Lover\" title=\"My Kinda Lover\">My Kinda Lover</a>\"/\"<a href=\"/wiki/Christmas_Is_the_Time_to_Say_%27I_Love_You%27\" title=\"Christmas Is the Time to Say &#39;I Love You&#39;\">Christmas Is the Time to Say 'I Love You'</a>\"</li>\n<li>\"<a href=\"/wiki/Emotions_in_Motion_(song)\" title=\"Emotions in Motion (song)\">Emotions in Motion</a>\"</li>\n<li>\"<a href=\"/wiki/Everybody_Wants_You\" title=\"Everybody Wants You\">Everybody Wants You</a>\"</li>\n<li>\"<a href=\"/wiki/Rock_Me_Tonite\" title=\"Rock Me Tonite\">Rock Me Tonite</a>\"</li>\n<li>\"<a href=\"/wiki/Love_Is_the_Hero\" title=\"Love Is the Hero\">Love Is the Hero</a>\"</li>\n<li>\"<a href=\"/wiki/Don%27t_Say_You_Love_Me_(Billy_Squier_song)\" title=\"Don&#39;t Say You Love Me (Billy Squier song)\">Don't Say You Love Me</a>\"</li></ul>\n</div></td></tr><tr><th scope=\"row\" class=\"navbox-group\" style=\"width:1%\">Other songs</th><td class=\"navbox-list-with-group navbox-list navbox-odd hlist\" style=\"width:100%;padding:0\"><div style=\"padding:0 0.25em\">\n<ul><li>\"<a href=\"/wiki/The_Big_Beat_(song)\" title=\"The Big Beat (song)\">The Big Beat</a>\"</li>\n<li>\"<a href=\"/wiki/Lonely_Is_the_Night\" title=\"Lonely Is the Night\">Lonely Is the Night</a>\"</li></ul>\n</div></td></tr><tr><th scope=\"row\" class=\"navbox-group\" style=\"width:1%\">Related articles</th><td class=\"navbox-list-with-group navbox-list navbox-even hlist\" style=\"width:100%;padding:0\"><div style=\"padding:0 0.25em\">\n<ul><li><a href=\"/wiki/Billy_Squier_discography\" title=\"Billy Squier discography\">Discography</a></li></ul>\n</div></td></tr></tbody></table></div>\n<div class=\"navbox-styles\"><link rel=\"mw-deduplicated-inline-style\" href=\"mw-data:TemplateStyles:r1129693374\" /><link rel=\"mw-deduplicated-inline-style\" href=\"mw-data:TemplateStyles:r1236075235\" /></div><div role=\"navigation\" class=\"navbox authority-control\" aria-labelledby=\"Authority_control_databases_frameless&amp;#124;text-top&amp;#124;10px&amp;#124;alt=Edit_this_at_Wikidata&amp;#124;link=https&amp;#58;//www.wikidata.org/wiki/Q863226#identifiers&amp;#124;class=noprint&amp;#124;Edit_this_at_Wikidata1819\" style=\"padding:3px\"><table class=\"nowraplinks hlist mw-collapsible autocollapse navbox-inner\" style=\"border-spacing:0;background:transparent;color:inherit\"><tbody><tr><th scope=\"col\" class=\"navbox-title\" colspan=\"2\"><div id=\"Authority_control_databases_frameless&amp;#124;text-top&amp;#124;10px&amp;#124;alt=Edit_this_at_Wikidata&amp;#124;link=https&amp;#58;//www.wikidata.org/wiki/Q863226#identifiers&amp;#124;class=noprint&amp;#124;Edit_this_at_Wikidata1819\" style=\"font-size:114%;margin:0 4em\"><a href=\"/wiki/Help:Authority_control\" title=\"Help:Authority control\">Authority control databases</a> <span class=\"mw-valign-text-top noprint\" typeof=\"mw:File/Frameless\"><a href=\"https://www.wikidata.org/wiki/Q863226#identifiers\" title=\"Edit this at Wikidata\"><img alt=\"Edit this at Wikidata\" src=\"//upload.wikimedia.org/wikipedia/en/thumb/8/8a/OOjs_UI_icon_edit-ltr-progressive.svg/20px-OOjs_UI_icon_edit-ltr-progressive.svg.png\" decoding=\"async\" width=\"10\" height=\"10\" class=\"mw-file-element\" data-file-width=\"20\" data-file-height=\"20\" /></a></span></div></th></tr><tr><th scope=\"row\" class=\"navbox-group\" style=\"width:1%\">International</th><td class=\"navbox-list-with-group navbox-list navbox-odd\" style=\"width:100%;padding:0\"><div style=\"padding:0 0.25em\"><ul><li><span class=\"uid\"><a rel=\"nofollow\" class=\"external text\" href=\"https://isni.org/isni/0000000055147203\">ISNI</a></span></li><li><span class=\"uid\"><a rel=\"nofollow\" class=\"external text\" href=\"https://viaf.org/viaf/59270919\">VIAF</a></span></li><li><span class=\"uid\"><a rel=\"nofollow\" class=\"external text\" href=\"https://d-nb.info/gnd/134527569\">GND</a></span></li><li><span class=\"uid\"><a rel=\"nofollow\" class=\"external text\" href=\"https://id.worldcat.org/fast/157283\">FAST</a></span></li><li><span class=\"uid\"><a rel=\"nofollow\" class=\"external text\" href=\"https://id.oclc.org/worldcat/entity/E39PBJjMCmwVrQwJBGMTG6WYyd\">WorldCat</a></span></li></ul></div></td></tr><tr><th scope=\"row\" class=\"navbox-group\" style=\"width:1%\">National</th><td class=\"navbox-list-with-group navbox-list navbox-even\" style=\"width:100%;padding:0\"><div style=\"padding:0 0.25em\"><ul><li><span class=\"uid\"><a rel=\"nofollow\" class=\"external text\" href=\"https://id.loc.gov/authorities/n85031777\">United States</a></span></li><li><span class=\"uid\"><a rel=\"nofollow\" class=\"external text\" href=\"https://catalogue.bnf.fr/ark:/12148/cb13899988q\">France</a></span></li><li><span class=\"uid\"><a rel=\"nofollow\" class=\"external text\" href=\"https://data.bnf.fr/ark:/12148/cb13899988q\">BnF data</a></span></li><li><span class=\"uid\"><a rel=\"nofollow\" class=\"external text\" href=\"https://aleph.nkp.cz/F/?func=find-c&amp;local_base=aut&amp;ccl_term=ica=xx0206858&amp;CON_LNG=ENG\">Czech Republic</a></span></li><li><span class=\"uid\"><a rel=\"nofollow\" class=\"external text\" href=\"http://data.bibliotheken.nl/id/thes/p071396950\">Netherlands</a></span></li></ul></div></td></tr><tr><th scope=\"row\" class=\"navbox-group\" style=\"width:1%\">Artists</th><td class=\"navbox-list-with-group navbox-list navbox-odd\" style=\"width:100%;padding:0\"><div style=\"padding:0 0.25em\"><ul><li><span class=\"uid\"><a rel=\"nofollow\" class=\"external text\" href=\"https://www.getty.edu/vow/ULANFullDisplay?find=&amp;role=&amp;nation=&amp;subjectid=500474049\">ULAN</a></span></li><li><span class=\"uid\"><a rel=\"nofollow\" class=\"external text\" href=\"https://musicbrainz.org/artist/3792dcb3-036e-45d6-8ee2-ff8d12c6c6c9\">MusicBrainz</a></span></li><li><span class=\"uid\"><a rel=\"nofollow\" class=\"external text\" href=\"https://www.moma.org/artists/47844\">Museum of Modern Art</a></span></li><li><span class=\"uid\"><a rel=\"nofollow\" class=\"external text\" href=\"https://www.grammy.com/artists/billy-squier/12567\">Grammy Awards</a></span></li></ul></div></td></tr><tr><th scope=\"row\" class=\"navbox-group\" style=\"width:1%\">Other</th><td class=\"navbox-list-with-group navbox-list navbox-even\" style=\"width:100%;padding:0\"><div style=\"padding:0 0.25em\"><ul><li><span class=\"uid\"><a rel=\"nofollow\" class=\"external text\" href=\"https://lux.collections.yale.edu/view/person/8b7aa57d-8640-443b-b740-199316feebf3\">Yale LUX</a></span></li></ul></div></td></tr></tbody></table></div>\n<!-- \nNewPP limit report\nParsed by mw‐web.codfw.main‐9c75744‐r4z9p\nCached time: 20250928050226\nCache expiry: 2592000\nReduced expiry: false\nComplications: [vary‐revision‐sha1, show‐toc]\nCPU time usage: 0.803 seconds\nReal time usage: 0.978 seconds\nPreprocessor visited node count: 6060/1000000\nRevision size: 28060/2097152 bytes\nPost‐expand include size: 101044/2097152 bytes\nTemplate argument size: 16484/2097152 bytes\nHighest expansion depth: 17/100\nExpensive parser function count: 10/500\nUnstrip recursion depth: 1/20\nUnstrip post‐expand size: 95028/5000000 bytes\nLua time usage: 0.463/10.000 seconds\nLua memory usage: 11887740/52428800 bytes\nNumber of Wikibase entities loaded: 1/500\n-->\n<!--\nTransclusion expansion time report (%,ms,calls,template)\n100.00%  865.522      1 -total\n 25.19%  218.019      1 Template:Reflist\n 22.80%  197.316      1 Template:Infobox_musical_artist\n 20.16%  174.519      1 Template:Infobox\n 15.73%  136.129     14 Template:Cite_web\n 11.56%  100.078     16 Template:Fix\n 10.28%   88.982      2 Template:Short_description\n 10.00%   86.590     10 Template:Cn\n  7.46%   64.540      2 Template:Br_separated_entries\n  7.22%   62.508      1 Template:Billy_Squier\n-->\n\n<!-- Saved in parser cache with key enwiki:pcache:1261916:|#|:idhash:canonical and timestamp 20250928050226 and revision id 1309402621. Rendering was triggered because: page_view\n -->\n</div>"
        }
    }
}