{
    "parse": {
        "title": "Black Stone Cherry",
        "pageid": 5105575,
        "text": {
            "*": "<div class=\"mw-content-ltr mw-parser-output\" lang=\"en\" dir=\"ltr\"><div class=\"shortdescription nomobile noexcerpt noprint searchaux\" style=\"display:none\">American rock band</div>\n<p class=\"mw-empty-elt\">\n</p>\n<style data-mw-deduplicate=\"TemplateStyles:r1126788409\">.mw-parser-output .plainlist ol,.mw-parser-output .plainlist ul{line-height:inherit;list-style:none;margin:0;padding:0}.mw-parser-output .plainlist ol li,.mw-parser-output .plainlist ul li{margin-bottom:0}</style><style data-mw-deduplicate=\"TemplateStyles:r1295905060\">.mw-parser-output .infobox-subbox{padding:0;border:none;margin:-3px;width:auto;min-width:100%;font-size:100%;clear:none;float:none;background-color:transparent}.mw-parser-output .infobox-3cols-child{margin:auto}.mw-parser-output .infobox .navbar{font-size:100%}@media screen{html.skin-theme-clientpref-night .mw-parser-output .infobox-full-data:not(.notheme)>div:not(.notheme)[style]{background:#1f1f23!important;color:#f8f9fa}}@media screen and (prefers-color-scheme:dark){html.skin-theme-clientpref-os .mw-parser-output .infobox-full-data:not(.notheme)>div:not(.notheme)[style]{background:#1f1f23!important;color:#f8f9fa}}@media(min-width:640px){body.skin--responsive .mw-parser-output .infobox-table{display:table!important}body.skin--responsive .mw-parser-output .infobox-table>caption{display:table-caption!important}body.skin--responsive .mw-parser-output .infobox-table>tbody{display:table-row-group}body.skin--responsive .mw-parser-output .infobox-table th,body.skin--responsive .mw-parser-output .infobox-table td{padding-left:inherit;padding-right:inherit}}</style><table class=\"infobox vcard plainlist\"><tbody><tr><th colspan=\"2\" class=\"infobox-above\" style=\"color: #202122;background-color: #b0c4de; font-size: 125%;\"><div class=\"\">Black Stone Cherry</div></th></tr><tr><td colspan=\"2\" class=\"infobox-image\"><span typeof=\"mw:File\"><a href=\"/wiki/File:Black_Stone_Cherry_-_2024173195123_2024-06-21_Alpen_Flair_-_Sven_-_1D_X_MK_II_-_2083_-_AK8I1983.jpg\" class=\"mw-file-description\"><img src=\"//upload.wikimedia.org/wikipedia/commons/thumb/e/ee/Black_Stone_Cherry_-_2024173195123_2024-06-21_Alpen_Flair_-_Sven_-_1D_X_MK_II_-_2083_-_AK8I1983.jpg/330px-Black_Stone_Cherry_-_2024173195123_2024-06-21_Alpen_Flair_-_Sven_-_1D_X_MK_II_-_2083_-_AK8I1983.jpg\" decoding=\"async\" width=\"300\" height=\"200\" class=\"mw-file-element\" srcset=\"//upload.wikimedia.org/wikipedia/commons/thumb/e/ee/Black_Stone_Cherry_-_2024173195123_2024-06-21_Alpen_Flair_-_Sven_-_1D_X_MK_II_-_2083_-_AK8I1983.jpg/500px-Black_Stone_Cherry_-_2024173195123_2024-06-21_Alpen_Flair_-_Sven_-_1D_X_MK_II_-_2083_-_AK8I1983.jpg 1.5x, //upload.wikimedia.org/wikipedia/commons/thumb/e/ee/Black_Stone_Cherry_-_2024173195123_2024-06-21_Alpen_Flair_-_Sven_-_1D_X_MK_II_-_2083_-_AK8I1983.jpg/960px-Black_Stone_Cherry_-_2024173195123_2024-06-21_Alpen_Flair_-_Sven_-_1D_X_MK_II_-_2083_-_AK8I1983.jpg 2x\" data-file-width=\"3919\" data-file-height=\"2613\" /></a></span><div class=\"infobox-caption\">Black Stone Cherry performing in 2024</div></td></tr><tr><th colspan=\"2\" class=\"infobox-header\" style=\"color: #202122;background-color: #b0c4de\">Background information</th></tr><tr><th scope=\"row\" class=\"infobox-label\">Origin</th><td class=\"infobox-data\"><a href=\"/wiki/Edmonton,_Kentucky\" title=\"Edmonton, Kentucky\">Edmonton, Kentucky</a>, U.S.</td></tr><tr><th scope=\"row\" class=\"infobox-label\">Genres</th><td class=\"infobox-data\"><style data-mw-deduplicate=\"TemplateStyles:r1129693374\">.mw-parser-output .hlist dl,.mw-parser-output .hlist ol,.mw-parser-output .hlist ul{margin:0;padding:0}.mw-parser-output .hlist dd,.mw-parser-output .hlist dt,.mw-parser-output .hlist li{margin:0;display:inline}.mw-parser-output .hlist.inline,.mw-parser-output .hlist.inline dl,.mw-parser-output .hlist.inline ol,.mw-parser-output .hlist.inline ul,.mw-parser-output .hlist dl dl,.mw-parser-output .hlist dl ol,.mw-parser-output .hlist dl ul,.mw-parser-output .hlist ol dl,.mw-parser-output .hlist ol ol,.mw-parser-output .hlist ol ul,.mw-parser-output .hlist ul dl,.mw-parser-output .hlist ul ol,.mw-parser-output .hlist ul ul{display:inline}.mw-parser-output .hlist .mw-empty-li{display:none}.mw-parser-output .hlist dt::after{content:\": \"}.mw-parser-output .hlist dd::after,.mw-parser-output .hlist li::after{content:\" · \";font-weight:bold}.mw-parser-output .hlist dd:last-child::after,.mw-parser-output .hlist dt:last-child::after,.mw-parser-output .hlist li:last-child::after{content:none}.mw-parser-output .hlist dd dd:first-child::before,.mw-parser-output .hlist dd dt:first-child::before,.mw-parser-output .hlist dd li:first-child::before,.mw-parser-output .hlist dt dd:first-child::before,.mw-parser-output .hlist dt dt:first-child::before,.mw-parser-output .hlist dt li:first-child::before,.mw-parser-output .hlist li dd:first-child::before,.mw-parser-output .hlist li dt:first-child::before,.mw-parser-output .hlist li li:first-child::before{content:\" (\";font-weight:normal}.mw-parser-output .hlist dd dd:last-child::after,.mw-parser-output .hlist dd dt:last-child::after,.mw-parser-output .hlist dd li:last-child::after,.mw-parser-output .hlist dt dd:last-child::after,.mw-parser-output .hlist dt dt:last-child::after,.mw-parser-output .hlist dt li:last-child::after,.mw-parser-output .hlist li dd:last-child::after,.mw-parser-output .hlist li dt:last-child::after,.mw-parser-output .hlist li li:last-child::after{content:\")\";font-weight:normal}.mw-parser-output .hlist ol{counter-reset:listitem}.mw-parser-output .hlist ol>li{counter-increment:listitem}.mw-parser-output .hlist ol>li::before{content:\" \"counter(listitem)\"\\a0 \"}.mw-parser-output .hlist dd ol>li:first-child::before,.mw-parser-output .hlist dt ol>li:first-child::before,.mw-parser-output .hlist li ol>li:first-child::before{content:\" (\"counter(listitem)\"\\a0 \"}</style><div class=\"hlist\"><ul><li><a href=\"/wiki/Hard_rock\" title=\"Hard rock\">Hard rock</a></li><li><a href=\"/wiki/Southern_rock\" title=\"Southern rock\">Southern rock</a></li></ul></div></td></tr><tr><th scope=\"row\" class=\"infobox-label\"><span class=\"nowrap\">Years active</span></th><td class=\"infobox-data\">2001<span style=\"display: none;\">&#160;(<span class=\"bday dtstart published updated itvstart\">2001</span>)</span>–present</td></tr><tr><th scope=\"row\" class=\"infobox-label\">Labels</th><td class=\"infobox-data\"><a href=\"/wiki/Roadrunner_Records\" title=\"Roadrunner Records\">Roadrunner</a>, <a href=\"/wiki/Mascot_Label_Group\" title=\"Mascot Label Group\">Mascot</a></td></tr><tr><th colspan=\"2\" class=\"infobox-header\" style=\"color: #202122;background-color: #b0c4de\"></th></tr><tr><th scope=\"row\" class=\"infobox-label\">Members</th><td class=\"infobox-data\">Chris Robertson<br />Ben Wells<br />John Fred Young<br />Steve Jewell</td></tr><tr><th colspan=\"2\" class=\"infobox-header\" style=\"color: #202122;background-color: #b0c4de\"></th></tr><tr><th scope=\"row\" class=\"infobox-label\"><span class=\"nowrap\">Past members</span></th><td class=\"infobox-data\">Jon Lawhon</td></tr><tr><th colspan=\"2\" class=\"infobox-header\" style=\"color: #202122;background-color: #b0c4de\"></th></tr><tr><th scope=\"row\" class=\"infobox-label\">Website</th><td class=\"infobox-data\"><span class=\"url\"><a rel=\"nofollow\" class=\"external text\" href=\"http://blackstonecherry.com\">blackstonecherry<wbr />.com</a></span></td></tr><tr><td colspan=\"2\" class=\"infobox-full-data\"><link rel=\"mw-deduplicated-inline-style\" href=\"mw-data:TemplateStyles:r1295905060\" /></td></tr><tr><td colspan=\"2\" class=\"infobox-full-data\"><span typeof=\"mw:File\"><a href=\"/wiki/File:BlackStoneCherry.png\" class=\"mw-file-description\"><img src=\"//upload.wikimedia.org/wikipedia/commons/thumb/a/ae/BlackStoneCherry.png/250px-BlackStoneCherry.png\" decoding=\"async\" width=\"200\" height=\"56\" class=\"mw-file-element\" srcset=\"//upload.wikimedia.org/wikipedia/commons/thumb/a/ae/BlackStoneCherry.png/330px-BlackStoneCherry.png 1.5x, //upload.wikimedia.org/wikipedia/commons/thumb/a/ae/BlackStoneCherry.png/500px-BlackStoneCherry.png 2x\" data-file-width=\"701\" data-file-height=\"198\" /></a></span></td></tr><tr style=\"display:none\"><td colspan=\"2\">\n</td></tr></tbody></table>\n<p><b>Black Stone Cherry</b> is an American <a href=\"/wiki/Hard_rock\" title=\"Hard rock\">hard rock</a> band formed in <a href=\"/wiki/Edmonton,_Kentucky\" title=\"Edmonton, Kentucky\">Edmonton, Kentucky</a> in 2001. They were signed to <a href=\"/wiki/Roadrunner_Records\" title=\"Roadrunner Records\">Roadrunner Records</a> until 2015; the band is now signed to <a href=\"/wiki/Mascot_Label_Group\" title=\"Mascot Label Group\">Mascot Label Group</a>. The band consists of Chris Robertson (vocals, guitar), Ben Wells (guitar), Steve Jewell (bass) and John Fred Young (drums). Black Stone Cherry has released eight studio albums as well as two EPs and have charted seventeen singles on the US <a href=\"/wiki/Mainstream_Rock_Tracks\" class=\"mw-redirect\" title=\"Mainstream Rock Tracks\">Mainstream Rock Tracks</a> charts. Their latest album, <i><a href=\"/wiki/Screamin%27_at_the_Sky\" title=\"Screamin&#39; at the Sky\">Screamin' at the Sky</a></i>, was released in 2023.\n</p>\n\n<div class=\"mw-heading mw-heading2\"><h2 id=\"History\">History</h2></div>\n<div class=\"mw-heading mw-heading3\"><h3 id=\"2001–2004:_Formation_and_early_years\"><span id=\"2001.E2.80.932004:_Formation_and_early_years\"></span>2001–2004: Formation and early years</h3></div>\n<p>Black Stone Cherry originated in <a href=\"/wiki/Edmonton,_Kentucky\" title=\"Edmonton, Kentucky\">Edmonton, Kentucky</a>. Chris Robertson and John Fred Young, son of <a href=\"/wiki/The_Kentucky_Headhunters\" title=\"The Kentucky Headhunters\">The Kentucky Headhunters</a>' rhythm guitarist Richard Young, started to play music together early in their teens and were soon joined by Wells and Lawhon. Black Stone Cherry officially formed on June 4, 2001. They then took over the practice house which had been used by The Kentucky Headhunters since 1968 and began to record tracks. They also began holding shows at clubs in the area, and after a short while they gained a large following of people of all ages in the town. In 2003, on Black Stone Cherry Records, the band released their first demo on CD called <i>Rock N' Roll Tape</i>.\n</p>\n<div class=\"mw-heading mw-heading3\"><h3 id=\"2005–2007:_Black_Stone_Cherry\"><span id=\"2005.E2.80.932007:_Black_Stone_Cherry\"></span>2005–2007: <i>Black Stone Cherry</i></h3></div>\n<p>The band's debut <a href=\"/wiki/Black_Stone_Cherry_(album)\" title=\"Black Stone Cherry (album)\">self-titled album</a> was released in May 2006. After the band finished recording, they returned to Edmonton, invited by their former school principal, for a homecoming gig in the gym of the local middle school, which was attended by 1500 people. As the band entered the town, the streets were filled with people holding \"welcome home\" signs.\n</p><p>In July 2007, they released a second recording, an EP which contained the song \"Rain Wizard\" along with two previously unreleased tracks.\n</p><p>Their first live album was released on October 31, 2007. It was recorded at the <a href=\"/wiki/London_Astoria\" title=\"London Astoria\">Astoria</a> in London, and copies were sold to the crowd immediately after the concert. The album is a strictly limited edition, and as of January 2013 mint copies were selling for £200 on <a href=\"/wiki/Amazon.co.uk\" class=\"mw-redirect\" title=\"Amazon.co.uk\">Amazon</a>.<sup id=\"cite_ref-1\" class=\"reference\"><a href=\"#cite_note-1\"><span class=\"cite-bracket\">&#91;</span>1<span class=\"cite-bracket\">&#93;</span></a></sup>\n</p>\n<div class=\"mw-heading mw-heading3\"><h3 id=\"2008–2009:_Folklore_and_Superstition\"><span id=\"2008.E2.80.932009:_Folklore_and_Superstition\"></span>2008–2009: <i>Folklore and Superstition</i></h3></div>\n<figure class=\"mw-default-size\" typeof=\"mw:File/Thumb\"><a href=\"/wiki/File:BlackStoneCherryLive.JPG\" class=\"mw-file-description\"><img src=\"//upload.wikimedia.org/wikipedia/commons/thumb/e/e9/BlackStoneCherryLive.JPG/330px-BlackStoneCherryLive.JPG\" decoding=\"async\" width=\"300\" height=\"169\" class=\"mw-file-element\" srcset=\"//upload.wikimedia.org/wikipedia/commons/thumb/e/e9/BlackStoneCherryLive.JPG/500px-BlackStoneCherryLive.JPG 1.5x, //upload.wikimedia.org/wikipedia/commons/thumb/e/e9/BlackStoneCherryLive.JPG/960px-BlackStoneCherryLive.JPG 2x\" data-file-width=\"1920\" data-file-height=\"1080\" /></a><figcaption>Black Stone Cherry performing in 2009</figcaption></figure>\n<p>On August 19, 2008, Black Stone Cherry released their second album, entitled <i><a href=\"/wiki/Folklore_and_Superstition_(album)\" class=\"mw-redirect\" title=\"Folklore and Superstition (album)\">Folklore and Superstition</a></i>. Four singles from the album, \"Blind Man\", \"<a href=\"/wiki/Please_Come_In\" title=\"Please Come In\">Please Come In</a>\", \"Things My Father Said\", and \"<a href=\"/wiki/Soulcreek\" title=\"Soulcreek\">Soulcreek</a>\" were released.\n</p><p>In 2008, the band supported <a href=\"/wiki/Def_Leppard\" title=\"Def Leppard\">Def Leppard</a> and <a href=\"/wiki/Whitesnake\" title=\"Whitesnake\">Whitesnake</a> on their UK arena tour.<sup id=\"cite_ref-2\" class=\"reference\"><a href=\"#cite_note-2\"><span class=\"cite-bracket\">&#91;</span>2<span class=\"cite-bracket\">&#93;</span></a></sup>\n</p><p>In May 2009, they supported <a href=\"/wiki/Nickelback\" title=\"Nickelback\">Nickelback</a> on their <i><a href=\"/wiki/Dark_Horse_(Nickelback_album)\" title=\"Dark Horse (Nickelback album)\">Dark Horse</a></i> tour.\n</p><p>The band first appeared at <a href=\"/wiki/Download_Festival\" title=\"Download Festival\">Download Festival</a> in June 2008\n</p>\n<div class=\"mw-heading mw-heading3\"><h3 id=\"2010–2012:_Between_the_Devil_and_the_Deep_Blue_Sea\"><span id=\"2010.E2.80.932012:_Between_the_Devil_and_the_Deep_Blue_Sea\"></span>2010–2012: <i>Between the Devil and the Deep Blue Sea</i></h3></div>\n<p>Their third album <i><a href=\"/wiki/Between_the_Devil_and_the_Deep_Blue_Sea_(Black_Stone_Cherry_album)\" class=\"mw-redirect\" title=\"Between the Devil and the Deep Blue Sea (Black Stone Cherry album)\">Between the Devil and the Deep Blue Sea</a></i> was released on May 31, 2011. The album was produced by <a href=\"/wiki/Howard_Benson\" title=\"Howard Benson\">Howard Benson</a>. The first single was titled \"<a href=\"/wiki/White_Trash_Millionaire\" title=\"White Trash Millionaire\">White Trash Millionaire</a>\" and was released at the end of March.<sup id=\"cite_ref-3\" class=\"reference\"><a href=\"#cite_note-3\"><span class=\"cite-bracket\">&#91;</span>3<span class=\"cite-bracket\">&#93;</span></a></sup> The band was nominated for Best New Artist at the Classic Rock Awards in 2011.<sup id=\"cite_ref-4\" class=\"reference\"><a href=\"#cite_note-4\"><span class=\"cite-bracket\">&#91;</span>4<span class=\"cite-bracket\">&#93;</span></a></sup>\n</p><p>The band supported <a href=\"/wiki/Alter_Bridge\" title=\"Alter Bridge\">Alter Bridge</a> alongside <a href=\"/wiki/Theory_of_a_Deadman\" title=\"Theory of a Deadman\">Theory of a Deadman</a> on a tour of Europe from October to November 2011. <a href=\"/wiki/Cavo\" title=\"Cavo\">Cavo</a> co-headlined a tour with Black Stone Cherry in February 2012 with <a href=\"/wiki/Rains_(band)\" title=\"Rains (band)\">Rains</a> as support.<sup id=\"cite_ref-5\" class=\"reference\"><a href=\"#cite_note-5\"><span class=\"cite-bracket\">&#91;</span>5<span class=\"cite-bracket\">&#93;</span></a></sup> The band also headlined their own UK tour (which sold out) supported by <a href=\"/wiki/Rival_Sons\" title=\"Rival Sons\">Rival Sons</a>.<sup id=\"cite_ref-6\" class=\"reference\"><a href=\"#cite_note-6\"><span class=\"cite-bracket\">&#91;</span>6<span class=\"cite-bracket\">&#93;</span></a></sup> They opened for <a href=\"/wiki/Chickenfoot\" title=\"Chickenfoot\">Chickenfoot</a> on their American tour in the spring of 2012.\n</p>\n<div class=\"mw-heading mw-heading3\"><h3 id=\"2013–2015:_Magic_Mountain\"><span id=\"2013.E2.80.932015:_Magic_Mountain\"></span>2013–2015: <i>Magic Mountain</i></h3></div>\n<p>Black Stone Cherry opened for <a href=\"/wiki/Lynyrd_Skynyrd\" title=\"Lynyrd Skynyrd\">Lynyrd Skynyrd</a> and <a href=\"/wiki/Bad_Company_(band)\" class=\"mw-redirect\" title=\"Bad Company (band)\">Bad Company</a> on their co-headlining tour.<sup id=\"cite_ref-7\" class=\"reference\"><a href=\"#cite_note-7\"><span class=\"cite-bracket\">&#91;</span>7<span class=\"cite-bracket\">&#93;</span></a></sup><sup id=\"cite_ref-8\" class=\"reference\"><a href=\"#cite_note-8\"><span class=\"cite-bracket\">&#91;</span>8<span class=\"cite-bracket\">&#93;</span></a></sup> The band recorded a new album in fall 2013, through early 2014. <i><a href=\"/wiki/Magic_Mountain_(Black_Stone_Cherry_album)\" title=\"Magic Mountain (Black Stone Cherry album)\">Magic Mountain</a></i> was released on May 6, 2014, reaching number five in the UK albums chart. The first single was \"Me and Mary Jane\". The single along with a selection of Black Stone Cherry's hits, exclusive acoustic tracks, and exclusive live tracks from Download Festival 2013 featured on a special CD: \"Black Stone Cherry – Hits, Rarities &amp; Live\" which came as bonus content with the June 2014 edition of Classic Rock Magazine.<sup id=\"cite_ref-9\" class=\"reference\"><a href=\"#cite_note-9\"><span class=\"cite-bracket\">&#91;</span>9<span class=\"cite-bracket\">&#93;</span></a></sup> Black Stone Cherry headlined a UK tour with <a href=\"/wiki/Airbourne_(band)\" title=\"Airbourne (band)\">Airbourne</a> and <a href=\"/wiki/Theory_of_a_Deadman\" title=\"Theory of a Deadman\">Theory of a Deadman</a> in October 2014, before embarking on a European tour.<sup id=\"cite_ref-10\" class=\"reference\"><a href=\"#cite_note-10\"><span class=\"cite-bracket\">&#91;</span>10<span class=\"cite-bracket\">&#93;</span></a></sup>\n</p><p>The band took a break from touring due to private circumstances, except a one-off home show in December 2014 in Kentucky. The break ended when a US tour began in February 2015. In June, the band were the headliners of Download Festival's second stage, followed some supporting dates at smaller venues in the UK and Ireland.\n</p>\n<figure class=\"mw-default-size\" typeof=\"mw:File/Thumb\"><a href=\"/wiki/File:Black_Stone_Cherry_2014.jpg\" class=\"mw-file-description\"><img src=\"//upload.wikimedia.org/wikipedia/commons/thumb/b/ba/Black_Stone_Cherry_2014.jpg/330px-Black_Stone_Cherry_2014.jpg\" decoding=\"async\" width=\"290\" height=\"260\" class=\"mw-file-element\" srcset=\"//upload.wikimedia.org/wikipedia/commons/thumb/b/ba/Black_Stone_Cherry_2014.jpg/500px-Black_Stone_Cherry_2014.jpg 1.5x, //upload.wikimedia.org/wikipedia/commons/thumb/b/ba/Black_Stone_Cherry_2014.jpg/960px-Black_Stone_Cherry_2014.jpg 2x\" data-file-width=\"1850\" data-file-height=\"1656\" /></a><figcaption>Black Stone Cherry performing in San Antonio, Texas, in 2014</figcaption></figure>\n<p>In June, the band announced a UK arena tour as part of the <a href=\"/wiki/Carnival_of_Madness\" title=\"Carnival of Madness\">Carnival of Madness</a> package alongside <a href=\"/wiki/Shinedown\" title=\"Shinedown\">Shinedown</a>, <a href=\"/wiki/Halestorm\" title=\"Halestorm\">Halestorm</a> and <a href=\"/wiki/Highly_Suspect\" title=\"Highly Suspect\">Highly Suspect</a>.<sup id=\"cite_ref-11\" class=\"reference\"><a href=\"#cite_note-11\"><span class=\"cite-bracket\">&#91;</span>11<span class=\"cite-bracket\">&#93;</span></a></sup>\n</p><p>The band released their first live DVD, entitled <i>Thank You: Livin' Live</i> on October 30, 2015, featuring footage filmed during the <i>Magic Mountain</i> tour cycle.<sup id=\"cite_ref-12\" class=\"reference\"><a href=\"#cite_note-12\"><span class=\"cite-bracket\">&#91;</span>12<span class=\"cite-bracket\">&#93;</span></a></sup>\n</p>\n<div class=\"mw-heading mw-heading3\"><h3 id=\"2016–2017:_Kentucky_and_Black_to_Blues\"><span id=\"2016.E2.80.932017:_Kentucky_and_Black_to_Blues\"></span>2016–2017:<i> Kentucky</i> and <i>Black to Blues</i></h3></div>\n<p>On October 7, 2015, it was revealed that the band had signed to Mascot Label Group and had begun recording the follow-up to <i>Magic Mountain</i> for a 2016 release. The album was recorded in the same location as the self-titled album; Glasgow, Kentucky.<sup id=\"cite_ref-13\" class=\"reference\"><a href=\"#cite_note-13\"><span class=\"cite-bracket\">&#91;</span>13<span class=\"cite-bracket\">&#93;</span></a></sup>\n</p><p>The album, entitled <i><a href=\"/wiki/Kentucky_(Black_Stone_Cherry_album)\" title=\"Kentucky (Black Stone Cherry album)\">Kentucky</a></i>, was released on April 1, 2016, and became their second consecutive #1 album on the Billboard Hard Rock albums chart.<sup id=\"cite_ref-blabbermouth.net_14-0\" class=\"reference\"><a href=\"#cite_note-blabbermouth.net-14\"><span class=\"cite-bracket\">&#91;</span>14<span class=\"cite-bracket\">&#93;</span></a></sup><sup id=\"cite_ref-15\" class=\"reference\"><a href=\"#cite_note-15\"><span class=\"cite-bracket\">&#91;</span>15<span class=\"cite-bracket\">&#93;</span></a></sup> The album's artwork and track list were revealed, and a new single called \"The Way of the Future\" was released.<sup id=\"cite_ref-16\" class=\"reference\"><a href=\"#cite_note-16\"><span class=\"cite-bracket\">&#91;</span>16<span class=\"cite-bracket\">&#93;</span></a></sup><sup id=\"cite_ref-17\" class=\"reference\"><a href=\"#cite_note-17\"><span class=\"cite-bracket\">&#91;</span>17<span class=\"cite-bracket\">&#93;</span></a></sup> The video for the first single from <i>Kentucky</i>, \"In Our Dreams\" was released on February 3 via YouTube.<sup id=\"cite_ref-18\" class=\"reference\"><a href=\"#cite_note-18\"><span class=\"cite-bracket\">&#91;</span>18<span class=\"cite-bracket\">&#93;</span></a></sup> On July 21, 2016, a video for the new single called \"The Rambler\" was released on YouTube which featured an appearance from <a href=\"/wiki/Billy_Ray_Cyrus\" title=\"Billy Ray Cyrus\">Billy Ray Cyrus</a>.<sup id=\"cite_ref-19\" class=\"reference\"><a href=\"#cite_note-19\"><span class=\"cite-bracket\">&#91;</span>19<span class=\"cite-bracket\">&#93;</span></a></sup>\n</p><p>From late May until the middle of June 2017, the ensemble performed with American rock band <a href=\"/wiki/Letters_from_the_Fire\" title=\"Letters from the Fire\">Letters from the Fire</a>.<sup id=\"cite_ref-20\" class=\"reference\"><a href=\"#cite_note-20\"><span class=\"cite-bracket\">&#91;</span>20<span class=\"cite-bracket\">&#93;</span></a></sup> They released their first EP <i><a href=\"/wiki/Black_to_Blues\" title=\"Black to Blues\">Black to Blues</a></i> of cover songs on September 29, 2017, through <a href=\"/wiki/Mascot_Records\" title=\"Mascot Records\">Mascot Records</a>.<sup id=\"cite_ref-21\" class=\"reference\"><a href=\"#cite_note-21\"><span class=\"cite-bracket\">&#91;</span>21<span class=\"cite-bracket\">&#93;</span></a></sup>\n</p>\n<div class=\"mw-heading mw-heading3\"><h3 id=\"2018–2019:_Family_Tree_and_Black_to_Blues,_Vol._2\"><span id=\"2018.E2.80.932019:_Family_Tree_and_Black_to_Blues.2C_Vol._2\"></span>2018–2019:<i> Family Tree</i> and <i>Black to Blues, Vol. 2</i></h3></div>\n<p>In February 2018, the band released their first single, <i>Burnin'</i>, from their new album <i><a href=\"/wiki/Family_Tree_(Black_Stone_Cherry_album)\" title=\"Family Tree (Black Stone Cherry album)\">Family Tree</a></i> which was released on April 20, 2018, through <a href=\"/wiki/Mascot_Records\" title=\"Mascot Records\">Mascot Records</a>. They released their second EP in the series of covers <i>Black to Blues, Vol. 2</i> on October 19, 2019.<sup id=\"cite_ref-22\" class=\"reference\"><a href=\"#cite_note-22\"><span class=\"cite-bracket\">&#91;</span>22<span class=\"cite-bracket\">&#93;</span></a></sup> They spent a part of the tour supporting these releases opening for <a href=\"/wiki/Alice_Cooper\" title=\"Alice Cooper\">Alice Cooper</a>.\n</p>\n<div class=\"mw-heading mw-heading3\"><h3 id=\"2020–2022:_The_Human_Condition\"><span id=\"2020.E2.80.932022:_The_Human_Condition\"></span>2020–2022: <i>The Human Condition</i></h3></div>\n<p>On August 5, 2020, the band announced their seventh album titled <i><a href=\"/wiki/The_Human_Condition_(Black_Stone_Cherry_album)\" title=\"The Human Condition (Black Stone Cherry album)\">The Human Condition</a></i>,<sup id=\"cite_ref-23\" class=\"reference\"><a href=\"#cite_note-23\"><span class=\"cite-bracket\">&#91;</span>23<span class=\"cite-bracket\">&#93;</span></a></sup> and released the lead single \"<a href=\"/wiki/Again_(Black_Stone_Cherry_song)\" title=\"Again (Black Stone Cherry song)\">Again</a>\" the following day. The album was released on October 30, 2020.<sup id=\"cite_ref-24\" class=\"reference\"><a href=\"#cite_note-24\"><span class=\"cite-bracket\">&#91;</span>24<span class=\"cite-bracket\">&#93;</span></a></sup> On June 2, 2021, Black Stone Cherry announced that bassist Jon Lawhon will take an indefinite hiatus from music and touring.<sup id=\"cite_ref-25\" class=\"reference\"><a href=\"#cite_note-25\"><span class=\"cite-bracket\">&#91;</span>25<span class=\"cite-bracket\">&#93;</span></a></sup> In June, the band released their cover of <a href=\"/wiki/Tracy_Chapman\" title=\"Tracy Chapman\">Tracy Chapman</a>'s classic \"<a href=\"/wiki/Give_Me_One_Reason\" title=\"Give Me One Reason\">Give Me One Reason</a>\" as the lead single from the deluxe edition of <i>The Human Condition.</i><sup id=\"cite_ref-26\" class=\"reference\"><a href=\"#cite_note-26\"><span class=\"cite-bracket\">&#91;</span>26<span class=\"cite-bracket\">&#93;</span></a></sup>\n</p><p>On April 20, the band announced their second live album/DVD, <i>Live from the Royal Albert Hall</i>, alongside the live performance video of \"Ringin' In My Head.\" The concert came at the end of the UK leg of their tour in support of The Human Condition. It was released on June 24, 2022.<sup id=\"cite_ref-27\" class=\"reference\"><a href=\"#cite_note-27\"><span class=\"cite-bracket\">&#91;</span>27<span class=\"cite-bracket\">&#93;</span></a></sup>\n</p>\n<div class=\"mw-heading mw-heading3\"><h3 id=\"2023–present:_Screamin'_at_the_Sky\"><span id=\"2023.E2.80.93present:_Screamin.27_at_the_Sky\"></span>2023–present: <i>Screamin' at the Sky</i></h3></div>\n<p>The band announced their new album <i><a href=\"/wiki/Screamin%27_at_the_Sky\" title=\"Screamin&#39; at the Sky\">Screamin' at the Sky</a></i> would be released on September 29, 2023.<sup id=\"cite_ref-28\" class=\"reference\"><a href=\"#cite_note-28\"><span class=\"cite-bracket\">&#91;</span>28<span class=\"cite-bracket\">&#93;</span></a></sup> Bassist Steve Jewell would be the permanent replacement of Jon Lawhon for the album and beyond.<sup id=\"cite_ref-29\" class=\"reference\"><a href=\"#cite_note-29\"><span class=\"cite-bracket\">&#91;</span>29<span class=\"cite-bracket\">&#93;</span></a></sup>\n</p><p>The band released \"This is Black Stone Cherry's RSD Album. The band really likes it.\" on April 12, 2025.<sup id=\"cite_ref-30\" class=\"reference\"><a href=\"#cite_note-30\"><span class=\"cite-bracket\">&#91;</span>30<span class=\"cite-bracket\">&#93;</span></a></sup> The album features a collection of B-sides, live tracks, covers, and unreleased songs.  It also includes collaborations with John Cooper of Skillet, Ayron Jones, Lzzy Hale of Halestorm, and Jesse Leach of Killswitch Engage.\n</p>\n<div class=\"mw-heading mw-heading2\"><h2 id=\"Band_members\">Band members</h2></div>\n<div class=\"mw-heading mw-heading3\"><h3 id=\"Current_members\">Current members</h3></div>\n<ul><li>Chris Robertson – lead vocals, lead and rhythm guitar (2001–present)</li>\n<li>Ben Wells – rhythm and lead guitar, backing vocals (2001–present)</li>\n<li>John Fred Young – drums, percussion, piano, backing vocals (2001–present)</li>\n<li>Steve Jewell Jr. – bass, backing vocals (2020–present)</li></ul>\n<div class=\"mw-heading mw-heading3\"><h3 id=\"Current_touring_members\">Current touring members</h3></div>\n<ul><li>Jeffrey Boggs – bongos, congas (2021–present)</li></ul>\n<div class=\"mw-heading mw-heading3\"><h3 id=\"Former_members\">Former members</h3></div>\n<ul><li>Jon Lawhon – bass, backing vocals (2001–2021)</li></ul>\n<div class=\"mw-heading mw-heading2\"><h2 id=\"Discography\">Discography</h2></div>\n<style data-mw-deduplicate=\"TemplateStyles:r1236090951\">.mw-parser-output .hatnote{font-style:italic}.mw-parser-output div.hatnote{padding-left:1.6em;margin-bottom:0.5em}.mw-parser-output .hatnote i{font-style:normal}.mw-parser-output .hatnote+link+.hatnote{margin-top:-0.5em}@media print{body.ns-0 .mw-parser-output .hatnote{display:none!important}}</style><div role=\"note\" class=\"hatnote navigation-not-searchable\">Main article: <a href=\"/wiki/Black_Stone_Cherry_discography\" title=\"Black Stone Cherry discography\">Black Stone Cherry discography</a></div>\n<p><b>Studio albums</b>\n</p>\n<ul><li><i><a href=\"/wiki/Black_Stone_Cherry_(album)\" title=\"Black Stone Cherry (album)\">Black Stone Cherry</a></i> (2006)</li>\n<li><i><a href=\"/wiki/Folklore_and_Superstition\" title=\"Folklore and Superstition\">Folklore and Superstition</a></i> (2008)</li>\n<li><i><a href=\"/wiki/Between_the_Devil_and_the_Deep_Blue_Sea_(Black_Stone_Cherry_album)\" class=\"mw-redirect\" title=\"Between the Devil and the Deep Blue Sea (Black Stone Cherry album)\">Between the Devil and the Deep Blue Sea</a></i> (2011)</li>\n<li><i><a href=\"/wiki/Magic_Mountain_(Black_Stone_Cherry_album)\" title=\"Magic Mountain (Black Stone Cherry album)\">Magic Mountain</a></i> (2014)</li>\n<li><i><a href=\"/wiki/Kentucky_(Black_Stone_Cherry_album)\" title=\"Kentucky (Black Stone Cherry album)\">Kentucky</a></i> (2016)</li>\n<li><i><a href=\"/wiki/Family_Tree_(Black_Stone_Cherry_album)\" title=\"Family Tree (Black Stone Cherry album)\">Family Tree</a></i> (2018)</li>\n<li><i><a href=\"/wiki/The_Human_Condition_(Black_Stone_Cherry_album)\" title=\"The Human Condition (Black Stone Cherry album)\">The Human Condition</a></i> (2020)</li>\n<li><i><a href=\"/wiki/Screamin%27_at_the_Sky\" title=\"Screamin&#39; at the Sky\">Screamin' at the Sky</a></i> (2023)</li></ul>\n<div class=\"mw-heading mw-heading2\"><h2 id=\"References\">References</h2></div>\n<style data-mw-deduplicate=\"TemplateStyles:r1239543626\">.mw-parser-output .reflist{margin-bottom:0.5em;list-style-type:decimal}@media screen{.mw-parser-output .reflist{font-size:90%}}.mw-parser-output .reflist .references{font-size:100%;margin-bottom:0;list-style-type:inherit}.mw-parser-output .reflist-columns-2{column-width:30em}.mw-parser-output .reflist-columns-3{column-width:25em}.mw-parser-output .reflist-columns{margin-top:0.3em}.mw-parser-output .reflist-columns ol{margin-top:0}.mw-parser-output .reflist-columns li{page-break-inside:avoid;break-inside:avoid-column}.mw-parser-output .reflist-upper-alpha{list-style-type:upper-alpha}.mw-parser-output .reflist-upper-roman{list-style-type:upper-roman}.mw-parser-output .reflist-lower-alpha{list-style-type:lower-alpha}.mw-parser-output .reflist-lower-greek{list-style-type:lower-greek}.mw-parser-output .reflist-lower-roman{list-style-type:lower-roman}</style><div class=\"reflist\">\n<div class=\"mw-references-wrap mw-references-columns\"><ol class=\"references\">\n<li id=\"cite_note-1\"><span class=\"mw-cite-backlink\"><b><a href=\"#cite_ref-1\">^</a></b></span> <span class=\"reference-text\"><style data-mw-deduplicate=\"TemplateStyles:r1238218222\">.mw-parser-output cite.citation{font-style:inherit;word-wrap:break-word}.mw-parser-output .citation q{quotes:\"\\\"\"\"\\\"\"\"'\"\"'\"}.mw-parser-output .citation:target{background-color:rgba(0,127,255,0.133)}.mw-parser-output .id-lock-free.id-lock-free a{background:url(\"//upload.wikimedia.org/wikipedia/commons/6/65/Lock-green.svg\")right 0.1em center/9px no-repeat}.mw-parser-output .id-lock-limited.id-lock-limited a,.mw-parser-output .id-lock-registration.id-lock-registration a{background:url(\"//upload.wikimedia.org/wikipedia/commons/d/d6/Lock-gray-alt-2.svg\")right 0.1em center/9px no-repeat}.mw-parser-output .id-lock-subscription.id-lock-subscription a{background:url(\"//upload.wikimedia.org/wikipedia/commons/a/aa/Lock-red-alt-2.svg\")right 0.1em center/9px no-repeat}.mw-parser-output .cs1-ws-icon a{background:url(\"//upload.wikimedia.org/wikipedia/commons/4/4c/Wikisource-logo.svg\")right 0.1em center/12px no-repeat}body:not(.skin-timeless):not(.skin-minerva) .mw-parser-output .id-lock-free a,body:not(.skin-timeless):not(.skin-minerva) .mw-parser-output .id-lock-limited a,body:not(.skin-timeless):not(.skin-minerva) .mw-parser-output .id-lock-registration a,body:not(.skin-timeless):not(.skin-minerva) .mw-parser-output .id-lock-subscription a,body:not(.skin-timeless):not(.skin-minerva) .mw-parser-output .cs1-ws-icon a{background-size:contain;padding:0 1em 0 0}.mw-parser-output .cs1-code{color:inherit;background:inherit;border:none;padding:inherit}.mw-parser-output .cs1-hidden-error{display:none;color:var(--color-error,#d33)}.mw-parser-output .cs1-visible-error{color:var(--color-error,#d33)}.mw-parser-output .cs1-maint{display:none;color:#085;margin-left:0.3em}.mw-parser-output .cs1-kern-left{padding-left:0.2em}.mw-parser-output .cs1-kern-right{padding-right:0.2em}.mw-parser-output .citation .mw-selflink{font-weight:inherit}@media screen{.mw-parser-output .cs1-format{font-size:95%}html.skin-theme-clientpref-night .mw-parser-output .cs1-maint{color:#18911f}}@media screen and (prefers-color-scheme:dark){html.skin-theme-clientpref-os .mw-parser-output .cs1-maint{color:#18911f}}</style><cite class=\"citation web cs1\"><a rel=\"nofollow\" class=\"external text\" href=\"https://www.amazon.co.uk/gp/offer-listing/B000YCO68G/sr=/qid=/ref=olp_tab_all?ie=UTF8&amp;colid=&amp;coliid=&amp;me=&amp;qid=&amp;seller=&amp;sr=\">\"Buying Choices: London Astoria- 31St October 2007\"</a>. Amazon.co.uk<span class=\"reference-accessdate\">. Retrieved <span class=\"nowrap\">May 9,</span> 2014</span>.</cite><span title=\"ctx_ver=Z39.88-2004&amp;rft_val_fmt=info%3Aofi%2Ffmt%3Akev%3Amtx%3Abook&amp;rft.genre=unknown&amp;rft.btitle=Buying+Choices%3A+London+Astoria-+31St+October+2007&amp;rft.pub=Amazon.co.uk&amp;rft_id=https%3A%2F%2Fwww.amazon.co.uk%2Fgp%2Foffer-listing%2FB000YCO68G%2Fsr%3D%2Fqid%3D%2Fref%3Dolp_tab_all%3Fie%3DUTF8%26colid%3D%26coliid%3D%26me%3D%26qid%3D%26seller%3D%26sr%3D&amp;rfr_id=info%3Asid%2Fen.wikipedia.org%3ABlack+Stone+Cherry\" class=\"Z3988\"></span></span>\n</li>\n<li id=\"cite_note-2\"><span class=\"mw-cite-backlink\"><b><a href=\"#cite_ref-2\">^</a></b></span> <span class=\"reference-text\"><link rel=\"mw-deduplicated-inline-style\" href=\"mw-data:TemplateStyles:r1238218222\" /><cite class=\"citation web cs1\"><a rel=\"nofollow\" class=\"external text\" href=\"http://www.songkick.com/artists/306316-black-stone-cherry/gigography?page=30\">\"Black Stone Cherry Gigography, Tour History\"</a>. Songkick<span class=\"reference-accessdate\">. Retrieved <span class=\"nowrap\">May 9,</span> 2014</span>.</cite><span title=\"ctx_ver=Z39.88-2004&amp;rft_val_fmt=info%3Aofi%2Ffmt%3Akev%3Amtx%3Abook&amp;rft.genre=unknown&amp;rft.btitle=Black+Stone+Cherry+Gigography%2C+Tour+History&amp;rft.pub=Songkick&amp;rft_id=http%3A%2F%2Fwww.songkick.com%2Fartists%2F306316-black-stone-cherry%2Fgigography%3Fpage%3D30&amp;rfr_id=info%3Asid%2Fen.wikipedia.org%3ABlack+Stone+Cherry\" class=\"Z3988\"></span></span>\n</li>\n<li id=\"cite_note-3\"><span class=\"mw-cite-backlink\"><b><a href=\"#cite_ref-3\">^</a></b></span> <span class=\"reference-text\"><link rel=\"mw-deduplicated-inline-style\" href=\"mw-data:TemplateStyles:r1238218222\" /><cite class=\"citation web cs1\"><a rel=\"nofollow\" class=\"external text\" href=\"http://img.photobucket.com/albums/v336/LiLmEgZ/BlackStoneCherry2011Album.jpg\">\"Black Stone Cherry&#160;: CD cover photograph\"</a>. Img.photobucket.com<span class=\"reference-accessdate\">. Retrieved <span class=\"nowrap\">May 10,</span> 2014</span>.</cite><span title=\"ctx_ver=Z39.88-2004&amp;rft_val_fmt=info%3Aofi%2Ffmt%3Akev%3Amtx%3Abook&amp;rft.genre=unknown&amp;rft.btitle=Black+Stone+Cherry+%3A+CD+cover+photograph&amp;rft.pub=Img.photobucket.com&amp;rft_id=http%3A%2F%2Fimg.photobucket.com%2Falbums%2Fv336%2FLiLmEgZ%2FBlackStoneCherry2011Album.jpg&amp;rfr_id=info%3Asid%2Fen.wikipedia.org%3ABlack+Stone+Cherry\" class=\"Z3988\"></span></span>\n</li>\n<li id=\"cite_note-4\"><span class=\"mw-cite-backlink\"><b><a href=\"#cite_ref-4\">^</a></b></span> <span class=\"reference-text\"><link rel=\"mw-deduplicated-inline-style\" href=\"mw-data:TemplateStyles:r1238218222\" /><cite class=\"citation web cs1\"><a rel=\"nofollow\" class=\"external text\" href=\"https://archive.today/20130121025810/http://archive.classicrockmagazine.com/view/october-2009/81/black-stone-cherry\">\"Archived copy\"</a>. Archived from <a rel=\"nofollow\" class=\"external text\" href=\"http://archive.classicrockmagazine.com/view/october-2009/81/black-stone-cherry\">the original</a> on January 21, 2013<span class=\"reference-accessdate\">. Retrieved <span class=\"nowrap\">August 13,</span> 2012</span>.</cite><span title=\"ctx_ver=Z39.88-2004&amp;rft_val_fmt=info%3Aofi%2Ffmt%3Akev%3Amtx%3Abook&amp;rft.genre=unknown&amp;rft.btitle=Archived+copy&amp;rft_id=http%3A%2F%2Farchive.classicrockmagazine.com%2Fview%2Foctober-2009%2F81%2Fblack-stone-cherry&amp;rfr_id=info%3Asid%2Fen.wikipedia.org%3ABlack+Stone+Cherry\" class=\"Z3988\"></span><span class=\"cs1-maint citation-comment\"><code class=\"cs1-code\">{{<a href=\"/wiki/Template:Cite_web\" title=\"Template:Cite web\">cite web</a>}}</code>:  CS1 maint: archived copy as title (<a href=\"/wiki/Category:CS1_maint:_archived_copy_as_title\" title=\"Category:CS1 maint: archived copy as title\">link</a>)</span></span>\n</li>\n<li id=\"cite_note-5\"><span class=\"mw-cite-backlink\"><b><a href=\"#cite_ref-5\">^</a></b></span> <span class=\"reference-text\"><link rel=\"mw-deduplicated-inline-style\" href=\"mw-data:TemplateStyles:r1238218222\" /><cite class=\"citation web cs1\"><a rel=\"nofollow\" class=\"external text\" href=\"https://web.archive.org/web/20160422030500/http://rockaccess.net/2011/12/16/black-stone-cherry-announce-tour-with-cavo/\">\"Rock Access – Rock News&#160;» Black Stone Cherry Announce Tour With Cavo\"</a>. Rockaccess.net. December 16, 2011. Archived from <a rel=\"nofollow\" class=\"external text\" href=\"http://rockaccess.net/2011/12/16/black-stone-cherry-announce-tour-with-cavo/\">the original</a> on April 22, 2016<span class=\"reference-accessdate\">. Retrieved <span class=\"nowrap\">May 9,</span> 2014</span>.</cite><span title=\"ctx_ver=Z39.88-2004&amp;rft_val_fmt=info%3Aofi%2Ffmt%3Akev%3Amtx%3Abook&amp;rft.genre=unknown&amp;rft.btitle=Rock+Access+%E2%80%93+Rock+News+%C2%BB+Black+Stone+Cherry+Announce+Tour+With+Cavo&amp;rft.pub=Rockaccess.net&amp;rft.date=2011-12-16&amp;rft_id=http%3A%2F%2Frockaccess.net%2F2011%2F12%2F16%2Fblack-stone-cherry-announce-tour-with-cavo%2F&amp;rfr_id=info%3Asid%2Fen.wikipedia.org%3ABlack+Stone+Cherry\" class=\"Z3988\"></span></span>\n</li>\n<li id=\"cite_note-6\"><span class=\"mw-cite-backlink\"><b><a href=\"#cite_ref-6\">^</a></b></span> <span class=\"reference-text\"><link rel=\"mw-deduplicated-inline-style\" href=\"mw-data:TemplateStyles:r1238218222\" /><cite class=\"citation web cs1\"><a rel=\"nofollow\" class=\"external text\" href=\"https://web.archive.org/web/20120623194438/http://hevypetal.com/news/334/black-stone-cherry-sell-out-uk-tour\">\"Hevypetal\"</a>. hevypetal.com. Archived from <a rel=\"nofollow\" class=\"external text\" href=\"http://hevypetal.com/news/334/black-stone-cherry-sell-out-uk-tour\">the original</a> on June 23, 2012<span class=\"reference-accessdate\">. Retrieved <span class=\"nowrap\">May 9,</span> 2014</span>.</cite><span title=\"ctx_ver=Z39.88-2004&amp;rft_val_fmt=info%3Aofi%2Ffmt%3Akev%3Amtx%3Abook&amp;rft.genre=unknown&amp;rft.btitle=Hevypetal&amp;rft.pub=hevypetal.com&amp;rft_id=http%3A%2F%2Fhevypetal.com%2Fnews%2F334%2Fblack-stone-cherry-sell-out-uk-tour&amp;rfr_id=info%3Asid%2Fen.wikipedia.org%3ABlack+Stone+Cherry\" class=\"Z3988\"></span></span>\n</li>\n<li id=\"cite_note-7\"><span class=\"mw-cite-backlink\"><b><a href=\"#cite_ref-7\">^</a></b></span> <span class=\"reference-text\"><link rel=\"mw-deduplicated-inline-style\" href=\"mw-data:TemplateStyles:r1238218222\" /><cite class=\"citation web cs1\"><a rel=\"nofollow\" class=\"external text\" href=\"https://web.archive.org/web/20140221223033/http://rockaccess.net/2013/03/04/black-stone-cherry-to-tour-with-lynyrd-skynyrd/\">\"Rock Access – Rock News&#160;» Black Stone Cherry To Tour With Lynyrd Skynyrd\"</a>. Rockaccess.net. March 4, 2013. Archived from <a rel=\"nofollow\" class=\"external text\" href=\"http://rockaccess.net/2013/03/04/black-stone-cherry-to-tour-with-lynyrd-skynyrd/\">the original</a> on February 21, 2014<span class=\"reference-accessdate\">. Retrieved <span class=\"nowrap\">May 9,</span> 2014</span>.</cite><span title=\"ctx_ver=Z39.88-2004&amp;rft_val_fmt=info%3Aofi%2Ffmt%3Akev%3Amtx%3Abook&amp;rft.genre=unknown&amp;rft.btitle=Rock+Access+%E2%80%93+Rock+News+%C2%BB+Black+Stone+Cherry+To+Tour+With+Lynyrd+Skynyrd&amp;rft.pub=Rockaccess.net&amp;rft.date=2013-03-04&amp;rft_id=http%3A%2F%2Frockaccess.net%2F2013%2F03%2F04%2Fblack-stone-cherry-to-tour-with-lynyrd-skynyrd%2F&amp;rfr_id=info%3Asid%2Fen.wikipedia.org%3ABlack+Stone+Cherry\" class=\"Z3988\"></span></span>\n</li>\n<li id=\"cite_note-8\"><span class=\"mw-cite-backlink\"><b><a href=\"#cite_ref-8\">^</a></b></span> <span class=\"reference-text\"><link rel=\"mw-deduplicated-inline-style\" href=\"mw-data:TemplateStyles:r1238218222\" /><cite class=\"citation web cs1\"><a rel=\"nofollow\" class=\"external text\" href=\"https://web.archive.org/web/20140223104120/http://www.downloadfestival.co.uk/news/interview-black-stone-cherry\">\"INTERVIEW: Black Stone Cherry &#124; Download Festival 2013\"</a>. Downloadfestival.co.uk. June 16, 2013. Archived from <a rel=\"nofollow\" class=\"external text\" href=\"https://www.downloadfestival.co.uk/news/interview-black-stone-cherry\">the original</a> on February 23, 2014<span class=\"reference-accessdate\">. Retrieved <span class=\"nowrap\">May 9,</span> 2014</span>.</cite><span title=\"ctx_ver=Z39.88-2004&amp;rft_val_fmt=info%3Aofi%2Ffmt%3Akev%3Amtx%3Abook&amp;rft.genre=unknown&amp;rft.btitle=INTERVIEW%3A+Black+Stone+Cherry+%26%23124%3B+Download+Festival+2013&amp;rft.pub=Downloadfestival.co.uk&amp;rft.date=2013-06-16&amp;rft_id=http%3A%2F%2Fwww.downloadfestival.co.uk%2Fnews%2Finterview-black-stone-cherry&amp;rfr_id=info%3Asid%2Fen.wikipedia.org%3ABlack+Stone+Cherry\" class=\"Z3988\"></span></span>\n</li>\n<li id=\"cite_note-9\"><span class=\"mw-cite-backlink\"><b><a href=\"#cite_ref-9\">^</a></b></span> <span class=\"reference-text\"><link rel=\"mw-deduplicated-inline-style\" href=\"mw-data:TemplateStyles:r1238218222\" /><cite class=\"citation web cs1\"><a rel=\"nofollow\" class=\"external text\" href=\"https://web.archive.org/web/20140222134952/http://www.classicrockmagazine.com/news/black-stone-cherry-confirm-fourth-album/\">\"Classic Rock\"</a>. <i>Loudersound.com</i>. July 18, 2024. Archived from <a rel=\"nofollow\" class=\"external text\" href=\"https://www.loudersound.com/classic-rock\">the original</a> on February 22, 2014.</cite><span title=\"ctx_ver=Z39.88-2004&amp;rft_val_fmt=info%3Aofi%2Ffmt%3Akev%3Amtx%3Ajournal&amp;rft.genre=unknown&amp;rft.jtitle=Loudersound.com&amp;rft.atitle=Classic+Rock&amp;rft.date=2024-07-18&amp;rft_id=https%3A%2F%2Fwww.loudersound.com%2Fclassic-rock&amp;rfr_id=info%3Asid%2Fen.wikipedia.org%3ABlack+Stone+Cherry\" class=\"Z3988\"></span></span>\n</li>\n<li id=\"cite_note-10\"><span class=\"mw-cite-backlink\"><b><a href=\"#cite_ref-10\">^</a></b></span> <span class=\"reference-text\"><link rel=\"mw-deduplicated-inline-style\" href=\"mw-data:TemplateStyles:r1238218222\" /><cite class=\"citation web cs1\"><a rel=\"nofollow\" class=\"external text\" href=\"https://web.archive.org/web/20140329151121/http://rockaccess.net/2014/03/26/smashing-pumpkins-bush-nothing-more-and-more/\">\"Rock Access – Rock News&#160;» Smashing Pumpkins &amp; Bush. Nothing More. And More\"</a>. Rockaccess.net. March 26, 2014. Archived from <a rel=\"nofollow\" class=\"external text\" href=\"http://rockaccess.net/2014/03/26/smashing-pumpkins-bush-nothing-more-and-more/\">the original</a> on March 29, 2014<span class=\"reference-accessdate\">. Retrieved <span class=\"nowrap\">May 9,</span> 2014</span>.</cite><span title=\"ctx_ver=Z39.88-2004&amp;rft_val_fmt=info%3Aofi%2Ffmt%3Akev%3Amtx%3Abook&amp;rft.genre=unknown&amp;rft.btitle=Rock+Access+%E2%80%93+Rock+News+%C2%BB+Smashing+Pumpkins+%26+Bush.+Nothing+More.+And+More&amp;rft.pub=Rockaccess.net&amp;rft.date=2014-03-26&amp;rft_id=http%3A%2F%2Frockaccess.net%2F2014%2F03%2F26%2Fsmashing-pumpkins-bush-nothing-more-and-more%2F&amp;rfr_id=info%3Asid%2Fen.wikipedia.org%3ABlack+Stone+Cherry\" class=\"Z3988\"></span></span>\n</li>\n<li id=\"cite_note-11\"><span class=\"mw-cite-backlink\"><b><a href=\"#cite_ref-11\">^</a></b></span> <span class=\"reference-text\"><link rel=\"mw-deduplicated-inline-style\" href=\"mw-data:TemplateStyles:r1238218222\" /><cite class=\"citation web cs1\"><a rel=\"nofollow\" class=\"external text\" href=\"http://www.moshville.co.uk/tours/2015/06/black-stone-cherry-shinedown-halestorm-and-highly-suspect-uk-dates-2016/\">\"Black Stone Cherry, Shinedown, Halestorm and Highly Suspect – UK dates (2016)\"</a>. Moshville Times. June 10, 2015<span class=\"reference-accessdate\">. Retrieved <span class=\"nowrap\">June 10,</span> 2015</span>.</cite><span title=\"ctx_ver=Z39.88-2004&amp;rft_val_fmt=info%3Aofi%2Ffmt%3Akev%3Amtx%3Abook&amp;rft.genre=unknown&amp;rft.btitle=Black+Stone+Cherry%2C+Shinedown%2C+Halestorm+and+Highly+Suspect+%E2%80%93+UK+dates+%282016%29&amp;rft.pub=Moshville+Times&amp;rft.date=2015-06-10&amp;rft_id=http%3A%2F%2Fwww.moshville.co.uk%2Ftours%2F2015%2F06%2Fblack-stone-cherry-shinedown-halestorm-and-highly-suspect-uk-dates-2016%2F&amp;rfr_id=info%3Asid%2Fen.wikipedia.org%3ABlack+Stone+Cherry\" class=\"Z3988\"></span></span>\n</li>\n<li id=\"cite_note-12\"><span class=\"mw-cite-backlink\"><b><a href=\"#cite_ref-12\">^</a></b></span> <span class=\"reference-text\"><link rel=\"mw-deduplicated-inline-style\" href=\"mw-data:TemplateStyles:r1238218222\" /><cite class=\"citation web cs1\"><a rel=\"nofollow\" class=\"external text\" href=\"http://www.blabbermouth.net/news/black-stone-cherry-to-release-thank-you-livin-live-dvd-blu-ray-cd-in-october/\">\"Black Stone Cherry To Release 'Thank You: Livin' Live' Dvd, Blu Ray, Cd In October\"</a>. <i>Blabbermouth.net</i>. September 2, 2015<span class=\"reference-accessdate\">. Retrieved <span class=\"nowrap\">March 27,</span> 2016</span>.</cite><span title=\"ctx_ver=Z39.88-2004&amp;rft_val_fmt=info%3Aofi%2Ffmt%3Akev%3Amtx%3Ajournal&amp;rft.genre=unknown&amp;rft.jtitle=Blabbermouth.net&amp;rft.atitle=Black+Stone+Cherry+To+Release+%27Thank+You%3A+Livin%27+Live%27+Dvd%2C+Blu+Ray%2C+Cd+In+October&amp;rft.date=2015-09-02&amp;rft_id=http%3A%2F%2Fwww.blabbermouth.net%2Fnews%2Fblack-stone-cherry-to-release-thank-you-livin-live-dvd-blu-ray-cd-in-october%2F&amp;rfr_id=info%3Asid%2Fen.wikipedia.org%3ABlack+Stone+Cherry\" class=\"Z3988\"></span></span>\n</li>\n<li id=\"cite_note-13\"><span class=\"mw-cite-backlink\"><b><a href=\"#cite_ref-13\">^</a></b></span> <span class=\"reference-text\"><link rel=\"mw-deduplicated-inline-style\" href=\"mw-data:TemplateStyles:r1238218222\" /><cite class=\"citation web cs1\"><a rel=\"nofollow\" class=\"external text\" href=\"http://www.blabbermouth.net/news/black-stone-cherry-signs-with-mascot-label-group-begins-recording-fifth-album/\">\"Black Stone Cherry Signs With Mascot Label Group, Begins Recording Fifth Album\"</a>. <i>Blabbermouth.net</i>. October 7, 2015<span class=\"reference-accessdate\">. Retrieved <span class=\"nowrap\">March 27,</span> 2016</span>.</cite><span title=\"ctx_ver=Z39.88-2004&amp;rft_val_fmt=info%3Aofi%2Ffmt%3Akev%3Amtx%3Ajournal&amp;rft.genre=unknown&amp;rft.jtitle=Blabbermouth.net&amp;rft.atitle=Black+Stone+Cherry+Signs+With+Mascot+Label+Group%2C+Begins+Recording+Fifth+Album&amp;rft.date=2015-10-07&amp;rft_id=http%3A%2F%2Fwww.blabbermouth.net%2Fnews%2Fblack-stone-cherry-signs-with-mascot-label-group-begins-recording-fifth-album%2F&amp;rfr_id=info%3Asid%2Fen.wikipedia.org%3ABlack+Stone+Cherry\" class=\"Z3988\"></span></span>\n</li>\n<li id=\"cite_note-blabbermouth.net-14\"><span class=\"mw-cite-backlink\"><b><a href=\"#cite_ref-blabbermouth.net_14-0\">^</a></b></span> <span class=\"reference-text\"><link rel=\"mw-deduplicated-inline-style\" href=\"mw-data:TemplateStyles:r1238218222\" /><cite class=\"citation web cs1\"><a rel=\"nofollow\" class=\"external text\" href=\"http://www.blabbermouth.net/news/black-stone-cherry-to-release-kentucky-album-in-the-spring/\">\"Black Stone Cherry To Release 'Kentucky' Album In The Spring\"</a>. <i>Blabbermouth.net</i>. December 9, 2015<span class=\"reference-accessdate\">. Retrieved <span class=\"nowrap\">March 27,</span> 2016</span>.</cite><span title=\"ctx_ver=Z39.88-2004&amp;rft_val_fmt=info%3Aofi%2Ffmt%3Akev%3Amtx%3Ajournal&amp;rft.genre=unknown&amp;rft.jtitle=Blabbermouth.net&amp;rft.atitle=Black+Stone+Cherry+To+Release+%27Kentucky%27+Album+In+The+Spring&amp;rft.date=2015-12-09&amp;rft_id=http%3A%2F%2Fwww.blabbermouth.net%2Fnews%2Fblack-stone-cherry-to-release-kentucky-album-in-the-spring%2F&amp;rfr_id=info%3Asid%2Fen.wikipedia.org%3ABlack+Stone+Cherry\" class=\"Z3988\"></span></span>\n</li>\n<li id=\"cite_note-15\"><span class=\"mw-cite-backlink\"><b><a href=\"#cite_ref-15\">^</a></b></span> <span class=\"reference-text\"><link rel=\"mw-deduplicated-inline-style\" href=\"mw-data:TemplateStyles:r1238218222\" /><cite class=\"citation magazine cs1\"><a rel=\"nofollow\" class=\"external text\" href=\"https://www.billboard.com/artist/black-stone-cherry/chart-history/mtl/\">\"Black Stone Cherry Chart History\"</a>. <i><a href=\"/wiki/Billboard_(magazine)\" title=\"Billboard (magazine)\">Billboard</a></i>.</cite><span title=\"ctx_ver=Z39.88-2004&amp;rft_val_fmt=info%3Aofi%2Ffmt%3Akev%3Amtx%3Ajournal&amp;rft.genre=article&amp;rft.jtitle=Billboard&amp;rft.atitle=Black+Stone+Cherry+Chart+History&amp;rft_id=https%3A%2F%2Fwww.billboard.com%2Fartist%2Fblack-stone-cherry%2Fchart-history%2Fmtl%2F&amp;rfr_id=info%3Asid%2Fen.wikipedia.org%3ABlack+Stone+Cherry\" class=\"Z3988\"></span></span>\n</li>\n<li id=\"cite_note-16\"><span class=\"mw-cite-backlink\"><b><a href=\"#cite_ref-16\">^</a></b></span> <span class=\"reference-text\"><link rel=\"mw-deduplicated-inline-style\" href=\"mw-data:TemplateStyles:r1238218222\" /><cite class=\"citation web cs1\"><a rel=\"nofollow\" class=\"external text\" href=\"http://www.blabbermouth.net/news/black-stone-cherry-kentucky-artwork-unveiled-new-song-the-way-of-the-future-streaming/\">\"Black Stone Cherry: 'Kentucky' Artwork Unveiled; New Song 'The Way Of The Future' Streaming\"</a>. <i>Blabbermouth.net</i>. December 18, 2015<span class=\"reference-accessdate\">. Retrieved <span class=\"nowrap\">March 27,</span> 2016</span>.</cite><span title=\"ctx_ver=Z39.88-2004&amp;rft_val_fmt=info%3Aofi%2Ffmt%3Akev%3Amtx%3Ajournal&amp;rft.genre=unknown&amp;rft.jtitle=Blabbermouth.net&amp;rft.atitle=Black+Stone+Cherry%3A+%27Kentucky%27+Artwork+Unveiled%3B+New+Song+%27The+Way+Of+The+Future%27+Streaming&amp;rft.date=2015-12-18&amp;rft_id=http%3A%2F%2Fwww.blabbermouth.net%2Fnews%2Fblack-stone-cherry-kentucky-artwork-unveiled-new-song-the-way-of-the-future-streaming%2F&amp;rfr_id=info%3Asid%2Fen.wikipedia.org%3ABlack+Stone+Cherry\" class=\"Z3988\"></span></span>\n</li>\n<li id=\"cite_note-17\"><span class=\"mw-cite-backlink\"><b><a href=\"#cite_ref-17\">^</a></b></span> <span class=\"reference-text\"><link rel=\"mw-deduplicated-inline-style\" href=\"mw-data:TemplateStyles:r1238218222\" /><cite class=\"citation web cs1\"><a rel=\"nofollow\" class=\"external text\" href=\"https://www.youtube.com/watch?v=OFmIlJUYXeo\">\"Black Stone Cherry \"The Way Of The Future\" (Official Audio)\"</a>. YouTube. December 18, 2015. <a rel=\"nofollow\" class=\"external text\" href=\"https://ghostarchive.org/varchive/youtube/20211214/OFmIlJUYXeo\">Archived</a> from the original on December 14, 2021<span class=\"reference-accessdate\">. Retrieved <span class=\"nowrap\">March 27,</span> 2016</span>.</cite><span title=\"ctx_ver=Z39.88-2004&amp;rft_val_fmt=info%3Aofi%2Ffmt%3Akev%3Amtx%3Abook&amp;rft.genre=unknown&amp;rft.btitle=Black+Stone+Cherry+%22The+Way+Of+The+Future%22+%28Official+Audio%29&amp;rft.pub=YouTube&amp;rft.date=2015-12-18&amp;rft_id=https%3A%2F%2Fwww.youtube.com%2Fwatch%3Fv%3DOFmIlJUYXeo&amp;rfr_id=info%3Asid%2Fen.wikipedia.org%3ABlack+Stone+Cherry\" class=\"Z3988\"></span></span>\n</li>\n<li id=\"cite_note-18\"><span class=\"mw-cite-backlink\"><b><a href=\"#cite_ref-18\">^</a></b></span> <span class=\"reference-text\"><link rel=\"mw-deduplicated-inline-style\" href=\"mw-data:TemplateStyles:r1238218222\" /><cite id=\"CITEREFBlack_Stone_Cherry2016\" class=\"citation web cs1\">Black Stone Cherry (February 3, 2016). <a rel=\"nofollow\" class=\"external text\" href=\"https://www.youtube.com/watch?v=iyXOZYqfs1E\">\"Black Stone Cherry – \"In Our Dreams\" (Official Video HD)\"</a>. <a href=\"/wiki/YouTube\" title=\"YouTube\">YouTube</a>. <a rel=\"nofollow\" class=\"external text\" href=\"https://ghostarchive.org/varchive/youtube/20211214/iyXOZYqfs1E\">Archived</a> from the original on December 14, 2021<span class=\"reference-accessdate\">. Retrieved <span class=\"nowrap\">January 7,</span> 2018</span>.</cite><span title=\"ctx_ver=Z39.88-2004&amp;rft_val_fmt=info%3Aofi%2Ffmt%3Akev%3Amtx%3Abook&amp;rft.genre=unknown&amp;rft.btitle=Black+Stone+Cherry+%E2%80%93+%22In+Our+Dreams%22+%28Official+Video+HD%29&amp;rft.pub=YouTube&amp;rft.date=2016-02-03&amp;rft.au=Black+Stone+Cherry&amp;rft_id=https%3A%2F%2Fwww.youtube.com%2Fwatch%3Fv%3DiyXOZYqfs1E&amp;rfr_id=info%3Asid%2Fen.wikipedia.org%3ABlack+Stone+Cherry\" class=\"Z3988\"></span></span>\n</li>\n<li id=\"cite_note-19\"><span class=\"mw-cite-backlink\"><b><a href=\"#cite_ref-19\">^</a></b></span> <span class=\"reference-text\"><link rel=\"mw-deduplicated-inline-style\" href=\"mw-data:TemplateStyles:r1238218222\" /><cite id=\"CITEREFBlack_Stone_Cherry2016\" class=\"citation web cs1\">Black Stone Cherry (July 21, 2016). <a rel=\"nofollow\" class=\"external text\" href=\"https://www.youtube.com/watch?v=xZepHvVzj_0\">\"Black Stone Cherry – The Rambler starring Billy Ray Cyrus (Official Video)\"</a>. <a href=\"/wiki/YouTube\" title=\"YouTube\">YouTube</a>. <a rel=\"nofollow\" class=\"external text\" href=\"https://ghostarchive.org/varchive/youtube/20211214/xZepHvVzj_0\">Archived</a> from the original on December 14, 2021<span class=\"reference-accessdate\">. Retrieved <span class=\"nowrap\">January 7,</span> 2018</span>.</cite><span title=\"ctx_ver=Z39.88-2004&amp;rft_val_fmt=info%3Aofi%2Ffmt%3Akev%3Amtx%3Abook&amp;rft.genre=unknown&amp;rft.btitle=Black+Stone+Cherry+%E2%80%93+The+Rambler+starring+Billy+Ray+Cyrus+%28Official+Video%29&amp;rft.pub=YouTube&amp;rft.date=2016-07-21&amp;rft.au=Black+Stone+Cherry&amp;rft_id=https%3A%2F%2Fwww.youtube.com%2Fwatch%3Fv%3DxZepHvVzj_0&amp;rfr_id=info%3Asid%2Fen.wikipedia.org%3ABlack+Stone+Cherry\" class=\"Z3988\"></span></span>\n</li>\n<li id=\"cite_note-20\"><span class=\"mw-cite-backlink\"><b><a href=\"#cite_ref-20\">^</a></b></span> <span class=\"reference-text\"><link rel=\"mw-deduplicated-inline-style\" href=\"mw-data:TemplateStyles:r1238218222\" /><cite class=\"citation web cs1\"><a rel=\"nofollow\" class=\"external text\" href=\"http://www.blabbermouth.net/news/black-stone-cherry-announces-18-date-u-s-tour/\">\"BLACK STONE CHERRY Announces 18-Date U.S. Tour\"</a>. <i>blabbermouth.net</i>. February 23, 2017<span class=\"reference-accessdate\">. Retrieved <span class=\"nowrap\">March 20,</span> 2017</span>.</cite><span title=\"ctx_ver=Z39.88-2004&amp;rft_val_fmt=info%3Aofi%2Ffmt%3Akev%3Amtx%3Ajournal&amp;rft.genre=unknown&amp;rft.jtitle=blabbermouth.net&amp;rft.atitle=BLACK+STONE+CHERRY+Announces+18-Date+U.S.+Tour&amp;rft.date=2017-02-23&amp;rft_id=http%3A%2F%2Fwww.blabbermouth.net%2Fnews%2Fblack-stone-cherry-announces-18-date-u-s-tour%2F&amp;rfr_id=info%3Asid%2Fen.wikipedia.org%3ABlack+Stone+Cherry\" class=\"Z3988\"></span></span>\n</li>\n<li id=\"cite_note-21\"><span class=\"mw-cite-backlink\"><b><a href=\"#cite_ref-21\">^</a></b></span> <span class=\"reference-text\"><link rel=\"mw-deduplicated-inline-style\" href=\"mw-data:TemplateStyles:r1238218222\" /><cite class=\"citation web cs1\"><a rel=\"nofollow\" class=\"external text\" href=\"http://loudwire.com/black-stone-cherry-black-to-blues-ep/\">\"Black Stone Cherry Explore Their Blues Side With 'Black to Blues' EP\"</a>. <i>Loudwire.com</i>. July 27, 2017<span class=\"reference-accessdate\">. Retrieved <span class=\"nowrap\">September 12,</span> 2017</span>.</cite><span title=\"ctx_ver=Z39.88-2004&amp;rft_val_fmt=info%3Aofi%2Ffmt%3Akev%3Amtx%3Ajournal&amp;rft.genre=unknown&amp;rft.jtitle=Loudwire.com&amp;rft.atitle=Black+Stone+Cherry+Explore+Their+Blues+Side+With+%27Black+to+Blues%27+EP&amp;rft.date=2017-07-27&amp;rft_id=http%3A%2F%2Floudwire.com%2Fblack-stone-cherry-black-to-blues-ep%2F&amp;rfr_id=info%3Asid%2Fen.wikipedia.org%3ABlack+Stone+Cherry\" class=\"Z3988\"></span></span>\n</li>\n<li id=\"cite_note-22\"><span class=\"mw-cite-backlink\"><b><a href=\"#cite_ref-22\">^</a></b></span> <span class=\"reference-text\"><link rel=\"mw-deduplicated-inline-style\" href=\"mw-data:TemplateStyles:r1238218222\" /><cite class=\"citation web cs1\"><a rel=\"nofollow\" class=\"external text\" href=\"https://www.allmusic.com/album/black-to-blues-vol-2-mw0003315475\">\"Black to Blues, Vol. 2 – Black Stone Cherry | Songs, Reviews, Credits | AllMusic\"</a>. <i><a href=\"/wiki/AllMusic\" title=\"AllMusic\">AllMusic</a></i>.</cite><span title=\"ctx_ver=Z39.88-2004&amp;rft_val_fmt=info%3Aofi%2Ffmt%3Akev%3Amtx%3Ajournal&amp;rft.genre=unknown&amp;rft.jtitle=AllMusic&amp;rft.atitle=Black+to+Blues%2C+Vol.+2+%E2%80%93+Black+Stone+Cherry+%7C+Songs%2C+Reviews%2C+Credits+%7C+AllMusic&amp;rft_id=https%3A%2F%2Fwww.allmusic.com%2Falbum%2Fblack-to-blues-vol-2-mw0003315475&amp;rfr_id=info%3Asid%2Fen.wikipedia.org%3ABlack+Stone+Cherry\" class=\"Z3988\"></span></span>\n</li>\n<li id=\"cite_note-23\"><span class=\"mw-cite-backlink\"><b><a href=\"#cite_ref-23\">^</a></b></span> <span class=\"reference-text\"><link rel=\"mw-deduplicated-inline-style\" href=\"mw-data:TemplateStyles:r1238218222\" /><cite class=\"citation web cs1\"><a rel=\"nofollow\" class=\"external text\" href=\"https://twitter.com/BlkStoneCherry/status/1291012771132452867\">\"Black Stone Cherry\"</a>. <i>twitter.com</i>. Twitter<span class=\"reference-accessdate\">. Retrieved <span class=\"nowrap\">August 5,</span> 2020</span>.</cite><span title=\"ctx_ver=Z39.88-2004&amp;rft_val_fmt=info%3Aofi%2Ffmt%3Akev%3Amtx%3Ajournal&amp;rft.genre=unknown&amp;rft.jtitle=twitter.com&amp;rft.atitle=Black+Stone+Cherry&amp;rft_id=https%3A%2F%2Ftwitter.com%2FBlkStoneCherry%2Fstatus%2F1291012771132452867&amp;rfr_id=info%3Asid%2Fen.wikipedia.org%3ABlack+Stone+Cherry\" class=\"Z3988\"></span></span>\n</li>\n<li id=\"cite_note-24\"><span class=\"mw-cite-backlink\"><b><a href=\"#cite_ref-24\">^</a></b></span> <span class=\"reference-text\"><link rel=\"mw-deduplicated-inline-style\" href=\"mw-data:TemplateStyles:r1238218222\" /><cite class=\"citation web cs1\"><a rel=\"nofollow\" class=\"external text\" href=\"https://twitter.com/BlkStoneCherry/status/1291373636625010701\">\"Black Stone Cherry\"</a>. <i>twitter.com</i>. Twitter<span class=\"reference-accessdate\">. Retrieved <span class=\"nowrap\">August 5,</span> 2020</span>.</cite><span title=\"ctx_ver=Z39.88-2004&amp;rft_val_fmt=info%3Aofi%2Ffmt%3Akev%3Amtx%3Ajournal&amp;rft.genre=unknown&amp;rft.jtitle=twitter.com&amp;rft.atitle=Black+Stone+Cherry&amp;rft_id=https%3A%2F%2Ftwitter.com%2FBlkStoneCherry%2Fstatus%2F1291373636625010701&amp;rfr_id=info%3Asid%2Fen.wikipedia.org%3ABlack+Stone+Cherry\" class=\"Z3988\"></span></span>\n</li>\n<li id=\"cite_note-25\"><span class=\"mw-cite-backlink\"><b><a href=\"#cite_ref-25\">^</a></b></span> <span class=\"reference-text\"><link rel=\"mw-deduplicated-inline-style\" href=\"mw-data:TemplateStyles:r1238218222\" /><cite class=\"citation web cs1\"><a rel=\"nofollow\" class=\"external text\" href=\"https://twitter.com/blkstonecherry/status/1400105191748296712\">\"Black Stone Cherry announce Jon Lawhon's hiatus\"</a>. <i>Twitter</i><span class=\"reference-accessdate\">. Retrieved <span class=\"nowrap\">June 2,</span> 2021</span>.</cite><span title=\"ctx_ver=Z39.88-2004&amp;rft_val_fmt=info%3Aofi%2Ffmt%3Akev%3Amtx%3Ajournal&amp;rft.genre=unknown&amp;rft.jtitle=Twitter&amp;rft.atitle=Black+Stone+Cherry+announce+Jon+Lawhon%27s+hiatus&amp;rft_id=https%3A%2F%2Ftwitter.com%2Fblkstonecherry%2Fstatus%2F1400105191748296712&amp;rfr_id=info%3Asid%2Fen.wikipedia.org%3ABlack+Stone+Cherry\" class=\"Z3988\"></span></span>\n</li>\n<li id=\"cite_note-26\"><span class=\"mw-cite-backlink\"><b><a href=\"#cite_ref-26\">^</a></b></span> <span class=\"reference-text\"><link rel=\"mw-deduplicated-inline-style\" href=\"mw-data:TemplateStyles:r1238218222\" /><cite class=\"citation web cs1\"><a rel=\"nofollow\" class=\"external text\" href=\"https://bravewords.com/news/black-stone-cherry-announce-expanded-digital-only-edition-of-the-human-condition-album-band-streaming-cover-of-tracy-chapman-s-give-me-one-reason\">\"BLACK STONE CHERRY ANNOUNCE EXPANDED DIGITAL-ONLY EDITION OF THE HUMAN CONDITION ALBUM; BAND STREAMING COVER OF TRACY CHAPMAN'S \"GIVE ME ONE REASON\"<span class=\"cs1-kern-right\"></span>\"</a>. <i>Brave Words</i>. June 26, 2021<span class=\"reference-accessdate\">. Retrieved <span class=\"nowrap\">August 11,</span> 2021</span>.</cite><span title=\"ctx_ver=Z39.88-2004&amp;rft_val_fmt=info%3Aofi%2Ffmt%3Akev%3Amtx%3Ajournal&amp;rft.genre=unknown&amp;rft.jtitle=Brave+Words&amp;rft.atitle=BLACK+STONE+CHERRY+ANNOUNCE+EXPANDED+DIGITAL-ONLY+EDITION+OF+THE+HUMAN+CONDITION+ALBUM%3B+BAND+STREAMING+COVER+OF+TRACY+CHAPMAN%27S+%22GIVE+ME+ONE+REASON%22&amp;rft.date=2021-06-26&amp;rft_id=https%3A%2F%2Fbravewords.com%2Fnews%2Fblack-stone-cherry-announce-expanded-digital-only-edition-of-the-human-condition-album-band-streaming-cover-of-tracy-chapman-s-give-me-one-reason&amp;rfr_id=info%3Asid%2Fen.wikipedia.org%3ABlack+Stone+Cherry\" class=\"Z3988\"></span></span>\n</li>\n<li id=\"cite_note-27\"><span class=\"mw-cite-backlink\"><b><a href=\"#cite_ref-27\">^</a></b></span> <span class=\"reference-text\"><link rel=\"mw-deduplicated-inline-style\" href=\"mw-data:TemplateStyles:r1238218222\" /><cite id=\"CITEREFLewry2022\" class=\"citation web cs1\">Lewry, Fraser (April 20, 2022). <a rel=\"nofollow\" class=\"external text\" href=\"https://www.loudersound.com/news/black-stone-cherry-launch-live-album-and-film-recorded-at-royal-albert-hall\">\"Black Stone Cherry launch live album and film recorded at Royal Albert Hall\"</a>. <i>Louder Sound</i>. Classic Rock Magazine<span class=\"reference-accessdate\">. Retrieved <span class=\"nowrap\">May 23,</span> 2022</span>.</cite><span title=\"ctx_ver=Z39.88-2004&amp;rft_val_fmt=info%3Aofi%2Ffmt%3Akev%3Amtx%3Ajournal&amp;rft.genre=unknown&amp;rft.jtitle=Louder+Sound&amp;rft.atitle=Black+Stone+Cherry+launch+live+album+and+film+recorded+at+Royal+Albert+Hall&amp;rft.date=2022-04-20&amp;rft.aulast=Lewry&amp;rft.aufirst=Fraser&amp;rft_id=https%3A%2F%2Fwww.loudersound.com%2Fnews%2Fblack-stone-cherry-launch-live-album-and-film-recorded-at-royal-albert-hall&amp;rfr_id=info%3Asid%2Fen.wikipedia.org%3ABlack+Stone+Cherry\" class=\"Z3988\"></span></span>\n</li>\n<li id=\"cite_note-28\"><span class=\"mw-cite-backlink\"><b><a href=\"#cite_ref-28\">^</a></b></span> <span class=\"reference-text\"><link rel=\"mw-deduplicated-inline-style\" href=\"mw-data:TemplateStyles:r1238218222\" /><cite class=\"citation web cs1\"><a rel=\"nofollow\" class=\"external text\" href=\"https://totalrock.com/black-stone-cherry-announce-new-album-screamin-at-the-sky/\">\"Black Stone Cherry Announce New Album Screamin' at the Sky • TotalRock\"</a>. May 10, 2023.</cite><span title=\"ctx_ver=Z39.88-2004&amp;rft_val_fmt=info%3Aofi%2Ffmt%3Akev%3Amtx%3Abook&amp;rft.genre=unknown&amp;rft.btitle=Black+Stone+Cherry+Announce+New+Album+Screamin%27+at+the+Sky+%E2%80%A2+TotalRock&amp;rft.date=2023-05-10&amp;rft_id=https%3A%2F%2Ftotalrock.com%2Fblack-stone-cherry-announce-new-album-screamin-at-the-sky%2F&amp;rfr_id=info%3Asid%2Fen.wikipedia.org%3ABlack+Stone+Cherry\" class=\"Z3988\"></span></span>\n</li>\n<li id=\"cite_note-29\"><span class=\"mw-cite-backlink\"><b><a href=\"#cite_ref-29\">^</a></b></span> <span class=\"reference-text\"><link rel=\"mw-deduplicated-inline-style\" href=\"mw-data:TemplateStyles:r1238218222\" /><cite class=\"citation web cs1\"><a rel=\"nofollow\" class=\"external text\" href=\"https://rocknloadmag.com/news/black-stone-cherry-announce-new-album-screamin-at-the-sky-reveal-new-single-nervous/\">\"BLACK STONE CHERRY announce new album, 'Screamin' at the Sky', reveal new single 'Nervous'<span class=\"cs1-kern-right\"></span>\"</a>. <i>Rockloadmag.com</i>. May 11, 2023.</cite><span title=\"ctx_ver=Z39.88-2004&amp;rft_val_fmt=info%3Aofi%2Ffmt%3Akev%3Amtx%3Ajournal&amp;rft.genre=unknown&amp;rft.jtitle=Rockloadmag.com&amp;rft.atitle=BLACK+STONE+CHERRY+announce+new+album%2C+%27Screamin%27+at+the+Sky%27%2C+reveal+new+single+%27Nervous%27&amp;rft.date=2023-05-11&amp;rft_id=https%3A%2F%2Frocknloadmag.com%2Fnews%2Fblack-stone-cherry-announce-new-album-screamin-at-the-sky-reveal-new-single-nervous%2F&amp;rfr_id=info%3Asid%2Fen.wikipedia.org%3ABlack+Stone+Cherry\" class=\"Z3988\"></span></span>\n</li>\n<li id=\"cite_note-30\"><span class=\"mw-cite-backlink\"><b><a href=\"#cite_ref-30\">^</a></b></span> <span class=\"reference-text\"><a rel=\"nofollow\" class=\"external free\" href=\"https://recordstoreday.com/SpecialRelease/19091\">https://recordstoreday.com/SpecialRelease/19091</a></span>\n</li>\n</ol></div></div>\n<div class=\"mw-heading mw-heading2\"><h2 id=\"External_links\">External links</h2></div>\n<style data-mw-deduplicate=\"TemplateStyles:r1308029216\">.mw-parser-output .side-box{margin:4px 0;box-sizing:border-box;border:1px solid #aaa;font-size:88%;line-height:1.25em;background-color:var(--background-color-interactive-subtle,#f8f9fa);display:flow-root}.mw-parser-output .infobox .side-box{font-size:100%}.mw-parser-output .side-box-abovebelow,.mw-parser-output .side-box-text{padding:0.25em 0.9em}.mw-parser-output .side-box-image{padding:2px 0 2px 0.9em;text-align:center}.mw-parser-output .side-box-imageright{padding:2px 0.9em 2px 0;text-align:center}@media(min-width:500px){.mw-parser-output .side-box-flex{display:flex;align-items:center}.mw-parser-output .side-box-text{flex:1;min-width:0}}@media(min-width:640px){.mw-parser-output .side-box{width:238px}.mw-parser-output .side-box-right{clear:right;float:right;margin-left:1em}.mw-parser-output .side-box-left{margin-right:1em}}</style><style data-mw-deduplicate=\"TemplateStyles:r1311551236\">@media print{body.ns-0 .mw-parser-output .sistersitebox{display:none!important}}@media screen{html.skin-theme-clientpref-night .mw-parser-output .sistersitebox img[src*=\"Wiktionary-logo-en-v2.svg\"]{filter:invert(1)brightness(55%)contrast(250%)hue-rotate(180deg)}}@media screen and (prefers-color-scheme:dark){html.skin-theme-clientpref-os .mw-parser-output .sistersitebox img[src*=\"Wiktionary-logo-en-v2.svg\"]{filter:invert(1)brightness(55%)contrast(250%)hue-rotate(180deg)}}</style><div class=\"side-box side-box-right plainlinks sistersitebox\"><link rel=\"mw-deduplicated-inline-style\" href=\"mw-data:TemplateStyles:r1126788409\" />\n<div class=\"side-box-flex\">\n<div class=\"side-box-image\"><span class=\"noviewer\" typeof=\"mw:File\"><a href=\"/wiki/File:Commons-logo.svg\" class=\"mw-file-description\"><img alt=\"\" src=\"//upload.wikimedia.org/wikipedia/en/thumb/4/4a/Commons-logo.svg/40px-Commons-logo.svg.png\" decoding=\"async\" width=\"30\" height=\"40\" class=\"mw-file-element\" srcset=\"//upload.wikimedia.org/wikipedia/en/thumb/4/4a/Commons-logo.svg/60px-Commons-logo.svg.png 1.5x\" data-file-width=\"1024\" data-file-height=\"1376\" /></a></span></div>\n<div class=\"side-box-text plainlist\">Wikimedia Commons has media related to <span style=\"font-weight: bold; font-style: italic;\"><a href=\"https://commons.wikimedia.org/wiki/Category:Black_Stone_Cherry\" class=\"extiw\" title=\"commons:Category:Black Stone Cherry\">Black Stone Cherry</a></span>.</div></div>\n</div>\n<ul><li><span class=\"official-website\"><span class=\"url\"><a rel=\"nofollow\" class=\"external text\" href=\"http://www.blackstonecherry.com\">Official website</a></span></span></li>\n<li><a rel=\"nofollow\" class=\"external text\" href=\"http://www.roadrunnerrecords.com/artists/BlackStoneCherry/\">Black Stone Cherry</a> at <a href=\"/wiki/Roadrunner_Records\" title=\"Roadrunner Records\">Roadrunner Records</a></li>\n<li><a rel=\"nofollow\" class=\"external text\" href=\"https://www.allmusic.com/artist/mn0000976033\">Black Stone Cherry</a> at <a href=\"/wiki/AllMusic_(identifier)\" class=\"mw-redirect\" title=\"AllMusic (identifier)\">AllMusic</a> <span class=\"mw-valign-text-top noprint\" typeof=\"mw:File/Frameless\"><a href=\"https://www.wikidata.org/wiki/Q880581#P1728\" title=\"Edit this at Wikidata\"><img alt=\"Edit this at Wikidata\" src=\"//upload.wikimedia.org/wikipedia/en/thumb/8/8a/OOjs_UI_icon_edit-ltr-progressive.svg/20px-OOjs_UI_icon_edit-ltr-progressive.svg.png\" decoding=\"async\" width=\"10\" height=\"10\" class=\"mw-file-element\" data-file-width=\"20\" data-file-height=\"20\" /></a></span></li></ul>\n<div class=\"navbox-styles\"><link rel=\"mw-deduplicated-inline-style\" href=\"mw-data:TemplateStyles:r1129693374\" /><style data-mw-deduplicate=\"TemplateStyles:r1236075235\">.mw-parser-output .navbox{box-sizing:border-box;border:1px solid #a2a9b1;width:100%;clear:both;font-size:88%;text-align:center;padding:1px;margin:1em auto 0}.mw-parser-output .navbox .navbox{margin-top:0}.mw-parser-output .navbox+.navbox,.mw-parser-output .navbox+.navbox-styles+.navbox{margin-top:-1px}.mw-parser-output .navbox-inner,.mw-parser-output .navbox-subgroup{width:100%}.mw-parser-output .navbox-group,.mw-parser-output .navbox-title,.mw-parser-output .navbox-abovebelow{padding:0.25em 1em;line-height:1.5em;text-align:center}.mw-parser-output .navbox-group{white-space:nowrap;text-align:right}.mw-parser-output .navbox,.mw-parser-output .navbox-subgroup{background-color:#fdfdfd}.mw-parser-output .navbox-list{line-height:1.5em;border-color:#fdfdfd}.mw-parser-output .navbox-list-with-group{text-align:left;border-left-width:2px;border-left-style:solid}.mw-parser-output tr+tr>.navbox-abovebelow,.mw-parser-output tr+tr>.navbox-group,.mw-parser-output tr+tr>.navbox-image,.mw-parser-output tr+tr>.navbox-list{border-top:2px solid #fdfdfd}.mw-parser-output .navbox-title{background-color:#ccf}.mw-parser-output .navbox-abovebelow,.mw-parser-output .navbox-group,.mw-parser-output .navbox-subgroup .navbox-title{background-color:#ddf}.mw-parser-output .navbox-subgroup .navbox-group,.mw-parser-output .navbox-subgroup .navbox-abovebelow{background-color:#e6e6ff}.mw-parser-output .navbox-even{background-color:#f7f7f7}.mw-parser-output .navbox-odd{background-color:transparent}.mw-parser-output .navbox .hlist td dl,.mw-parser-output .navbox .hlist td ol,.mw-parser-output .navbox .hlist td ul,.mw-parser-output .navbox td.hlist dl,.mw-parser-output .navbox td.hlist ol,.mw-parser-output .navbox td.hlist ul{padding:0.125em 0}.mw-parser-output .navbox .navbar{display:block;font-size:100%}.mw-parser-output .navbox-title .navbar{float:left;text-align:left;margin-right:0.5em}body.skin--responsive .mw-parser-output .navbox-image img{max-width:none!important}@media print{body.ns-0 .mw-parser-output .navbox{display:none!important}}</style><style data-mw-deduplicate=\"TemplateStyles:r1256394678\">@media screen{.mw-parser-output .navbox-musical-artist-solo .navbox-title{background-color:#f0e68c}.mw-parser-output .navbox-musical-artist-non-vocal .navbox-title{background-color:#f4bf92}.mw-parser-output .navbox-musical-artist-non-perform .navbox-title{background-color:#bfe0bf}.mw-parser-output .navbox-musical-artist-group .navbox-title{background-color:#b0c4de}.mw-parser-output .navbox-musical-artist-cover .navbox-title{background-color:#d8bfd8}.mw-parser-output .navbox-musical-artist-classical .navbox-title{background-color:#b0e0e6}.mw-parser-output .navbox-musical-artist-temp .navbox-title{background-color:#d3d3d3}.mw-parser-output .navbox-musical-artist .navbox-group,.mw-parser-output .navbox-musical-artist .navbox-abovebelow{background-color:var(--background-color-neutral,#eaecf0)}html.skin-theme-clienpref-night .mw-parser-output .navbox-musical-artist .navbox-title{background-color:inherit}}@media screen and (prefers-color-scheme:dark){html.skin-theme-clienpref-os .mw-parser-output .navbox-musical-artist .navbox-title{background-color:inherit}}</style></div><div role=\"navigation\" class=\"navbox navbox-musical-artist navbox-musical-artist-group\" aria-labelledby=\"Black_Stone_Cherry1475\" style=\"padding:3px\"><table class=\"nowraplinks vcard hlist mw-collapsible autocollapse navbox-inner\" style=\"border-spacing:0;background:transparent;color:inherit\"><tbody><tr><th scope=\"col\" class=\"navbox-title\" colspan=\"2\"><link rel=\"mw-deduplicated-inline-style\" href=\"mw-data:TemplateStyles:r1129693374\" /><style data-mw-deduplicate=\"TemplateStyles:r1239400231\">.mw-parser-output .navbar{display:inline;font-size:88%;font-weight:normal}.mw-parser-output .navbar-collapse{float:left;text-align:left}.mw-parser-output .navbar-boxtext{word-spacing:0}.mw-parser-output .navbar ul{display:inline-block;white-space:nowrap;line-height:inherit}.mw-parser-output .navbar-brackets::before{margin-right:-0.125em;content:\"[ \"}.mw-parser-output .navbar-brackets::after{margin-left:-0.125em;content:\" ]\"}.mw-parser-output .navbar li{word-spacing:-0.125em}.mw-parser-output .navbar a>span,.mw-parser-output .navbar a>abbr{text-decoration:inherit}.mw-parser-output .navbar-mini abbr{font-variant:small-caps;border-bottom:none;text-decoration:none;cursor:inherit}.mw-parser-output .navbar-ct-full{font-size:114%;margin:0 7em}.mw-parser-output .navbar-ct-mini{font-size:114%;margin:0 4em}html.skin-theme-clientpref-night .mw-parser-output .navbar li a abbr{color:var(--color-base)!important}@media(prefers-color-scheme:dark){html.skin-theme-clientpref-os .mw-parser-output .navbar li a abbr{color:var(--color-base)!important}}@media print{.mw-parser-output .navbar{display:none!important}}</style><div class=\"navbar plainlinks hlist navbar-mini\"><ul><li class=\"nv-view\"><a href=\"/wiki/Template:Black_Stone_Cherry\" title=\"Template:Black Stone Cherry\"><abbr title=\"View this template\">v</abbr></a></li><li class=\"nv-talk\"><a href=\"/wiki/Template_talk:Black_Stone_Cherry\" title=\"Template talk:Black Stone Cherry\"><abbr title=\"Discuss this template\">t</abbr></a></li><li class=\"nv-edit\"><a href=\"/wiki/Special:EditPage/Template:Black_Stone_Cherry\" title=\"Special:EditPage/Template:Black Stone Cherry\"><abbr title=\"Edit this template\">e</abbr></a></li></ul></div><div id=\"Black_Stone_Cherry1475\" class=\"fn org\" style=\"font-size:114%;margin:0 4em\"><a class=\"mw-selflink selflink\">Black Stone Cherry</a></div></th></tr><tr><td class=\"navbox-abovebelow\" colspan=\"2\"><div>\n<ul><li><b>Chris Robertson</b></li>\n<li><b>Ben Wells</b></li>\n<li><b>Jon Lawhon</b></li>\n<li><b>John Fred Young</b></li></ul>\n</div></td></tr><tr><th scope=\"row\" class=\"navbox-group\" style=\"width:1%\">Studio albums</th><td class=\"navbox-list-with-group navbox-list navbox-odd\" style=\"width:100%;padding:0\"><div style=\"padding:0 0.25em\">\n<ul><li><i><a href=\"/wiki/Black_Stone_Cherry_(album)\" title=\"Black Stone Cherry (album)\">Black Stone Cherry</a></i> (2006)</li>\n<li><i><a href=\"/wiki/Folklore_and_Superstition\" title=\"Folklore and Superstition\">Folklore and Superstition</a></i> (2008)</li>\n<li><i><a href=\"/wiki/Between_the_Devil_%26_the_Deep_Blue_Sea_(Black_Stone_Cherry_album)\" title=\"Between the Devil &amp; the Deep Blue Sea (Black Stone Cherry album)\">Between the Devil &amp; the Deep Blue Sea</a></i> (2011)</li>\n<li><i><a href=\"/wiki/Magic_Mountain_(Black_Stone_Cherry_album)\" title=\"Magic Mountain (Black Stone Cherry album)\">Magic Mountain</a></i> (2014)</li>\n<li><i><a href=\"/wiki/Kentucky_(Black_Stone_Cherry_album)\" title=\"Kentucky (Black Stone Cherry album)\">Kentucky</a></i> (2016)</li>\n<li><i><a href=\"/wiki/Family_Tree_(Black_Stone_Cherry_album)\" title=\"Family Tree (Black Stone Cherry album)\">Family Tree</a></i> (2018)</li>\n<li><i><a href=\"/wiki/The_Human_Condition_(Black_Stone_Cherry_album)\" title=\"The Human Condition (Black Stone Cherry album)\">The Human Condition</a></i> (2020)</li>\n<li><i><a href=\"/wiki/Screamin%27_at_the_Sky\" title=\"Screamin&#39; at the Sky\">Screamin' at the Sky</a></i> (2023)</li></ul>\n</div></td></tr><tr><th scope=\"row\" class=\"navbox-group\" style=\"width:1%\">Live albums</th><td class=\"navbox-list-with-group navbox-list navbox-even\" style=\"width:100%;padding:0\"><div style=\"padding:0 0.25em\">\n<ul><li><i><a href=\"/wiki/Live_at_the_Astoria,_London_(Black_Stone_Cherry_album)\" title=\"Live at the Astoria, London (Black Stone Cherry album)\">Live at the Astoria, London (31.10.07)</a></i> (2007)</li></ul>\n</div></td></tr><tr><th scope=\"row\" class=\"navbox-group\" style=\"width:1%\">Extended plays</th><td class=\"navbox-list-with-group navbox-list navbox-odd\" style=\"width:100%;padding:0\"><div style=\"padding:0 0.25em\">\n<ul><li><i><a href=\"/wiki/Black_to_Blues\" title=\"Black to Blues\">Black to Blues</a></i> (2017)</li></ul>\n</div></td></tr><tr><th scope=\"row\" class=\"navbox-group\" style=\"width:1%\">Singles</th><td class=\"navbox-list-with-group navbox-list navbox-even\" style=\"width:100%;padding:0\"><div style=\"padding:0 0.25em\">\n<ul><li>\"<a href=\"/wiki/Lonely_Train\" title=\"Lonely Train\">Lonely Train</a>\"</li>\n<li>\"<a href=\"/wiki/Hell_and_High_Water_(Black_Stone_Cherry_song)\" title=\"Hell and High Water (Black Stone Cherry song)\">Hell and High Water</a>\"</li>\n<li>\"<a href=\"/wiki/Rain_Wizard\" title=\"Rain Wizard\">Rain Wizard</a>\"</li>\n<li>\"<a href=\"/wiki/Please_Come_In\" title=\"Please Come In\">Please Come In</a>\"</li>\n<li>\"<a href=\"/wiki/Soulcreek\" title=\"Soulcreek\">Soulcreek</a>\"</li>\n<li>\"<a href=\"/wiki/White_Trash_Millionaire\" title=\"White Trash Millionaire\">White Trash Millionaire</a>\"</li>\n<li>\"<a href=\"/wiki/Blame_It_on_the_Boom_Boom\" title=\"Blame It on the Boom Boom\">Blame It on the Boom Boom</a>\"</li>\n<li>\"<a href=\"/wiki/In_My_Blood_(Black_Stone_Cherry_song)\" title=\"In My Blood (Black Stone Cherry song)\">In My Blood</a>\"</li>\n<li>\"<a href=\"/wiki/Blue_Christmas_(song)\" title=\"Blue Christmas (song)\">Blue Christmas</a>\"</li>\n<li>\"<a href=\"/wiki/Again_(Black_Stone_Cherry_song)\" title=\"Again (Black Stone Cherry song)\">Again</a>\"</li>\n<li>\"<a href=\"/wiki/Give_Me_One_Reason\" title=\"Give Me One Reason\">Give Me One Reason</a>\"</li></ul>\n</div></td></tr><tr><th scope=\"row\" class=\"navbox-group\" style=\"width:1%\">Other songs</th><td class=\"navbox-list-with-group navbox-list navbox-odd\" style=\"width:100%;padding:0\"><div style=\"padding:0 0.25em\">\n<ul><li>\"<a href=\"/wiki/Stay_(Black_Stone_Cherry_song)\" title=\"Stay (Black Stone Cherry song)\">Stay</a>\"</li></ul>\n</div></td></tr><tr><th scope=\"row\" class=\"navbox-group\" style=\"width:1%\">Related</th><td class=\"navbox-list-with-group navbox-list navbox-even\" style=\"width:100%;padding:0\"><div style=\"padding:0 0.25em\">\n<ul><li><a href=\"/wiki/Black_Stone_Cherry_discography\" title=\"Black Stone Cherry discography\">Discography</a></li></ul>\n</div></td></tr></tbody></table></div>\n<div class=\"navbox-styles\"><link rel=\"mw-deduplicated-inline-style\" href=\"mw-data:TemplateStyles:r1129693374\" /><link rel=\"mw-deduplicated-inline-style\" href=\"mw-data:TemplateStyles:r1236075235\" /></div><div role=\"navigation\" class=\"navbox authority-control\" aria-labelledby=\"Authority_control_databases_frameless&amp;#124;text-top&amp;#124;10px&amp;#124;alt=Edit_this_at_Wikidata&amp;#124;link=https&amp;#58;//www.wikidata.org/wiki/Q880581#identifiers&amp;#124;class=noprint&amp;#124;Edit_this_at_Wikidata1069\" style=\"padding:3px\"><table class=\"nowraplinks hlist mw-collapsible autocollapse navbox-inner\" style=\"border-spacing:0;background:transparent;color:inherit\"><tbody><tr><th scope=\"col\" class=\"navbox-title\" colspan=\"2\"><div id=\"Authority_control_databases_frameless&amp;#124;text-top&amp;#124;10px&amp;#124;alt=Edit_this_at_Wikidata&amp;#124;link=https&amp;#58;//www.wikidata.org/wiki/Q880581#identifiers&amp;#124;class=noprint&amp;#124;Edit_this_at_Wikidata1069\" style=\"font-size:114%;margin:0 4em\"><a href=\"/wiki/Help:Authority_control\" title=\"Help:Authority control\">Authority control databases</a> <span class=\"mw-valign-text-top noprint\" typeof=\"mw:File/Frameless\"><a href=\"https://www.wikidata.org/wiki/Q880581#identifiers\" title=\"Edit this at Wikidata\"><img alt=\"Edit this at Wikidata\" src=\"//upload.wikimedia.org/wikipedia/en/thumb/8/8a/OOjs_UI_icon_edit-ltr-progressive.svg/20px-OOjs_UI_icon_edit-ltr-progressive.svg.png\" decoding=\"async\" width=\"10\" height=\"10\" class=\"mw-file-element\" data-file-width=\"20\" data-file-height=\"20\" /></a></span></div></th></tr><tr><th scope=\"row\" class=\"navbox-group\" style=\"width:1%\">International</th><td class=\"navbox-list-with-group navbox-list navbox-odd\" style=\"width:100%;padding:0\"><div style=\"padding:0 0.25em\"><ul><li><span class=\"uid\"><a rel=\"nofollow\" class=\"external text\" href=\"https://isni.org/isni/0000000121725404\">ISNI</a></span></li><li><span class=\"uid\"><a rel=\"nofollow\" class=\"external text\" href=\"https://viaf.org/viaf/142367995\">VIAF</a></span></li><li><span class=\"uid\"><a rel=\"nofollow\" class=\"external text\" href=\"https://d-nb.info/gnd/16044516-4\">GND</a></span></li></ul></div></td></tr><tr><th scope=\"row\" class=\"navbox-group\" style=\"width:1%\">National</th><td class=\"navbox-list-with-group navbox-list navbox-even\" style=\"width:100%;padding:0\"><div style=\"padding:0 0.25em\"><ul><li><span class=\"uid\"><a rel=\"nofollow\" class=\"external text\" href=\"https://id.loc.gov/authorities/no2008125511\">United States</a></span></li><li><span class=\"uid\"><a rel=\"nofollow\" class=\"external text\" href=\"https://catalogue.bnf.fr/ark:/12148/cb15882356t\">France</a></span></li><li><span class=\"uid\"><a rel=\"nofollow\" class=\"external text\" href=\"https://data.bnf.fr/ark:/12148/cb15882356t\">BnF data</a></span></li><li><span class=\"uid\"><a rel=\"nofollow\" class=\"external text\" href=\"https://authority.bibsys.no/authority/rest/authorities/html/9004263\">Norway</a></span></li></ul></div></td></tr><tr><th scope=\"row\" class=\"navbox-group\" style=\"width:1%\">Artists</th><td class=\"navbox-list-with-group navbox-list navbox-odd\" style=\"width:100%;padding:0\"><div style=\"padding:0 0.25em\"><ul><li><span class=\"uid\"><a rel=\"nofollow\" class=\"external text\" href=\"https://musicbrainz.org/artist/1801bd47-46ae-49ff-bfcd-6e01b562d880\">MusicBrainz</a></span></li></ul></div></td></tr></tbody></table></div>\n<!-- \nNewPP limit report\nParsed by mw‐web.codfw.main‐9c75744‐c66gs\nCached time: 20250928050323\nCache expiry: 2592000\nReduced expiry: false\nComplications: [vary‐revision‐sha1, show‐toc]\nCPU time usage: 0.694 seconds\nReal time usage: 1.017 seconds\nPreprocessor visited node count: 2719/1000000\nRevision size: 19862/2097152 bytes\nPost‐expand include size: 79583/2097152 bytes\nTemplate argument size: 3672/2097152 bytes\nHighest expansion depth: 14/100\nExpensive parser function count: 3/500\nUnstrip recursion depth: 1/20\nUnstrip post‐expand size: 121113/5000000 bytes\nLua time usage: 0.437/10.000 seconds\nLua memory usage: 6817772/52428800 bytes\nNumber of Wikibase entities loaded: 1/500\n-->\n<!--\nTransclusion expansion time report (%,ms,calls,template)\n100.00%  909.265      1 -total\n 30.62%  278.403      1 Template:Reflist\n 26.20%  238.184     28 Template:Cite_web\n 17.76%  161.518      1 Template:Main\n 14.90%  135.458      2 Template:Infobox\n 13.57%  123.427      1 Template:Infobox_musical_artist\n  9.81%   89.219      1 Template:Short_description\n  9.33%   84.817      1 Template:Commons_category\n  8.56%   77.802      1 Template:Sister_project\n  8.38%   76.172      1 Template:Black_Stone_Cherry\n-->\n\n<!-- Saved in parser cache with key enwiki:pcache:5105575:|#|:idhash:canonical and timestamp 20250928050323 and revision id 1306228221. Rendering was triggered because: page_view\n -->\n</div>"
        }
    }
}