{
    "parse": {
        "title": "Cinderella (band)",
        "pageid": 658825,
        "text": {
            "*": "<div class=\"mw-content-ltr mw-parser-output\" lang=\"en\" dir=\"ltr\"><div class=\"shortdescription nomobile noexcerpt noprint searchaux\" style=\"display:none\">American rock band</div>\n<style data-mw-deduplicate=\"TemplateStyles:r1236090951\">.mw-parser-output .hatnote{font-style:italic}.mw-parser-output div.hatnote{padding-left:1.6em;margin-bottom:0.5em}.mw-parser-output .hatnote i{font-style:normal}.mw-parser-output .hatnote+link+.hatnote{margin-top:-0.5em}@media print{body.ns-0 .mw-parser-output .hatnote{display:none!important}}</style><div role=\"note\" class=\"hatnote navigation-not-searchable\">For the Filipino band, see <a href=\"/wiki/Cinderella_(Filipino_band)\" title=\"Cinderella (Filipino band)\">Cinderella (Filipino band)</a>.</div>\n<p class=\"mw-empty-elt\">\n\n</p>\n<style data-mw-deduplicate=\"TemplateStyles:r1126788409\">.mw-parser-output .plainlist ol,.mw-parser-output .plainlist ul{line-height:inherit;list-style:none;margin:0;padding:0}.mw-parser-output .plainlist ol li,.mw-parser-output .plainlist ul li{margin-bottom:0}</style><style data-mw-deduplicate=\"TemplateStyles:r1295905060\">.mw-parser-output .infobox-subbox{padding:0;border:none;margin:-3px;width:auto;min-width:100%;font-size:100%;clear:none;float:none;background-color:transparent}.mw-parser-output .infobox-3cols-child{margin:auto}.mw-parser-output .infobox .navbar{font-size:100%}@media screen{html.skin-theme-clientpref-night .mw-parser-output .infobox-full-data:not(.notheme)>div:not(.notheme)[style]{background:#1f1f23!important;color:#f8f9fa}}@media screen and (prefers-color-scheme:dark){html.skin-theme-clientpref-os .mw-parser-output .infobox-full-data:not(.notheme)>div:not(.notheme)[style]{background:#1f1f23!important;color:#f8f9fa}}@media(min-width:640px){body.skin--responsive .mw-parser-output .infobox-table{display:table!important}body.skin--responsive .mw-parser-output .infobox-table>caption{display:table-caption!important}body.skin--responsive .mw-parser-output .infobox-table>tbody{display:table-row-group}body.skin--responsive .mw-parser-output .infobox-table th,body.skin--responsive .mw-parser-output .infobox-table td{padding-left:inherit;padding-right:inherit}}</style><table class=\"infobox vcard plainlist\"><tbody><tr><th colspan=\"2\" class=\"infobox-above\" style=\"color: #202122;background-color: #b0c4de; font-size: 125%;\"><div class=\"\">Cinderella</div></th></tr><tr><td colspan=\"2\" class=\"infobox-image\"><span typeof=\"mw:File\"><a href=\"/wiki/File:Cinderella_@_Nosturi,_2011-06-21_(5859170537).jpg\" class=\"mw-file-description\" title=\"Cinderella performing in 2011\"><img alt=\"Cinderella performing in 2011\" src=\"//upload.wikimedia.org/wikipedia/commons/thumb/4/4d/Cinderella_%40_Nosturi%2C_2011-06-21_%285859170537%29.jpg/330px-Cinderella_%40_Nosturi%2C_2011-06-21_%285859170537%29.jpg\" decoding=\"async\" width=\"267\" height=\"200\" class=\"mw-file-element\" srcset=\"//upload.wikimedia.org/wikipedia/commons/thumb/4/4d/Cinderella_%40_Nosturi%2C_2011-06-21_%285859170537%29.jpg/500px-Cinderella_%40_Nosturi%2C_2011-06-21_%285859170537%29.jpg 1.5x, //upload.wikimedia.org/wikipedia/commons/thumb/4/4d/Cinderella_%40_Nosturi%2C_2011-06-21_%285859170537%29.jpg/960px-Cinderella_%40_Nosturi%2C_2011-06-21_%285859170537%29.jpg 2x\" data-file-width=\"1600\" data-file-height=\"1200\" /></a></span><div class=\"infobox-caption\">Cinderella performing in 2011</div></td></tr><tr><th colspan=\"2\" class=\"infobox-header\" style=\"color: #202122;background-color: #b0c4de\">Background information</th></tr><tr><th scope=\"row\" class=\"infobox-label\">Origin</th><td class=\"infobox-data\"><a href=\"/wiki/Clifton_Heights,_Pennsylvania\" title=\"Clifton Heights, Pennsylvania\">Clifton Heights, Pennsylvania</a>, U.S.</td></tr><tr><th scope=\"row\" class=\"infobox-label\">Genres</th><td class=\"infobox-data\"><style data-mw-deduplicate=\"TemplateStyles:r1129693374\">.mw-parser-output .hlist dl,.mw-parser-output .hlist ol,.mw-parser-output .hlist ul{margin:0;padding:0}.mw-parser-output .hlist dd,.mw-parser-output .hlist dt,.mw-parser-output .hlist li{margin:0;display:inline}.mw-parser-output .hlist.inline,.mw-parser-output .hlist.inline dl,.mw-parser-output .hlist.inline ol,.mw-parser-output .hlist.inline ul,.mw-parser-output .hlist dl dl,.mw-parser-output .hlist dl ol,.mw-parser-output .hlist dl ul,.mw-parser-output .hlist ol dl,.mw-parser-output .hlist ol ol,.mw-parser-output .hlist ol ul,.mw-parser-output .hlist ul dl,.mw-parser-output .hlist ul ol,.mw-parser-output .hlist ul ul{display:inline}.mw-parser-output .hlist .mw-empty-li{display:none}.mw-parser-output .hlist dt::after{content:\": \"}.mw-parser-output .hlist dd::after,.mw-parser-output .hlist li::after{content:\" · \";font-weight:bold}.mw-parser-output .hlist dd:last-child::after,.mw-parser-output .hlist dt:last-child::after,.mw-parser-output .hlist li:last-child::after{content:none}.mw-parser-output .hlist dd dd:first-child::before,.mw-parser-output .hlist dd dt:first-child::before,.mw-parser-output .hlist dd li:first-child::before,.mw-parser-output .hlist dt dd:first-child::before,.mw-parser-output .hlist dt dt:first-child::before,.mw-parser-output .hlist dt li:first-child::before,.mw-parser-output .hlist li dd:first-child::before,.mw-parser-output .hlist li dt:first-child::before,.mw-parser-output .hlist li li:first-child::before{content:\" (\";font-weight:normal}.mw-parser-output .hlist dd dd:last-child::after,.mw-parser-output .hlist dd dt:last-child::after,.mw-parser-output .hlist dd li:last-child::after,.mw-parser-output .hlist dt dd:last-child::after,.mw-parser-output .hlist dt dt:last-child::after,.mw-parser-output .hlist dt li:last-child::after,.mw-parser-output .hlist li dd:last-child::after,.mw-parser-output .hlist li dt:last-child::after,.mw-parser-output .hlist li li:last-child::after{content:\")\";font-weight:normal}.mw-parser-output .hlist ol{counter-reset:listitem}.mw-parser-output .hlist ol>li{counter-increment:listitem}.mw-parser-output .hlist ol>li::before{content:\" \"counter(listitem)\"\\a0 \"}.mw-parser-output .hlist dd ol>li:first-child::before,.mw-parser-output .hlist dt ol>li:first-child::before,.mw-parser-output .hlist li ol>li:first-child::before{content:\" (\"counter(listitem)\"\\a0 \"}</style><div class=\"hlist\">\n<ul><li><a href=\"/wiki/Glam_metal\" title=\"Glam metal\">Glam metal</a></li>\n<li><a href=\"/wiki/Hard_rock\" title=\"Hard rock\">hard rock</a></li>\n<li><span class=\"nowrap\"><a href=\"/wiki/Blues_rock\" title=\"Blues rock\">blues rock</a></span></li></ul>\n</div></td></tr><tr><th scope=\"row\" class=\"infobox-label\">Works</th><td class=\"infobox-data\"><a href=\"/wiki/Cinderella_discography\" title=\"Cinderella discography\">Discography</a></td></tr><tr><th scope=\"row\" class=\"infobox-label\"><span class=\"nowrap\">Years active</span></th><td class=\"infobox-data\">1983–2014</td></tr><tr><th scope=\"row\" class=\"infobox-label\">Labels</th><td class=\"infobox-data\"><link rel=\"mw-deduplicated-inline-style\" href=\"mw-data:TemplateStyles:r1129693374\" /><div class=\"hlist\">\n<ul><li><a href=\"/wiki/Mercury_Records\" title=\"Mercury Records\">Mercury</a></li>\n<li><a href=\"/wiki/Deadline_Music_Records\" class=\"mw-redirect\" title=\"Deadline Music Records\">Deadline</a></li>\n<li><a href=\"/wiki/Cleopatra_Records\" title=\"Cleopatra Records\">Cleopatra</a></li></ul>\n</div></td></tr><tr><th scope=\"row\" class=\"infobox-label\">Spinoffs</th><td class=\"infobox-data\"><a href=\"/wiki/Britny_Fox\" title=\"Britny Fox\">Britny Fox</a></td></tr><tr><th colspan=\"2\" class=\"infobox-header\" style=\"color: #202122;background-color: #b0c4de\"></th></tr><tr><th scope=\"row\" class=\"infobox-label\"><span class=\"nowrap\">Past members</span></th><td class=\"infobox-data\">\n<ul><li><a href=\"/wiki/Tom_Keifer\" title=\"Tom Keifer\">Tom Keifer</a></li>\n<li><a href=\"/wiki/Eric_Brittingham\" title=\"Eric Brittingham\">Eric Brittingham</a></li>\n<li><a href=\"/wiki/Michael_Schermick\" title=\"Michael Schermick\">Michael Schermick</a></li>\n<li><a href=\"/wiki/Tony_Destra\" title=\"Tony Destra\">Tony Destra</a></li>\n<li><a href=\"/wiki/Jeff_LaBar\" title=\"Jeff LaBar\">Jeff LaBar</a></li>\n<li><a href=\"/wiki/Jim_Drnec\" title=\"Jim Drnec\">Jim Drnec</a></li>\n<li>Phillip Calfy</li>\n<li>Albie \"Al\" Barker</li>\n<li><a href=\"/wiki/Fred_Coury\" title=\"Fred Coury\">Fred Coury</a></li>\n<li>Kevin Conway</li>\n<li><a href=\"/wiki/Kevin_Valentine\" title=\"Kevin Valentine\">Kevin Valentine</a></li>\n<li><a href=\"/wiki/Kenny_Aronoff\" title=\"Kenny Aronoff\">Kenny Aronoff</a></li>\n<li>Ray Brinker</li>\n<li>John Lafferty</li></ul>\n</td></tr><tr><th colspan=\"2\" class=\"infobox-header\" style=\"color: #202122;background-color: #b0c4de\"></th></tr><tr><th scope=\"row\" class=\"infobox-label\">Website</th><td class=\"infobox-data\"><span class=\"url\"><a rel=\"nofollow\" class=\"external text\" href=\"http://cinderella.net\">cinderella<wbr />.net</a></span></td></tr></tbody></table>\n<p><b>Cinderella</b> was an American <a href=\"/wiki/Rock_music\" title=\"Rock music\">rock</a> band formed in the suburbs of <a href=\"/wiki/Philadelphia\" title=\"Philadelphia\">Philadelphia</a> in 1983. The band emerged in the mid-1980s with a series of <a href=\"/wiki/Multi-platinum\" class=\"mw-redirect\" title=\"Multi-platinum\">multi-platinum</a> studio albums and hit singles whose music videos received heavy <a href=\"/wiki/MTV\" title=\"MTV\">MTV</a> rotation and popularity. Cinderella initially had a <a href=\"/wiki/Glam_metal\" title=\"Glam metal\">glam metal</a> sound throughout the late 1980s before shifting into a more <a href=\"/wiki/Blues_rock\" title=\"Blues rock\">blues rock</a>-based sound during the early to mid 1990s.<sup id=\"cite_ref-1\" class=\"reference\"><a href=\"#cite_note-1\"><span class=\"cite-bracket\">&#91;</span>1<span class=\"cite-bracket\">&#93;</span></a></sup><sup id=\"cite_ref-2\" class=\"reference\"><a href=\"#cite_note-2\"><span class=\"cite-bracket\">&#91;</span>2<span class=\"cite-bracket\">&#93;</span></a></sup>\n</p><p>By the mid-1990s, the band's fame declined precipitously due to personal setbacks, breakups, and changes in the American music industry. After a brief hiatus, Cinderella reunited in 1996 and continued to perform live,<sup id=\"cite_ref-Cindallmusic_3-0\" class=\"reference\"><a href=\"#cite_note-Cindallmusic-3\"><span class=\"cite-bracket\">&#91;</span>3<span class=\"cite-bracket\">&#93;</span></a></sup> but never released any studio material after their 1994 album <i><a href=\"/wiki/Still_Climbing_(Cinderella_album)\" title=\"Still Climbing (Cinderella album)\">Still Climbing</a></i>. The band has sold 15 million records worldwide, according to band member <a href=\"/wiki/Tom_Keifer\" title=\"Tom Keifer\">Tom Keifer</a>'s official website. After participating in the 2014 Monsters of Rock Cruise, Cinderella again became inactive. In November 2017, Keifer stated that the band has no plans to reform in the future.<sup id=\"cite_ref-no_reunion_4-0\" class=\"reference\"><a href=\"#cite_note-no_reunion-4\"><span class=\"cite-bracket\">&#91;</span>4<span class=\"cite-bracket\">&#93;</span></a></sup>\n</p>\n\n<div class=\"mw-heading mw-heading2\"><h2 id=\"History\">History</h2></div>\n<div class=\"mw-heading mw-heading3\"><h3 id=\"Early_days_(1983–1985)\"><span id=\"Early_days_.281983.E2.80.931985.29\"></span>Early days (1983–1985)</h3></div>\n<p>Cinderella was formed in 1983 in <a href=\"/wiki/Clifton_Heights,_Pennsylvania\" title=\"Clifton Heights, Pennsylvania\">Clifton Heights, Pennsylvania</a>, a <a href=\"/wiki/Philadelphia\" title=\"Philadelphia\">Philadelphia</a> suburb, by singer-songwriter, keyboardist, and guitarist <a href=\"/wiki/Tom_Keifer\" title=\"Tom Keifer\">Tom Keifer</a> and bassist <a href=\"/wiki/Eric_Brittingham\" title=\"Eric Brittingham\">Eric Brittingham</a>.<sup id=\"cite_ref-5\" class=\"reference\"><a href=\"#cite_note-5\"><span class=\"cite-bracket\">&#91;</span>5<span class=\"cite-bracket\">&#93;</span></a></sup><sup id=\"cite_ref-Back_from_Ashes_6-0\" class=\"reference\"><a href=\"#cite_note-Back_from_Ashes-6\"><span class=\"cite-bracket\">&#91;</span>6<span class=\"cite-bracket\">&#93;</span></a></sup><sup id=\"cite_ref-Encl_Heavy_Metal_p52_7-0\" class=\"reference\"><a href=\"#cite_note-Encl_Heavy_Metal_p52-7\"><span class=\"cite-bracket\">&#91;</span>7<span class=\"cite-bracket\">&#93;</span></a></sup> The initial lineup also included guitarist <a href=\"/wiki/Michael_Schermick\" title=\"Michael Schermick\">Michael Schermick</a> and drummer <a href=\"/wiki/Tony_Destra\" title=\"Tony Destra\">Tony Destra</a>.\n</p><p>In 1985, Shermick and Destra left to form <a href=\"/wiki/Britny_Fox\" title=\"Britny Fox\">Britny Fox</a>, another Philadelphia-based <a href=\"/wiki/Glam_metal\" title=\"Glam metal\">glam metal</a> band. Cinderella practiced in the attic of the American Legion building in <a href=\"/wiki/Wayne,_Pennsylvania\" title=\"Wayne, Pennsylvania\">Wayne, Pennsylvania</a>.<sup id=\"cite_ref-8\" class=\"reference\"><a href=\"#cite_note-8\"><span class=\"cite-bracket\">&#91;</span>8<span class=\"cite-bracket\">&#93;</span></a></sup> In a 2014 interview, Tom Keifer stated that <a href=\"/wiki/Kiss_(band)\" title=\"Kiss (band)\">Kiss</a> bass guitarist <a href=\"/wiki/Gene_Simmons\" title=\"Gene Simmons\">Gene Simmons</a> first took interest in the band and tried to get them a deal with <a href=\"/wiki/PolyGram\" title=\"PolyGram\">PolyGram</a>, but they were not interested. <a href=\"/wiki/Jon_Bon_Jovi\" title=\"Jon Bon Jovi\">Jon Bon Jovi</a> saw them perform at the <a href=\"/wiki/Empire_Rock_Club\" title=\"Empire Rock Club\">Empire Rock Club</a> in Philadelphia and talked to his A&amp;R man, <a href=\"/wiki/Derek_Shulman\" title=\"Derek Shulman\">Derek Shulman</a> about seeing the group. Shulman was not convinced at first either, and wanted to sign the band to a six-month development deal. After extensive negotiations, he finally signed the band.<sup id=\"cite_ref-9\" class=\"reference\"><a href=\"#cite_note-9\"><span class=\"cite-bracket\">&#91;</span>9<span class=\"cite-bracket\">&#93;</span></a></sup><sup id=\"cite_ref-10\" class=\"reference\"><a href=\"#cite_note-10\"><span class=\"cite-bracket\">&#91;</span>10<span class=\"cite-bracket\">&#93;</span></a></sup> In 1985, with a recording contract with Mercury/Polygram Records in the works, guitarist <a href=\"/wiki/Jeff_LaBar\" title=\"Jeff LaBar\">Jeff LaBar</a> and drummer <a href=\"/wiki/Jim_Drnec\" title=\"Jim Drnec\">Jim Drnec</a> joined the band.<sup class=\"noprint Inline-Template Template-Fact\" style=\"white-space:nowrap;\">&#91;<i><a href=\"/wiki/Wikipedia:Citation_needed\" title=\"Wikipedia:Citation needed\"><span title=\"This claim needs references to reliable sources. (February 2019)\">citation needed</span></a></i>&#93;</sup>\n</p>\n<div class=\"mw-heading mw-heading3\"><h3 id=\"Night_Songs_and_Long_Cold_Winter_(1986–1989)\"><span id=\"Night_Songs_and_Long_Cold_Winter_.281986.E2.80.931989.29\"></span><i>Night Songs</i> and <i>Long Cold Winter</i> (1986–1989)</h3></div>\n<p>During the recording of the band's debut album, <i><a href=\"/wiki/Night_Songs_(Cinderella_album)\" title=\"Night Songs (Cinderella album)\">Night Songs</a></i>, studio session drummer <a href=\"/wiki/Jody_Cortez\" title=\"Jody Cortez\">Jody Cortez</a> and lead guitarist/songwriter Barry Benedetta were brought in to help with the recording.<sup id=\"cite_ref-11\" class=\"reference\"><a href=\"#cite_note-11\"><span class=\"cite-bracket\">&#91;</span>11<span class=\"cite-bracket\">&#93;</span></a></sup> After the recording was completed, Drnec was replaced by Gloucester City, New Jersey, drummer Albie \"Al\" Barker, who just missed making the album's cover and the band's album lineup. Fred Coury joined the band and was in all MTV music videos and played in the upcoming tours.<sup id=\"cite_ref-Encl_Heavy_Metal_p52_7-1\" class=\"reference\"><a href=\"#cite_note-Encl_Heavy_Metal_p52-7\"><span class=\"cite-bracket\">&#91;</span>7<span class=\"cite-bracket\">&#93;</span></a></sup> <i>Night Songs</i> was released on August 2, 1986, and eventually achieved triple <a href=\"/wiki/Music_recording_sales_certification\" class=\"mw-redirect\" title=\"Music recording sales certification\">platinum</a> status, selling 50,000 copies per week at one point. The <a href=\"/wiki/Heavy_metal_music\" title=\"Heavy metal music\">heavy metal</a> album reached No.&#160;3 on the <a href=\"/wiki/Billboard_200\" title=\"Billboard 200\">Billboard</a> charts<sup id=\"cite_ref-Back_from_Ashes_6-1\" class=\"reference\"><a href=\"#cite_note-Back_from_Ashes-6\"><span class=\"cite-bracket\">&#91;</span>6<span class=\"cite-bracket\">&#93;</span></a></sup> in February 1987.  By the end of 1987, the band released a video compilation called \"Night Songs\" to accompany the album, featuring the promotional videos from the album plus three live songs recorded on their 1986 tour.<sup id=\"cite_ref-12\" class=\"reference\"><a href=\"#cite_note-12\"><span class=\"cite-bracket\">&#91;</span>12<span class=\"cite-bracket\">&#93;</span></a></sup>\n</p><p>Cinderella's first tour was in 1986 with glam metal rockers <a href=\"/wiki/Poison_(American_band)\" class=\"mw-redirect\" title=\"Poison (American band)\">Poison</a>, opening for Japanese heavy metal band <a href=\"/wiki/Loudness_(band)\" title=\"Loudness (band)\">Loudness</a>. Further tours into 1987 were spent playing to large arena audiences: five months opening for former <a href=\"/wiki/Van_Halen\" title=\"Van Halen\">Van Halen</a> lead singer <a href=\"/wiki/David_Lee_Roth\" title=\"David Lee Roth\">David Lee Roth</a>, and seven months with <a href=\"/wiki/Bon_Jovi\" title=\"Bon Jovi\">Bon Jovi</a>, taking the opening slot for their <a href=\"/wiki/Slippery_When_Wet_Tour\" title=\"Slippery When Wet Tour\">Slippery When Wet Tour</a>. Later that year, the band went overseas, appearing in Japan, <a href=\"/wiki/Scandinavia\" title=\"Scandinavia\">Scandinavia</a>, and at the <a href=\"/wiki/Monsters_of_Rock\" title=\"Monsters of Rock\">Monsters of Rock</a> festivals in United Kingdom and Germany.<sup class=\"noprint Inline-Template Template-Fact\" style=\"white-space:nowrap;\">&#91;<i><a href=\"/wiki/Wikipedia:Citation_needed\" title=\"Wikipedia:Citation needed\"><span title=\"This claim needs references to reliable sources. (February 2019)\">citation needed</span></a></i>&#93;</sup>\n</p><p>Cinderella's second album, <i><a href=\"/wiki/Long_Cold_Winter\" title=\"Long Cold Winter\">Long Cold Winter</a></i>, was released in 1988. The new album signified a shift towards a <a href=\"/wiki/Blues_rock\" title=\"Blues rock\">blues rock</a> sound, though it could still be described as glam metal. A 254-show tour to support the album lasted over 14 months, and in August 1989, the band performed at the <a href=\"/wiki/Moscow_Music_Peace_Festival\" title=\"Moscow Music Peace Festival\">Moscow Music Peace Festival</a> alongside other metal acts, such as <a href=\"/wiki/Ozzy_Osbourne\" title=\"Ozzy Osbourne\">Ozzy Osbourne</a>, the <a href=\"/wiki/Scorpions_(band)\" title=\"Scorpions (band)\">Scorpions</a>, <a href=\"/wiki/M%C3%B6tley_Cr%C3%BCe\" title=\"Mötley Crüe\">Mötley Crüe</a>, <a href=\"/wiki/Bon_Jovi\" title=\"Bon Jovi\">Bon Jovi</a>, and <a href=\"/wiki/Skid_Row_(American_band)\" title=\"Skid Row (American band)\">Skid Row</a>. The tour's stage show included Tom Keifer being lowered to the stage while playing a white piano during their radio hit \"<a href=\"/wiki/Don%27t_Know_What_You_Got_(Till_It%27s_Gone)\" title=\"Don&#39;t Know What You Got (Till It&#39;s Gone)\">Don't Know What You Got (Till It's Gone)</a>\". On April 17, 1990, the band released a video compilation called <i>Tales from the Gypsy Road</i> featuring four promo videos from <i>Long Cold Winter</i> plus two live medleys, the second of which contained a cover of <a href=\"/wiki/Lynyrd_Skynyrd\" title=\"Lynyrd Skynyrd\">Lynyrd Skynyrd</a>'s famous \"<a href=\"/wiki/Sweet_Home_Alabama\" title=\"Sweet Home Alabama\">Sweet Home Alabama</a>\".<sup id=\"cite_ref-13\" class=\"reference\"><a href=\"#cite_note-13\"><span class=\"cite-bracket\">&#91;</span>13<span class=\"cite-bracket\">&#93;</span></a></sup>\n</p>\n<div class=\"mw-heading mw-heading3\"><h3 id=\"Heartbreak_Station,_Still_Climbing_and_hiatus_(1990–1995)\"><span id=\"Heartbreak_Station.2C_Still_Climbing_and_hiatus_.281990.E2.80.931995.29\"></span><i>Heartbreak Station</i>, <i>Still Climbing</i> and hiatus (1990–1995)</h3></div>\n<p>Cinderella's third album, <i><a href=\"/wiki/Heartbreak_Station\" title=\"Heartbreak Station\">Heartbreak Station</a></i>, was released in 1990. It featured more songs influenced by Keifer's love of the <a href=\"/wiki/Blues\" title=\"Blues\">blues</a>. Following the accompanying tour, Fred Coury left the band and joined former <a href=\"/wiki/Ratt\" title=\"Ratt\">Ratt</a> vocalist <a href=\"/wiki/Stephen_Pearcy\" title=\"Stephen Pearcy\">Stephen Pearcy</a> in the band <a href=\"/wiki/Arcade_(band)\" title=\"Arcade (band)\">Arcade</a>.<sup id=\"cite_ref-14\" class=\"reference\"><a href=\"#cite_note-14\"><span class=\"cite-bracket\">&#91;</span>14<span class=\"cite-bracket\">&#93;</span></a></sup> The song \"Hot and Bothered\" was featured in the movie <i><a href=\"/wiki/Wayne%27s_World_(film)\" title=\"Wayne&#39;s World (film)\">Wayne's World</a></i> and its subsequent <a href=\"/wiki/Music_from_the_Motion_Picture_Wayne%27s_World\" class=\"mw-redirect\" title=\"Music from the Motion Picture Wayne&#39;s World\">soundtrack</a>.<sup id=\"cite_ref-15\" class=\"reference\"><a href=\"#cite_note-15\"><span class=\"cite-bracket\">&#91;</span>15<span class=\"cite-bracket\">&#93;</span></a></sup>\n</p><p>In 1991, Keifer lost his voice due to a <a href=\"/wiki/Paresis\" title=\"Paresis\">paresis</a> of his <a href=\"/wiki/Vocal_folds\" class=\"mw-redirect\" title=\"Vocal folds\">vocal cords</a>. He underwent several surgeries to repair a vocal cyst and hemorrhage.<sup id=\"cite_ref-16\" class=\"reference\"><a href=\"#cite_note-16\"><span class=\"cite-bracket\">&#91;</span>16<span class=\"cite-bracket\">&#93;</span></a></sup> This added to delays in the recording of the band's fourth album, <i><a href=\"/wiki/Still_Climbing_(Cinderella_album)\" title=\"Still Climbing (Cinderella album)\">Still Climbing</a></i>. It was finally released in 1994 with <a href=\"/wiki/Kenny_Aronoff\" title=\"Kenny Aronoff\">Kenny Aronoff</a> on drums, but the album quickly disappeared from the charts. <a href=\"/wiki/Mercury_Records\" title=\"Mercury Records\">Mercury Records</a> consequently dropped the band which went on hiatus in 1995.<sup id=\"cite_ref-Cindallmusic_3-1\" class=\"reference\"><a href=\"#cite_note-Cindallmusic-3\"><span class=\"cite-bracket\">&#91;</span>3<span class=\"cite-bracket\">&#93;</span></a></sup>\n</p>\n<div class=\"mw-heading mw-heading3\"><h3 id=\"Reunion_(1996–2009)\"><span id=\"Reunion_.281996.E2.80.932009.29\"></span>Reunion (1996–2009)</h3></div>\n<figure class=\"mw-default-size mw-halign-left\" typeof=\"mw:File/Thumb\"><a href=\"/wiki/File:Cinderella3.JPG\" class=\"mw-file-description\"><img src=\"//upload.wikimedia.org/wikipedia/commons/thumb/2/2c/Cinderella3.JPG/250px-Cinderella3.JPG\" decoding=\"async\" width=\"250\" height=\"187\" class=\"mw-file-element\" srcset=\"//upload.wikimedia.org/wikipedia/commons/thumb/2/2c/Cinderella3.JPG/500px-Cinderella3.JPG 1.5x\" data-file-width=\"922\" data-file-height=\"691\" /></a><figcaption>Cinderella live in 2006.<br />L-R: <a href=\"/wiki/Gary_Corbett\" title=\"Gary Corbett\">Gary Corbett</a>, <a href=\"/wiki/Jeff_LaBar\" title=\"Jeff LaBar\">Jeff LaBar</a>, Fred Coury, <a href=\"/wiki/Tom_Keifer\" title=\"Tom Keifer\">Tom Keifer</a>.</figcaption></figure>\n<p>Cinderella resumed activity in 1996, and a year later, <a href=\"/wiki/Mercury_Records\" title=\"Mercury Records\">Mercury Records</a> released a greatest hits compilation titled <i><a href=\"/wiki/Once_Upon_A...\" class=\"mw-redirect\" title=\"Once Upon A...\">Once Upon A...</a></i> and a video compilation containing all the bands promo videos from the first three albums. The group toured the United States in 1998, with one concert stop captured on the live album <i><a href=\"/wiki/Live_at_the_Key_Club_(Cinderella_album)\" class=\"mw-redirect\" title=\"Live at the Key Club (Cinderella album)\">Live at the Key Club</a></i>, which was released in 1999 through <a href=\"/wiki/Cleopatra_Records\" title=\"Cleopatra Records\">Cleopatra Records</a>.<sup id=\"cite_ref-17\" class=\"reference\"><a href=\"#cite_note-17\"><span class=\"cite-bracket\">&#91;</span>17<span class=\"cite-bracket\">&#93;</span></a></sup>\n</p><p>Around 1999, the band was signed by <a href=\"/wiki/John_Kalodner\" title=\"John Kalodner\">John Kalodner</a> to <a href=\"/wiki/Sony_Records\" title=\"Sony Records\">Sony Records</a>. However, the band was dropped by the label before a new album could be released, plunging the band into three years of litigation.<sup id=\"cite_ref-18\" class=\"reference\"><a href=\"#cite_note-18\"><span class=\"cite-bracket\">&#91;</span>18<span class=\"cite-bracket\">&#93;</span></a></sup> Cinderella toured again in 2000 and 2002.<sup class=\"noprint Inline-Template Template-Fact\" style=\"white-space:nowrap;\">&#91;<i><a href=\"/wiki/Wikipedia:Citation_needed\" title=\"Wikipedia:Citation needed\"><span title=\"This claim needs references to reliable sources. (February 2019)\">citation needed</span></a></i>&#93;</sup>\n</p><p>Cinderella headlined the <a href=\"/wiki/VH1_Classic\" class=\"mw-redirect\" title=\"VH1 Classic\">VH1 Classic</a> <a href=\"/wiki/Rock_Never_Stops_Tour\" title=\"Rock Never Stops Tour\">Rock Never Stops Tour</a> in the summer of 2005. Also in 2005, Cinderella toured with <a href=\"/wiki/FireHouse_(band)\" class=\"mw-redirect\" title=\"FireHouse (band)\">FireHouse</a>, <a href=\"/wiki/RATT\" class=\"mw-redirect\" title=\"RATT\">RATT</a>, and <a href=\"/wiki/Quiet_Riot\" title=\"Quiet Riot\">Quiet Riot</a>.  <a href=\"/wiki/Mercury_Records\" title=\"Mercury Records\">Mercury Records</a> released the compilation <i><a href=\"/wiki/Rocked,_Wired_%26_Bluesed:_The_Greatest_Hits\" title=\"Rocked, Wired &amp; Bluesed: The Greatest Hits\">Rocked, Wired &amp; Bluesed: The Greatest Hits</a></i> on CD and DVD.<sup id=\"cite_ref-19\" class=\"reference\"><a href=\"#cite_note-19\"><span class=\"cite-bracket\">&#91;</span>19<span class=\"cite-bracket\">&#93;</span></a></sup>\n</p><p>In 2006, Cinderella toured with Poison.  Both bands celebrated the 20th anniversary of their debut albums, <i><a href=\"/wiki/Night_Songs_(Cinderella_album)\" title=\"Night Songs (Cinderella album)\">Night Songs</a></i> and <i><a href=\"/wiki/Look_What_the_Cat_Dragged_In_(album)\" class=\"mw-redirect\" title=\"Look What the Cat Dragged In (album)\">Look What the Cat Dragged In</a></i>. Cinderella planned to tour in 2008 with <a href=\"/wiki/Warrant_(American_band)\" title=\"Warrant (American band)\">Warrant</a>, <a href=\"/wiki/Lynch_Mob_(band)\" title=\"Lynch Mob (band)\">Lynch Mob</a>, and <a href=\"/wiki/Lynam_(band)\" title=\"Lynam (band)\">Lynam</a>, but on June 13 that year, Tim Heyne, the band's manager, said in a press release: \"It is with unbelievably deep regret that I must announce that Cinderella's Tom Keifer's left <a href=\"/wiki/Vocal_cord\" class=\"mw-redirect\" title=\"Vocal cord\">vocal cord</a> has hemorrhaged, thereby making it impossible for him to sing in the immediate future.\" LaBar was interviewed by <i>Ultimate-Guitar</i> and stated that Cinderella would love to make a new record but there were obstacles holding the group back. They still were not signed to a record label after Sony dropped the band in 2000. LaBar also stated that he is busy with his new band, Freakshow, which features Frankie Banali of Quiet Riot, and Eric is busy with Naked Beggars.  A message posted to the Cinderella message board in spring 2009 stated that Keifer's voice had returned to normal. Promoters from the 2009 Rock Gone Wild Festival confirmed that the band was scheduled to perform, but the festival was canceled.<sup id=\"cite_ref-20\" class=\"reference\"><a href=\"#cite_note-20\"><span class=\"cite-bracket\">&#91;</span>20<span class=\"cite-bracket\">&#93;</span></a></sup>\n</p>\n<div class=\"mw-heading mw-heading3\"><h3 id=\"More_touring_and_final_performances_(2010–2014)\"><span id=\"More_touring_and_final_performances_.282010.E2.80.932014.29\"></span>More touring and final performances (2010–2014)</h3></div>\n<figure class=\"mw-default-size\" typeof=\"mw:File/Thumb\"><a href=\"/wiki/File:Cinderella_Jeff_and_Tom.jpg\" class=\"mw-file-description\"><img src=\"//upload.wikimedia.org/wikipedia/commons/thumb/e/ec/Cinderella_Jeff_and_Tom.jpg/250px-Cinderella_Jeff_and_Tom.jpg\" decoding=\"async\" width=\"250\" height=\"333\" class=\"mw-file-element\" srcset=\"//upload.wikimedia.org/wikipedia/commons/thumb/e/ec/Cinderella_Jeff_and_Tom.jpg/500px-Cinderella_Jeff_and_Tom.jpg 1.5x\" data-file-width=\"768\" data-file-height=\"1024\" /></a><figcaption>Tom Keifer and Jeff LaBar playing in <a href=\"/wiki/Madrid\" title=\"Madrid\">Madrid</a>, Spain in June 2010</figcaption></figure>\n<p>Cinderella confirmed on their message board that they would be touring in 2010 with two warm-up dates already confirmed.<sup id=\"cite_ref-21\" class=\"reference\"><a href=\"#cite_note-21\"><span class=\"cite-bracket\">&#91;</span>21<span class=\"cite-bracket\">&#93;</span></a></sup> It was announced on February 22 that Cinderella would be a part of Rocklahoma 2010 in Pryor Oklahoma and <a href=\"/wiki/Sweden_Rock_Festival\" title=\"Sweden Rock Festival\">Sweden Rock Festival</a> 2010.\n</p><p>On February 26, 2010, it was announced that Cinderella would be the headliner of the MSC Poesia sailing from Fort Lauderdale on November 11, 2010. In July 2010, Cinderella took the stage to open for <a href=\"/wiki/Bret_Michaels\" title=\"Bret Michaels\">Bret Michaels</a>, during the <i>Common Ground Music Festival</i><sup id=\"cite_ref-22\" class=\"reference\"><a href=\"#cite_note-22\"><span class=\"cite-bracket\">&#91;</span>22<span class=\"cite-bracket\">&#93;</span></a></sup> in Lansing, Michigan, with an original lineup of stars including <a href=\"/wiki/Tom_Keifer\" title=\"Tom Keifer\">Tom Keifer</a>, <a href=\"/wiki/Eric_Brittingham\" title=\"Eric Brittingham\">Eric Brittingham</a>, <a href=\"/wiki/Jeff_LaBar\" title=\"Jeff LaBar\">Jeff LaBar</a> and <a href=\"/wiki/Fred_Coury\" title=\"Fred Coury\">Fred Coury</a>. They would follow that with 14 dates in the US supporting Scorpions on their <i>Get Your Sting and Blackout</i> farewell tour.<sup id=\"cite_ref-23\" class=\"reference\"><a href=\"#cite_note-23\"><span class=\"cite-bracket\">&#91;</span>23<span class=\"cite-bracket\">&#93;</span></a></sup>\n</p><p>Cinderella played at the Download festival in the United Kingdom in June 2010,<sup id=\"cite_ref-24\" class=\"reference\"><a href=\"#cite_note-24\"><span class=\"cite-bracket\">&#91;</span>24<span class=\"cite-bracket\">&#93;</span></a></sup> the Rock Jam near Grand Junction, Colorado, Friday, August 27, and also the Oregon State Fair on September 4, 2010. In November 2010, Cinderella joined a variety of other hard rock acts on the cruise entitled \"ShipRocked\".<sup id=\"cite_ref-25\" class=\"reference\"><a href=\"#cite_note-25\"><span class=\"cite-bracket\">&#91;</span>25<span class=\"cite-bracket\">&#93;</span></a></sup>\n</p><p>In 2011, Cinderella undertook a 25th anniversary world tour. 20 shows were confirmed from April through July.<sup id=\"cite_ref-26\" class=\"reference\"><a href=\"#cite_note-26\"><span class=\"cite-bracket\">&#91;</span>26<span class=\"cite-bracket\">&#93;</span></a></sup> During the tour, they headlined the first edition of the \"Shout It Out Loud\" Festival in Germany.<sup id=\"cite_ref-27\" class=\"reference\"><a href=\"#cite_note-27\"><span class=\"cite-bracket\">&#91;</span>27<span class=\"cite-bracket\">&#93;</span></a></sup>\n</p><p>In the summer 2012, Cinderella performed a headlining tour throughout the United States with opening act <a href=\"/wiki/Skid_Row_(American_band)\" title=\"Skid Row (American band)\">Skid Row</a> singer <a href=\"/wiki/Sebastian_Bach\" title=\"Sebastian Bach\">Sebastian Bach</a>.<sup id=\"cite_ref-28\" class=\"reference\"><a href=\"#cite_note-28\"><span class=\"cite-bracket\">&#91;</span>28<span class=\"cite-bracket\">&#93;</span></a></sup>\n</p><p>In March 2013, Cinderella was scheduled to play the 2013 Monsters of Rock Cruise along with bands such as <a href=\"/wiki/Tesla_(band)\" title=\"Tesla (band)\">Tesla</a>, <a href=\"/wiki/Kix_(band)\" title=\"Kix (band)\">Kix</a>, <a href=\"/wiki/Queensr%C3%BFche\" title=\"Queensrÿche\">Queensrÿche</a>, and others,<sup id=\"cite_ref-29\" class=\"reference\"><a href=\"#cite_note-29\"><span class=\"cite-bracket\">&#91;</span>29<span class=\"cite-bracket\">&#93;</span></a></sup> but had to cancel due to Tom Keifer being ill. In 2014, the band played their final performances on the 2014 Monsters of Rock cruise.<sup id=\"cite_ref-30\" class=\"reference\"><a href=\"#cite_note-30\"><span class=\"cite-bracket\">&#91;</span>30<span class=\"cite-bracket\">&#93;</span></a></sup>\n</p>\n<div class=\"mw-heading mw-heading3\"><h3 id=\"Aftermath_and_LaBar's_death_(2017–2021)\"><span id=\"Aftermath_and_LaBar.27s_death_.282017.E2.80.932021.29\"></span>Aftermath and LaBar's death (2017–2021)</h3></div>\n<p>In November 2017, Keifer stated that Cinderella had no plans to reunite, explaining that \"issues between the band members are beyond repair.\"<sup id=\"cite_ref-no_reunion_4-1\" class=\"reference\"><a href=\"#cite_note-no_reunion-4\"><span class=\"cite-bracket\">&#91;</span>4<span class=\"cite-bracket\">&#93;</span></a></sup>\n</p><p>On July 14, 2021, it was announced that Jeff LaBar had died at the age of 58.<sup id=\"cite_ref-31\" class=\"reference\"><a href=\"#cite_note-31\"><span class=\"cite-bracket\">&#91;</span>31<span class=\"cite-bracket\">&#93;</span></a></sup> The same day, former long-term touring keyboardist <a href=\"/wiki/Gary_Corbett\" title=\"Gary Corbett\">Gary Corbett</a> also died.<sup id=\"cite_ref-32\" class=\"reference\"><a href=\"#cite_note-32\"><span class=\"cite-bracket\">&#91;</span>32<span class=\"cite-bracket\">&#93;</span></a></sup>\n</p>\n<div class=\"mw-heading mw-heading2\"><h2 id=\"Band_members\">Band members</h2></div>\n<dl><dt>Definitive lineup</dt></dl>\n<ul><li><a href=\"/wiki/Tom_Keifer\" title=\"Tom Keifer\">Tom Keifer</a> – lead vocals, guitar, keyboards, saxophone, harmonica, steel guitar, mandolin, dobro (1983–2014)</li>\n<li><a href=\"/wiki/Eric_Brittingham\" title=\"Eric Brittingham\">Eric Brittingham</a> – bass, backing vocals (1983–2014)</li>\n<li><a href=\"/wiki/Jeff_LaBar\" title=\"Jeff LaBar\">Jeff LaBar</a> – guitar, backing vocals, slide guitar (1985–2014; died 2021)</li>\n<li><a href=\"/wiki/Fred_Coury\" title=\"Fred Coury\">Fred Coury</a> – drums, percussion, backing vocals (1986–1991, 1996–2014)</li></ul>\n<dl><dt>Touring members</dt></dl>\n<ul><li>Rick Criniti – keyboards, piano, organ, synthesizer, backing vocals (1986–1995)</li>\n<li>Garry Nutt – bass (1989, 2000, 2008)</li>\n<li><a href=\"/wiki/Gary_Corbett\" title=\"Gary Corbett\">Gary Corbett</a> – keyboards, backing vocals (1990–1995, 1998–2014; died 2021)</li>\n<li><a href=\"/wiki/Kevin_Valentine\" title=\"Kevin Valentine\">Kevin Valentine</a> – drums, percussion (1991–1993)</li>\n<li><a href=\"/wiki/Roberta_Freeman\" title=\"Roberta Freeman\">Roberta Freeman</a> – backing vocals (1990–1991)</li>\n<li>Dianne Jones – backing vocals (1990–1991)</li>\n<li>Charles Lawrence – keyboards, backing vocals (1991)</li>\n<li>Ray Brinker – drums, percussion (1994–1995)</li>\n<li>Phillip Calfy – drums, percussion (2006)</li>\n<li>John Rogers – drums, percussion (2009–2010)</li>\n<li><a href=\"/wiki/Paul_Taylor_(keyboardist)\" title=\"Paul Taylor (keyboardist)\">Paul Taylor</a> – keyboards, backing vocals (2012, 2014)</li></ul>\n<dl><dt>Session members</dt></dl>\n<ul><li><a href=\"/wiki/Jody_Cortez\" title=\"Jody Cortez\">Jody Cortez</a> – drums, percussion (1985–1986)</li>\n<li>Barry Benedetta – guitar (1986; died 2022)</li>\n<li><a href=\"/wiki/Jeff_Paris_(musician)\" title=\"Jeff Paris (musician)\">Jeff Paris</a> – keyboards (1986)</li>\n<li><a href=\"/wiki/Cozy_Powell\" title=\"Cozy Powell\">Cozy Powell</a> – drums (1987–1988; died 1998)</li>\n<li><a href=\"/wiki/Denny_Carmassi\" title=\"Denny Carmassi\">Denny Carmassi</a> – drums (1988)</li>\n<li>Kevin Conway – drums, percussion (1990–1991)</li>\n<li><a href=\"/wiki/Kenny_Aronoff\" title=\"Kenny Aronoff\">Kenny Aronoff</a> – drums, percussion (1994)</li>\n<li><a href=\"/wiki/Ken_Hensley\" title=\"Ken Hensley\">Ken Hensley</a> – keyboards (1990; died 2020)</li>\n<li>Rod Roddy – piano (1990)</li></ul>\n<dl><dt>Pre-recording members</dt></dl>\n<ul><li><a href=\"/wiki/Michael_Schermick\" title=\"Michael Schermick\">Michael Schermick</a> – guitar, backing vocals (1983–1985)</li>\n<li>Sam Smith – bass, backing vocals (1983–1984)</li>\n<li><a href=\"/wiki/Tony_Destra\" title=\"Tony Destra\">Tony Destra</a> – drums, percussion (1983–1985; died 1987)</li>\n<li><a href=\"/wiki/Jim_Drnec\" title=\"Jim Drnec\">Jim Drnec</a> – drums, percussion (1985–1986)</li>\n<li>Albie \"Al\" Barker – drums, percussion (1986)</li></ul>\n<div class=\"mw-heading mw-heading3\"><h3 id=\"Timeline\">Timeline</h3></div>\n<div class=\"timeline-wrapper\"><map name=\"timeline_5szj80q2jn2mjvwt2yjg2i4dmd1abdw\"></map><img usemap=\"#timeline_5szj80q2jn2mjvwt2yjg2i4dmd1abdw\" src=\"//upload.wikimedia.org/wikipedia/en/timeline/5szj80q2jn2mjvwt2yjg2i4dmd1abdw.png\" /></div>\n<div class=\"mw-heading mw-heading2\"><h2 id=\"Discography\">Discography</h2></div>\n<link rel=\"mw-deduplicated-inline-style\" href=\"mw-data:TemplateStyles:r1236090951\" /><div role=\"note\" class=\"hatnote navigation-not-searchable\">Main article: <a href=\"/wiki/Cinderella_discography\" title=\"Cinderella discography\">Cinderella discography</a></div>\n<dl><dt>Studio albums</dt></dl>\n<ul><li><i><a href=\"/wiki/Night_Songs_(Cinderella_album)\" title=\"Night Songs (Cinderella album)\">Night Songs</a></i> (1986)</li>\n<li><i><a href=\"/wiki/Long_Cold_Winter\" title=\"Long Cold Winter\">Long Cold Winter</a></i> (1988)</li>\n<li><i><a href=\"/wiki/Heartbreak_Station\" title=\"Heartbreak Station\">Heartbreak Station</a></i> (1990)</li>\n<li><i><a href=\"/wiki/Still_Climbing_(Cinderella_album)\" title=\"Still Climbing (Cinderella album)\">Still Climbing</a></i> (1994)</li></ul>\n<div class=\"mw-heading mw-heading2\"><h2 id=\"See_also\">See also</h2></div>\n<ul><li><a href=\"/wiki/List_of_blues_rock_musicians\" title=\"List of blues rock musicians\">List of blues rock musicians</a></li>\n<li><a href=\"/wiki/List_of_glam_metal_bands_and_artists\" title=\"List of glam metal bands and artists\">List of glam metal bands and artists</a></li></ul>\n<div class=\"mw-heading mw-heading2\"><h2 id=\"References\">References</h2></div>\n<style data-mw-deduplicate=\"TemplateStyles:r1239543626\">.mw-parser-output .reflist{margin-bottom:0.5em;list-style-type:decimal}@media screen{.mw-parser-output .reflist{font-size:90%}}.mw-parser-output .reflist .references{font-size:100%;margin-bottom:0;list-style-type:inherit}.mw-parser-output .reflist-columns-2{column-width:30em}.mw-parser-output .reflist-columns-3{column-width:25em}.mw-parser-output .reflist-columns{margin-top:0.3em}.mw-parser-output .reflist-columns ol{margin-top:0}.mw-parser-output .reflist-columns li{page-break-inside:avoid;break-inside:avoid-column}.mw-parser-output .reflist-upper-alpha{list-style-type:upper-alpha}.mw-parser-output .reflist-upper-roman{list-style-type:upper-roman}.mw-parser-output .reflist-lower-alpha{list-style-type:lower-alpha}.mw-parser-output .reflist-lower-greek{list-style-type:lower-greek}.mw-parser-output .reflist-lower-roman{list-style-type:lower-roman}</style><div class=\"reflist\">\n<div class=\"mw-references-wrap mw-references-columns\"><ol class=\"references\">\n<li id=\"cite_note-1\"><span class=\"mw-cite-backlink\"><b><a href=\"#cite_ref-1\">^</a></b></span> <span class=\"reference-text\"><style data-mw-deduplicate=\"TemplateStyles:r1238218222\">.mw-parser-output cite.citation{font-style:inherit;word-wrap:break-word}.mw-parser-output .citation q{quotes:\"\\\"\"\"\\\"\"\"'\"\"'\"}.mw-parser-output .citation:target{background-color:rgba(0,127,255,0.133)}.mw-parser-output .id-lock-free.id-lock-free a{background:url(\"//upload.wikimedia.org/wikipedia/commons/6/65/Lock-green.svg\")right 0.1em center/9px no-repeat}.mw-parser-output .id-lock-limited.id-lock-limited a,.mw-parser-output .id-lock-registration.id-lock-registration a{background:url(\"//upload.wikimedia.org/wikipedia/commons/d/d6/Lock-gray-alt-2.svg\")right 0.1em center/9px no-repeat}.mw-parser-output .id-lock-subscription.id-lock-subscription a{background:url(\"//upload.wikimedia.org/wikipedia/commons/a/aa/Lock-red-alt-2.svg\")right 0.1em center/9px no-repeat}.mw-parser-output .cs1-ws-icon a{background:url(\"//upload.wikimedia.org/wikipedia/commons/4/4c/Wikisource-logo.svg\")right 0.1em center/12px no-repeat}body:not(.skin-timeless):not(.skin-minerva) .mw-parser-output .id-lock-free a,body:not(.skin-timeless):not(.skin-minerva) .mw-parser-output .id-lock-limited a,body:not(.skin-timeless):not(.skin-minerva) .mw-parser-output .id-lock-registration a,body:not(.skin-timeless):not(.skin-minerva) .mw-parser-output .id-lock-subscription a,body:not(.skin-timeless):not(.skin-minerva) .mw-parser-output .cs1-ws-icon a{background-size:contain;padding:0 1em 0 0}.mw-parser-output .cs1-code{color:inherit;background:inherit;border:none;padding:inherit}.mw-parser-output .cs1-hidden-error{display:none;color:var(--color-error,#d33)}.mw-parser-output .cs1-visible-error{color:var(--color-error,#d33)}.mw-parser-output .cs1-maint{display:none;color:#085;margin-left:0.3em}.mw-parser-output .cs1-kern-left{padding-left:0.2em}.mw-parser-output .cs1-kern-right{padding-right:0.2em}.mw-parser-output .citation .mw-selflink{font-weight:inherit}@media screen{.mw-parser-output .cs1-format{font-size:95%}html.skin-theme-clientpref-night .mw-parser-output .cs1-maint{color:#18911f}}@media screen and (prefers-color-scheme:dark){html.skin-theme-clientpref-os .mw-parser-output .cs1-maint{color:#18911f}}</style><cite class=\"citation magazine cs1\"><a rel=\"nofollow\" class=\"external text\" href=\"https://web.archive.org/web/20060826075621/http://www.rollingstone.com/artists/cinderella/albums/album/302051/review/5942468/long_cold_winter\">\"Rolling Stone&#160;: Cinderella: Long Cold Winter: Music Reviews\"</a>. <i><a href=\"/wiki/Rolling_Stone\" title=\"Rolling Stone\">Rolling Stone</a></i>. August 26, 2006. Archived from <a rel=\"nofollow\" class=\"external text\" href=\"http://www.rollingstone.com/artists/cinderella/albums/album/302051/review/5942468/long_cold_winter\">the original</a> on August 26, 2006<span class=\"reference-accessdate\">. Retrieved <span class=\"nowrap\">April 8,</span> 2021</span>.</cite><span title=\"ctx_ver=Z39.88-2004&amp;rft_val_fmt=info%3Aofi%2Ffmt%3Akev%3Amtx%3Ajournal&amp;rft.genre=article&amp;rft.jtitle=Rolling+Stone&amp;rft.atitle=Rolling+Stone+%3A+Cinderella%3A+Long+Cold+Winter%3A+Music+Reviews&amp;rft.date=2006-08-26&amp;rft_id=http%3A%2F%2Fwww.rollingstone.com%2Fartists%2Fcinderella%2Falbums%2Falbum%2F302051%2Freview%2F5942468%2Flong_cold_winter&amp;rfr_id=info%3Asid%2Fen.wikipedia.org%3ACinderella+%28band%29\" class=\"Z3988\"></span></span>\n</li>\n<li id=\"cite_note-2\"><span class=\"mw-cite-backlink\"><b><a href=\"#cite_ref-2\">^</a></b></span> <span class=\"reference-text\"><link rel=\"mw-deduplicated-inline-style\" href=\"mw-data:TemplateStyles:r1238218222\" /><cite class=\"citation web cs1\"><a rel=\"nofollow\" class=\"external text\" href=\"https://www.allmusic.com/album/long-cold-winter-mw0000652120\">\"Long Cold Winter - Cinderella\"</a>. <i><a href=\"/wiki/AllMusic\" title=\"AllMusic\">AllMusic</a></i><span class=\"reference-accessdate\">. Retrieved <span class=\"nowrap\">April 8,</span> 2021</span>.</cite><span title=\"ctx_ver=Z39.88-2004&amp;rft_val_fmt=info%3Aofi%2Ffmt%3Akev%3Amtx%3Ajournal&amp;rft.genre=unknown&amp;rft.jtitle=AllMusic&amp;rft.atitle=Long+Cold+Winter+-+Cinderella&amp;rft_id=https%3A%2F%2Fwww.allmusic.com%2Falbum%2Flong-cold-winter-mw0000652120&amp;rfr_id=info%3Asid%2Fen.wikipedia.org%3ACinderella+%28band%29\" class=\"Z3988\"></span></span>\n</li>\n<li id=\"cite_note-Cindallmusic-3\"><span class=\"mw-cite-backlink\">^ <a href=\"#cite_ref-Cindallmusic_3-0\"><sup><i><b>a</b></i></sup></a> <a href=\"#cite_ref-Cindallmusic_3-1\"><sup><i><b>b</b></i></sup></a></span> <span class=\"reference-text\"><link rel=\"mw-deduplicated-inline-style\" href=\"mw-data:TemplateStyles:r1238218222\" /><cite id=\"CITEREFRuhlmann\" class=\"citation web cs1\">Ruhlmann, William. <a rel=\"nofollow\" class=\"external text\" href=\"http://www.allmusic.com/artist/cinderella-mn0000125561/biography\">\"Cinderella biography\"</a>. <a href=\"/wiki/AllMusic\" title=\"AllMusic\">AllMusic</a><span class=\"reference-accessdate\">. Retrieved <span class=\"nowrap\">April 5,</span> 2011</span>.</cite><span title=\"ctx_ver=Z39.88-2004&amp;rft_val_fmt=info%3Aofi%2Ffmt%3Akev%3Amtx%3Abook&amp;rft.genre=unknown&amp;rft.btitle=Cinderella+biography&amp;rft.pub=AllMusic&amp;rft.aulast=Ruhlmann&amp;rft.aufirst=William&amp;rft_id=http%3A%2F%2Fwww.allmusic.com%2Fartist%2Fcinderella-mn0000125561%2Fbiography&amp;rfr_id=info%3Asid%2Fen.wikipedia.org%3ACinderella+%28band%29\" class=\"Z3988\"></span></span>\n</li>\n<li id=\"cite_note-no_reunion-4\"><span class=\"mw-cite-backlink\">^ <a href=\"#cite_ref-no_reunion_4-0\"><sup><i><b>a</b></i></sup></a> <a href=\"#cite_ref-no_reunion_4-1\"><sup><i><b>b</b></i></sup></a></span> <span class=\"reference-text\"><link rel=\"mw-deduplicated-inline-style\" href=\"mw-data:TemplateStyles:r1238218222\" /><cite class=\"citation web cs1\"><a rel=\"nofollow\" class=\"external text\" href=\"http://www.blabbermouth.net/news/tom-keifer-on-cinderella-there-wont-be-any-reunion/\">\"TOM KEIFER On CINDERELLA: 'There Won't Be Any Reunion'<span class=\"cs1-kern-right\"></span>\"</a>. <a href=\"/wiki/Blabbermouth.net\" title=\"Blabbermouth.net\">Blabbermouth.net</a>. November 30, 2017<span class=\"reference-accessdate\">. Retrieved <span class=\"nowrap\">July 18,</span> 2021</span>.</cite><span title=\"ctx_ver=Z39.88-2004&amp;rft_val_fmt=info%3Aofi%2Ffmt%3Akev%3Amtx%3Abook&amp;rft.genre=unknown&amp;rft.btitle=TOM+KEIFER+On+CINDERELLA%3A+%27There+Won%27t+Be+Any+Reunion%27&amp;rft.pub=Blabbermouth.net&amp;rft.date=2017-11-30&amp;rft_id=http%3A%2F%2Fwww.blabbermouth.net%2Fnews%2Ftom-keifer-on-cinderella-there-wont-be-any-reunion%2F&amp;rfr_id=info%3Asid%2Fen.wikipedia.org%3ACinderella+%28band%29\" class=\"Z3988\"></span></span>\n</li>\n<li id=\"cite_note-5\"><span class=\"mw-cite-backlink\"><b><a href=\"#cite_ref-5\">^</a></b></span> <span class=\"reference-text\"><link rel=\"mw-deduplicated-inline-style\" href=\"mw-data:TemplateStyles:r1238218222\" /><cite id=\"CITEREFWildsmith2017\" class=\"citation web cs1\">Wildsmith, Steve (June 21, 2017). <a rel=\"nofollow\" class=\"external text\" href=\"http://www.thedailytimes.com/entertainment/a-cinderella-story-rocker-tom-keifer-has-one-foot-in/article_85a3eca4-b013-55c6-9f5d-4f95312c55f4.html\">\"A Cinderalla story: Rocker Tom Keifer has one foot in the 80's, one in the future\"</a>. <i>Thedailytimes.com</i><span class=\"reference-accessdate\">. Retrieved <span class=\"nowrap\">November 18,</span> 2017</span>.</cite><span title=\"ctx_ver=Z39.88-2004&amp;rft_val_fmt=info%3Aofi%2Ffmt%3Akev%3Amtx%3Ajournal&amp;rft.genre=unknown&amp;rft.jtitle=Thedailytimes.com&amp;rft.atitle=A+Cinderalla+story%3A+Rocker+Tom+Keifer+has+one+foot+in+the+80%27s%2C+one+in+the+future&amp;rft.date=2017-06-21&amp;rft.aulast=Wildsmith&amp;rft.aufirst=Steve&amp;rft_id=http%3A%2F%2Fwww.thedailytimes.com%2Fentertainment%2Fa-cinderella-story-rocker-tom-keifer-has-one-foot-in%2Farticle_85a3eca4-b013-55c6-9f5d-4f95312c55f4.html&amp;rfr_id=info%3Asid%2Fen.wikipedia.org%3ACinderella+%28band%29\" class=\"Z3988\"></span></span>\n</li>\n<li id=\"cite_note-Back_from_Ashes-6\"><span class=\"mw-cite-backlink\">^ <a href=\"#cite_ref-Back_from_Ashes_6-0\"><sup><i><b>a</b></i></sup></a> <a href=\"#cite_ref-Back_from_Ashes_6-1\"><sup><i><b>b</b></i></sup></a></span> <span class=\"reference-text\"><link rel=\"mw-deduplicated-inline-style\" href=\"mw-data:TemplateStyles:r1238218222\" /><cite id=\"CITEREFJohnson2012\" class=\"citation web cs1\">Johnson, Laura (August 2, 2012). <a rel=\"nofollow\" class=\"external text\" href=\"http://www.sandiegouniontribune.com/sdut-cinderella-back-from-the-ashes-of-the-80s-2012aug02-story.html\">\"Cinderella back from the ashes of the 80's\"</a>. <i>sandiegouniontribune.com</i><span class=\"reference-accessdate\">. Retrieved <span class=\"nowrap\">November 18,</span> 2017</span>.</cite><span title=\"ctx_ver=Z39.88-2004&amp;rft_val_fmt=info%3Aofi%2Ffmt%3Akev%3Amtx%3Ajournal&amp;rft.genre=unknown&amp;rft.jtitle=sandiegouniontribune.com&amp;rft.atitle=Cinderella+back+from+the+ashes+of+the+80%27s&amp;rft.date=2012-08-02&amp;rft.aulast=Johnson&amp;rft.aufirst=Laura&amp;rft_id=http%3A%2F%2Fwww.sandiegouniontribune.com%2Fsdut-cinderella-back-from-the-ashes-of-the-80s-2012aug02-story.html&amp;rfr_id=info%3Asid%2Fen.wikipedia.org%3ACinderella+%28band%29\" class=\"Z3988\"></span></span>\n</li>\n<li id=\"cite_note-Encl_Heavy_Metal_p52-7\"><span class=\"mw-cite-backlink\">^ <a href=\"#cite_ref-Encl_Heavy_Metal_p52_7-0\"><sup><i><b>a</b></i></sup></a> <a href=\"#cite_ref-Encl_Heavy_Metal_p52_7-1\"><sup><i><b>b</b></i></sup></a></span> <span class=\"reference-text\"><link rel=\"mw-deduplicated-inline-style\" href=\"mw-data:TemplateStyles:r1238218222\" /><cite id=\"CITEREFPhillipsCogan2009\" class=\"citation book cs1\">Phillips, William; Cogan, Brian (March 20, 2009). <i>Encyclopedia of Heavy Metal Music</i>. Westport, Connecticut: Greenwood Press. p.&#160;52. <a href=\"/wiki/ISBN_(identifier)\" class=\"mw-redirect\" title=\"ISBN (identifier)\">ISBN</a>&#160;<a href=\"/wiki/Special:BookSources/978-0-313-34801-3\" title=\"Special:BookSources/978-0-313-34801-3\"><bdi>978-0-313-34801-3</bdi></a>. <a href=\"/wiki/OCLC_(identifier)\" class=\"mw-redirect\" title=\"OCLC (identifier)\">OCLC</a>&#160;<a rel=\"nofollow\" class=\"external text\" href=\"https://search.worldcat.org/oclc/475534546\">475534546</a>.</cite><span title=\"ctx_ver=Z39.88-2004&amp;rft_val_fmt=info%3Aofi%2Ffmt%3Akev%3Amtx%3Abook&amp;rft.genre=book&amp;rft.btitle=Encyclopedia+of+Heavy+Metal+Music&amp;rft.place=Westport%2C+Connecticut&amp;rft.pages=52&amp;rft.pub=Greenwood+Press&amp;rft.date=2009-03-20&amp;rft_id=info%3Aoclcnum%2F475534546&amp;rft.isbn=978-0-313-34801-3&amp;rft.aulast=Phillips&amp;rft.aufirst=William&amp;rft.au=Cogan%2C+Brian&amp;rfr_id=info%3Asid%2Fen.wikipedia.org%3ACinderella+%28band%29\" class=\"Z3988\"></span></span>\n</li>\n<li id=\"cite_note-8\"><span class=\"mw-cite-backlink\"><b><a href=\"#cite_ref-8\">^</a></b></span> <span class=\"reference-text\"><link rel=\"mw-deduplicated-inline-style\" href=\"mw-data:TemplateStyles:r1238218222\" /><cite id=\"CITEREFRys2010\" class=\"citation web cs1\">Rys, Richard (March 26, 2010). <a rel=\"nofollow\" class=\"external text\" href=\"http://www.phillymag.com/articles/2010/03/26/exit-interview-tom-keifer/\">\"Exit interview: Tom Keifer\"</a>. <i>Phillymag.com</i><span class=\"reference-accessdate\">. Retrieved <span class=\"nowrap\">November 19,</span> 2017</span>.</cite><span title=\"ctx_ver=Z39.88-2004&amp;rft_val_fmt=info%3Aofi%2Ffmt%3Akev%3Amtx%3Ajournal&amp;rft.genre=unknown&amp;rft.jtitle=Phillymag.com&amp;rft.atitle=Exit+interview%3A+Tom+Keifer&amp;rft.date=2010-03-26&amp;rft.aulast=Rys&amp;rft.aufirst=Richard&amp;rft_id=http%3A%2F%2Fwww.phillymag.com%2Farticles%2F2010%2F03%2F26%2Fexit-interview-tom-keifer%2F&amp;rfr_id=info%3Asid%2Fen.wikipedia.org%3ACinderella+%28band%29\" class=\"Z3988\"></span></span>\n</li>\n<li id=\"cite_note-9\"><span class=\"mw-cite-backlink\"><b><a href=\"#cite_ref-9\">^</a></b></span> <span class=\"reference-text\"><link rel=\"mw-deduplicated-inline-style\" href=\"mw-data:TemplateStyles:r1238218222\" /><cite class=\"citation web cs1\"><a rel=\"nofollow\" class=\"external text\" href=\"http://www.blabbermouth.net/news/tom-keifer-says-gene-simmons-not-jon-bon-jovi-discovered-cinderella/\">\"TOM KEIFER Says GENE SIMMONS, Not JON BON JOVI, 'Discovered' CINDERELLA\"</a>. <i><a href=\"/wiki/Blabbermouth.net\" title=\"Blabbermouth.net\">Blabbermouth.net</a></i>. July 22, 2014.</cite><span title=\"ctx_ver=Z39.88-2004&amp;rft_val_fmt=info%3Aofi%2Ffmt%3Akev%3Amtx%3Ajournal&amp;rft.genre=unknown&amp;rft.jtitle=Blabbermouth.net&amp;rft.atitle=TOM+KEIFER+Says+GENE+SIMMONS%2C+Not+JON+BON+JOVI%2C+%27Discovered%27+CINDERELLA&amp;rft.date=2014-07-22&amp;rft_id=http%3A%2F%2Fwww.blabbermouth.net%2Fnews%2Ftom-keifer-says-gene-simmons-not-jon-bon-jovi-discovered-cinderella%2F&amp;rfr_id=info%3Asid%2Fen.wikipedia.org%3ACinderella+%28band%29\" class=\"Z3988\"></span></span>\n</li>\n<li id=\"cite_note-10\"><span class=\"mw-cite-backlink\"><b><a href=\"#cite_ref-10\">^</a></b></span> <span class=\"reference-text\">Newall, Mike (March 10, 2005). \"<a rel=\"nofollow\" class=\"external text\" href=\"http://www.citypaper.net/articles/2005-03-10/cover5.shtml\">Hit Paraders</a> <a rel=\"nofollow\" class=\"external text\" href=\"https://web.archive.org/web/20071014221012/http://www.citypaper.net/articles/2005-03-10/cover5.shtml\">Archived</a> October 14, 2007, at the <a href=\"/wiki/Wayback_Machine\" title=\"Wayback Machine\">Wayback Machine</a>\". <i>Philadelphia City Paper</i>. Retrieved on May 23, 2007.</span>\n</li>\n<li id=\"cite_note-11\"><span class=\"mw-cite-backlink\"><b><a href=\"#cite_ref-11\">^</a></b></span> <span class=\"reference-text\"><a rel=\"nofollow\" class=\"external text\" href=\"https://www.allmusic.com/album/r3991/credits\">Night Songs credits</a>. <a href=\"/wiki/AllMusic\" title=\"AllMusic\">AllMusic</a></span>\n</li>\n<li id=\"cite_note-12\"><span class=\"mw-cite-backlink\"><b><a href=\"#cite_ref-12\">^</a></b></span> <span class=\"reference-text\"><link rel=\"mw-deduplicated-inline-style\" href=\"mw-data:TemplateStyles:r1238218222\" /><cite class=\"citation web cs1\"><a rel=\"nofollow\" class=\"external text\" href=\"https://www.discogs.com/Cinderella-Night-Songs-The-Videos/release/5606793\">\"Cinderella – Night Songs – The Videos (1987, VHS)\"</a>. <i>Discogs</i>. August 30, 1987.</cite><span title=\"ctx_ver=Z39.88-2004&amp;rft_val_fmt=info%3Aofi%2Ffmt%3Akev%3Amtx%3Ajournal&amp;rft.genre=unknown&amp;rft.jtitle=Discogs&amp;rft.atitle=Cinderella+%E2%80%93+Night+Songs+%E2%80%93+The+Videos+%281987%2C+VHS%29&amp;rft.date=1987-08-30&amp;rft_id=https%3A%2F%2Fwww.discogs.com%2FCinderella-Night-Songs-The-Videos%2Frelease%2F5606793&amp;rfr_id=info%3Asid%2Fen.wikipedia.org%3ACinderella+%28band%29\" class=\"Z3988\"></span></span>\n</li>\n<li id=\"cite_note-13\"><span class=\"mw-cite-backlink\"><b><a href=\"#cite_ref-13\">^</a></b></span> <span class=\"reference-text\"><link rel=\"mw-deduplicated-inline-style\" href=\"mw-data:TemplateStyles:r1238218222\" /><cite class=\"citation web cs1\"><a rel=\"nofollow\" class=\"external text\" href=\"https://www.allmusic.com/album/tales-from-the-gypsy-road-mw0000204114\">\"Tales from the Gypsy Road – Cinderella\"</a>. <i><a href=\"/wiki/AllMusic\" title=\"AllMusic\">AllMusic</a></i><span class=\"reference-accessdate\">. Retrieved <span class=\"nowrap\">October 12,</span> 2019</span>.</cite><span title=\"ctx_ver=Z39.88-2004&amp;rft_val_fmt=info%3Aofi%2Ffmt%3Akev%3Amtx%3Ajournal&amp;rft.genre=unknown&amp;rft.jtitle=AllMusic&amp;rft.atitle=Tales+from+the+Gypsy+Road+%E2%80%93+Cinderella&amp;rft_id=https%3A%2F%2Fwww.allmusic.com%2Falbum%2Ftales-from-the-gypsy-road-mw0000204114&amp;rfr_id=info%3Asid%2Fen.wikipedia.org%3ACinderella+%28band%29\" class=\"Z3988\"></span></span>\n</li>\n<li id=\"cite_note-14\"><span class=\"mw-cite-backlink\"><b><a href=\"#cite_ref-14\">^</a></b></span> <span class=\"reference-text\"><link rel=\"mw-deduplicated-inline-style\" href=\"mw-data:TemplateStyles:r1238218222\" /><cite class=\"citation web cs1\"><a rel=\"nofollow\" class=\"external text\" href=\"https://www.blabbermouth.net/news/ratt-cinderella-members-to-resurrect-arcade-for-monsters-of-rock-cruise/\">\"Ratt, Cinderella Members To Resurrect Arcade for Monsters of Rock Cruise\"</a>. <i>Blabbermouth</i>. June 12, 2012<span class=\"reference-accessdate\">. Retrieved <span class=\"nowrap\">October 12,</span> 2019</span>.</cite><span title=\"ctx_ver=Z39.88-2004&amp;rft_val_fmt=info%3Aofi%2Ffmt%3Akev%3Amtx%3Ajournal&amp;rft.genre=unknown&amp;rft.jtitle=Blabbermouth&amp;rft.atitle=Ratt%2C+Cinderella+Members+To+Resurrect+Arcade+for+Monsters+of+Rock+Cruise&amp;rft.date=2012-06-12&amp;rft_id=https%3A%2F%2Fwww.blabbermouth.net%2Fnews%2Fratt-cinderella-members-to-resurrect-arcade-for-monsters-of-rock-cruise%2F&amp;rfr_id=info%3Asid%2Fen.wikipedia.org%3ACinderella+%28band%29\" class=\"Z3988\"></span></span>\n</li>\n<li id=\"cite_note-15\"><span class=\"mw-cite-backlink\"><b><a href=\"#cite_ref-15\">^</a></b></span> <span class=\"reference-text\"><link rel=\"mw-deduplicated-inline-style\" href=\"mw-data:TemplateStyles:r1238218222\" /><cite class=\"citation web cs1\"><a rel=\"nofollow\" class=\"external text\" href=\"https://www.allmusic.com/album/r123607\">\"Wayne's World soundtrack\"</a>. <i><a href=\"/wiki/AllMusic\" title=\"AllMusic\">AllMusic</a></i>.</cite><span title=\"ctx_ver=Z39.88-2004&amp;rft_val_fmt=info%3Aofi%2Ffmt%3Akev%3Amtx%3Ajournal&amp;rft.genre=unknown&amp;rft.jtitle=AllMusic&amp;rft.atitle=Wayne%27s+World+soundtrack&amp;rft_id=https%3A%2F%2Fwww.allmusic.com%2Falbum%2Fr123607&amp;rfr_id=info%3Asid%2Fen.wikipedia.org%3ACinderella+%28band%29\" class=\"Z3988\"></span></span>\n</li>\n<li id=\"cite_note-16\"><span class=\"mw-cite-backlink\"><b><a href=\"#cite_ref-16\">^</a></b></span> <span class=\"reference-text\"><i>Bang Your Head</i> by David Konow, pages 369–370, <link rel=\"mw-deduplicated-inline-style\" href=\"mw-data:TemplateStyles:r1238218222\" /><a href=\"/wiki/ISBN_(identifier)\" class=\"mw-redirect\" title=\"ISBN (identifier)\">ISBN</a>&#160;<a href=\"/wiki/Special:BookSources/0-609-80732-3\" title=\"Special:BookSources/0-609-80732-3\"><bdi>0-609-80732-3</bdi></a></span>\n</li>\n<li id=\"cite_note-17\"><span class=\"mw-cite-backlink\"><b><a href=\"#cite_ref-17\">^</a></b></span> <span class=\"reference-text\"><link rel=\"mw-deduplicated-inline-style\" href=\"mw-data:TemplateStyles:r1238218222\" /><cite class=\"citation web cs1\"><a rel=\"nofollow\" class=\"external text\" href=\"https://www.allmusic.com/album/live-at-the-key-club-mw0001960178\">\"Live at the Key Club – Cinderella\"</a>. <i><a href=\"/wiki/AllMusic\" title=\"AllMusic\">AllMusic</a></i><span class=\"reference-accessdate\">. Retrieved <span class=\"nowrap\">October 12,</span> 2019</span>.</cite><span title=\"ctx_ver=Z39.88-2004&amp;rft_val_fmt=info%3Aofi%2Ffmt%3Akev%3Amtx%3Ajournal&amp;rft.genre=unknown&amp;rft.jtitle=AllMusic&amp;rft.atitle=Live+at+the+Key+Club+%E2%80%93+Cinderella&amp;rft_id=https%3A%2F%2Fwww.allmusic.com%2Falbum%2Flive-at-the-key-club-mw0001960178&amp;rfr_id=info%3Asid%2Fen.wikipedia.org%3ACinderella+%28band%29\" class=\"Z3988\"></span></span>\n</li>\n<li id=\"cite_note-18\"><span class=\"mw-cite-backlink\"><b><a href=\"#cite_ref-18\">^</a></b></span> <span class=\"reference-text\"><link rel=\"mw-deduplicated-inline-style\" href=\"mw-data:TemplateStyles:r1238218222\" /><cite class=\"citation web cs1\"><a rel=\"nofollow\" class=\"external text\" href=\"https://web.archive.org/web/20071223225306/http://www.roadrunnerrecords.com/blabbermouth.net/news.aspx?mode=Article&amp;newsitemID=55269\">\"Jeff LaBar interview @ Blabbermouth.net (2006)\"</a>. Archived from <a rel=\"nofollow\" class=\"external text\" href=\"http://www.roadrunnerrecords.com/blabbermouth.net/news.aspx?mode=Article&amp;newsitemID=55269\">the original</a> on December 23, 2007<span class=\"reference-accessdate\">. Retrieved <span class=\"nowrap\">July 15,</span> 2021</span>.</cite><span title=\"ctx_ver=Z39.88-2004&amp;rft_val_fmt=info%3Aofi%2Ffmt%3Akev%3Amtx%3Abook&amp;rft.genre=unknown&amp;rft.btitle=Jeff+LaBar+interview+%40+Blabbermouth.net+%282006%29&amp;rft_id=http%3A%2F%2Fwww.roadrunnerrecords.com%2Fblabbermouth.net%2Fnews.aspx%3Fmode%3DArticle%26newsitemID%3D55269&amp;rfr_id=info%3Asid%2Fen.wikipedia.org%3ACinderella+%28band%29\" class=\"Z3988\"></span></span>\n</li>\n<li id=\"cite_note-19\"><span class=\"mw-cite-backlink\"><b><a href=\"#cite_ref-19\">^</a></b></span> <span class=\"reference-text\"><link rel=\"mw-deduplicated-inline-style\" href=\"mw-data:TemplateStyles:r1238218222\" /><cite class=\"citation web cs1\"><a rel=\"nofollow\" class=\"external text\" href=\"https://www.allmusic.com/album/rocked-wired-bluesed-the-greatest-hits-mw0000633217\">\"Rocked, Wired &amp; Bluesed: The Greatest Hits – Cinderella\"</a>. <i><a href=\"/wiki/AllMusic\" title=\"AllMusic\">AllMusic</a></i>.</cite><span title=\"ctx_ver=Z39.88-2004&amp;rft_val_fmt=info%3Aofi%2Ffmt%3Akev%3Amtx%3Ajournal&amp;rft.genre=unknown&amp;rft.jtitle=AllMusic&amp;rft.atitle=Rocked%2C+Wired+%26+Bluesed%3A+The+Greatest+Hits+%E2%80%93+Cinderella&amp;rft_id=https%3A%2F%2Fwww.allmusic.com%2Falbum%2Frocked-wired-bluesed-the-greatest-hits-mw0000633217&amp;rfr_id=info%3Asid%2Fen.wikipedia.org%3ACinderella+%28band%29\" class=\"Z3988\"></span></span>\n</li>\n<li id=\"cite_note-20\"><span class=\"mw-cite-backlink\"><b><a href=\"#cite_ref-20\">^</a></b></span> <span class=\"reference-text\"><link rel=\"mw-deduplicated-inline-style\" href=\"mw-data:TemplateStyles:r1238218222\" /><cite class=\"citation web cs1\"><a rel=\"nofollow\" class=\"external text\" href=\"https://www.blabbermouth.net/news/iowa-s-rock-gone-wild-festival-officially-canceled/\">\"Iowa's Rock Gone Wild Festival Officially Cancelled\"</a>. <i>Blabbermouth</i>. August 7, 2009<span class=\"reference-accessdate\">. Retrieved <span class=\"nowrap\">October 12,</span> 2019</span>.</cite><span title=\"ctx_ver=Z39.88-2004&amp;rft_val_fmt=info%3Aofi%2Ffmt%3Akev%3Amtx%3Ajournal&amp;rft.genre=unknown&amp;rft.jtitle=Blabbermouth&amp;rft.atitle=Iowa%27s+Rock+Gone+Wild+Festival+Officially+Cancelled&amp;rft.date=2009-08-07&amp;rft_id=https%3A%2F%2Fwww.blabbermouth.net%2Fnews%2Fiowa-s-rock-gone-wild-festival-officially-canceled%2F&amp;rfr_id=info%3Asid%2Fen.wikipedia.org%3ACinderella+%28band%29\" class=\"Z3988\"></span></span>\n</li>\n<li id=\"cite_note-21\"><span class=\"mw-cite-backlink\"><b><a href=\"#cite_ref-21\">^</a></b></span> <span class=\"reference-text\"><link rel=\"mw-deduplicated-inline-style\" href=\"mw-data:TemplateStyles:r1238218222\" /><cite class=\"citation web cs1\"><a rel=\"nofollow\" class=\"external text\" href=\"https://web.archive.org/web/20110720195628/http://www.cinderella.net/08_index.html\">\"<i>Cinderella Message Board</i>, 2010\"</a>. Archived from <a rel=\"nofollow\" class=\"external text\" href=\"http://www.cinderella.net/08_index.html\">the original</a> on July 20, 2011<span class=\"reference-accessdate\">. Retrieved <span class=\"nowrap\">July 15,</span> 2021</span>.</cite><span title=\"ctx_ver=Z39.88-2004&amp;rft_val_fmt=info%3Aofi%2Ffmt%3Akev%3Amtx%3Abook&amp;rft.genre=unknown&amp;rft.btitle=Cinderella+Message+Board%2C+2010&amp;rft_id=http%3A%2F%2Fwww.cinderella.net%2F08_index.html&amp;rfr_id=info%3Asid%2Fen.wikipedia.org%3ACinderella+%28band%29\" class=\"Z3988\"></span></span>\n</li>\n<li id=\"cite_note-22\"><span class=\"mw-cite-backlink\"><b><a href=\"#cite_ref-22\">^</a></b></span> <span class=\"reference-text\"><link rel=\"mw-deduplicated-inline-style\" href=\"mw-data:TemplateStyles:r1238218222\" /><cite class=\"citation web cs1\"><a rel=\"nofollow\" class=\"external text\" href=\"https://www.commongroundfest.com/\">\"COMMON GROUND MUSIC FESTIVAL\"</a>. <i>Commongroundfest.com</i><span class=\"reference-accessdate\">. Retrieved <span class=\"nowrap\">July 15,</span> 2021</span>.</cite><span title=\"ctx_ver=Z39.88-2004&amp;rft_val_fmt=info%3Aofi%2Ffmt%3Akev%3Amtx%3Ajournal&amp;rft.genre=unknown&amp;rft.jtitle=Commongroundfest.com&amp;rft.atitle=COMMON+GROUND+MUSIC+FESTIVAL&amp;rft_id=https%3A%2F%2Fwww.commongroundfest.com%2F&amp;rfr_id=info%3Asid%2Fen.wikipedia.org%3ACinderella+%28band%29\" class=\"Z3988\"></span></span>\n</li>\n<li id=\"cite_note-23\"><span class=\"mw-cite-backlink\"><b><a href=\"#cite_ref-23\">^</a></b></span> <span class=\"reference-text\"><a rel=\"nofollow\" class=\"external text\" href=\"http://www.the-scorpions.com/english/tourdates.asp\"><i>Scorpions USA Tour Info</i>, 2010</a> <a rel=\"nofollow\" class=\"external text\" href=\"https://web.archive.org/web/20100510135804/http://www.the-scorpions.com/english/tourdates.asp\">Archived</a> May 10, 2010, at the <a href=\"/wiki/Wayback_Machine\" title=\"Wayback Machine\">Wayback Machine</a></span>\n</li>\n<li id=\"cite_note-24\"><span class=\"mw-cite-backlink\"><b><a href=\"#cite_ref-24\">^</a></b></span> <span class=\"reference-text\"><link rel=\"mw-deduplicated-inline-style\" href=\"mw-data:TemplateStyles:r1238218222\" /><cite class=\"citation web cs1\"><a rel=\"nofollow\" class=\"external text\" href=\"https://web.archive.org/web/20110103064854/http://www.metalhammer.co.uk/news/download-review-slash-cinderella-saxon/\">\"Blog Archive&#160;» Download Review: Slash, Cinderella, Saxon\"</a>. Metal Hammer. June 14, 2010. Archived from <a rel=\"nofollow\" class=\"external text\" href=\"http://www.metalhammer.co.uk/news/download-review-slash-cinderella-saxon/\">the original</a> on January 3, 2011<span class=\"reference-accessdate\">. Retrieved <span class=\"nowrap\">July 4,</span> 2011</span>.</cite><span title=\"ctx_ver=Z39.88-2004&amp;rft_val_fmt=info%3Aofi%2Ffmt%3Akev%3Amtx%3Abook&amp;rft.genre=unknown&amp;rft.btitle=Blog+Archive+%C2%BB+Download+Review%3A+Slash%2C+Cinderella%2C+Saxon&amp;rft.pub=Metal+Hammer&amp;rft.date=2010-06-14&amp;rft_id=http%3A%2F%2Fwww.metalhammer.co.uk%2Fnews%2Fdownload-review-slash-cinderella-saxon%2F&amp;rfr_id=info%3Asid%2Fen.wikipedia.org%3ACinderella+%28band%29\" class=\"Z3988\"></span></span>\n</li>\n<li id=\"cite_note-25\"><span class=\"mw-cite-backlink\"><b><a href=\"#cite_ref-25\">^</a></b></span> <span class=\"reference-text\"><link rel=\"mw-deduplicated-inline-style\" href=\"mw-data:TemplateStyles:r1238218222\" /><cite class=\"citation web cs1\"><a rel=\"nofollow\" class=\"external text\" href=\"https://www.blabbermouth.net/news/cinderella-hail-confirmed-for-shiprocked/\">\"Cinderella, Hail! Confirmed For Shiprocked\"</a>. <i>Blabbermouth</i>. February 22, 2010.</cite><span title=\"ctx_ver=Z39.88-2004&amp;rft_val_fmt=info%3Aofi%2Ffmt%3Akev%3Amtx%3Ajournal&amp;rft.genre=unknown&amp;rft.jtitle=Blabbermouth&amp;rft.atitle=Cinderella%2C+Hail%21+Confirmed+For+Shiprocked&amp;rft.date=2010-02-22&amp;rft_id=https%3A%2F%2Fwww.blabbermouth.net%2Fnews%2Fcinderella-hail-confirmed-for-shiprocked%2F&amp;rfr_id=info%3Asid%2Fen.wikipedia.org%3ACinderella+%28band%29\" class=\"Z3988\"></span></span>\n</li>\n<li id=\"cite_note-26\"><span class=\"mw-cite-backlink\"><b><a href=\"#cite_ref-26\">^</a></b></span> <span class=\"reference-text\"><link rel=\"mw-deduplicated-inline-style\" href=\"mw-data:TemplateStyles:r1238218222\" /><cite class=\"citation web cs1\"><a rel=\"nofollow\" class=\"external text\" href=\"https://web.archive.org/web/20110720195628/http://www.cinderella.net/08_index.html\">\"Cinderella.net\"</a>. Cinderella.net. Archived from <a rel=\"nofollow\" class=\"external text\" href=\"http://www.cinderella.net/08_index.html\">the original</a> on July 20, 2011<span class=\"reference-accessdate\">. Retrieved <span class=\"nowrap\">July 4,</span> 2011</span>.</cite><span title=\"ctx_ver=Z39.88-2004&amp;rft_val_fmt=info%3Aofi%2Ffmt%3Akev%3Amtx%3Abook&amp;rft.genre=unknown&amp;rft.btitle=Cinderella.net&amp;rft.pub=Cinderella.net&amp;rft_id=http%3A%2F%2Fwww.cinderella.net%2F08_index.html&amp;rfr_id=info%3Asid%2Fen.wikipedia.org%3ACinderella+%28band%29\" class=\"Z3988\"></span></span>\n</li>\n<li id=\"cite_note-27\"><span class=\"mw-cite-backlink\"><b><a href=\"#cite_ref-27\">^</a></b></span> <span class=\"reference-text\"><a rel=\"nofollow\" class=\"external text\" href=\"http://www.metaltraveller.com/en/gigs/cinderella/mulheim_2011.html\">\"Cinderella at the Shout It Out Loud Festival, 2011\"</a>. metaltraveller.com</span>\n</li>\n<li id=\"cite_note-28\"><span class=\"mw-cite-backlink\"><b><a href=\"#cite_ref-28\">^</a></b></span> <span class=\"reference-text\"><link rel=\"mw-deduplicated-inline-style\" href=\"mw-data:TemplateStyles:r1238218222\" /><cite class=\"citation web cs1\"><a rel=\"nofollow\" class=\"external text\" href=\"https://kfmx.com/cinderella-left-kicking-and-screaming-trying-to-compete-with-sabastian-bach/\">\"Cinderella Left Kicking and Screaming Trying to Compete with Sebastian Bach\"</a>. <i>KFMX.com</i>. August 14, 2012<span class=\"reference-accessdate\">. Retrieved <span class=\"nowrap\">October 12,</span> 2019</span>.</cite><span title=\"ctx_ver=Z39.88-2004&amp;rft_val_fmt=info%3Aofi%2Ffmt%3Akev%3Amtx%3Ajournal&amp;rft.genre=unknown&amp;rft.jtitle=KFMX.com&amp;rft.atitle=Cinderella+Left+Kicking+and+Screaming+Trying+to+Compete+with+Sebastian+Bach&amp;rft.date=2012-08-14&amp;rft_id=https%3A%2F%2Fkfmx.com%2Fcinderella-left-kicking-and-screaming-trying-to-compete-with-sabastian-bach%2F&amp;rfr_id=info%3Asid%2Fen.wikipedia.org%3ACinderella+%28band%29\" class=\"Z3988\"></span></span>\n</li>\n<li id=\"cite_note-29\"><span class=\"mw-cite-backlink\"><b><a href=\"#cite_ref-29\">^</a></b></span> <span class=\"reference-text\"><link rel=\"mw-deduplicated-inline-style\" href=\"mw-data:TemplateStyles:r1238218222\" /><cite class=\"citation web cs1\"><a rel=\"nofollow\" class=\"external text\" href=\"https://www.facebook.com/pages/Monsters-of-Rock-Cruise/144400955629944\">\"Monsters of Rock Cruise\"</a>. Facebook<span class=\"reference-accessdate\">. Retrieved <span class=\"nowrap\">February 13,</span> 2013</span>.</cite><span title=\"ctx_ver=Z39.88-2004&amp;rft_val_fmt=info%3Aofi%2Ffmt%3Akev%3Amtx%3Abook&amp;rft.genre=unknown&amp;rft.btitle=Monsters+of+Rock+Cruise&amp;rft.pub=Facebook&amp;rft_id=https%3A%2F%2Fwww.facebook.com%2Fpages%2FMonsters-of-Rock-Cruise%2F144400955629944&amp;rfr_id=info%3Asid%2Fen.wikipedia.org%3ACinderella+%28band%29\" class=\"Z3988\"></span></span>\n</li>\n<li id=\"cite_note-30\"><span class=\"mw-cite-backlink\"><b><a href=\"#cite_ref-30\">^</a></b></span> <span class=\"reference-text\"><link rel=\"mw-deduplicated-inline-style\" href=\"mw-data:TemplateStyles:r1238218222\" /><cite class=\"citation web cs1\"><a rel=\"nofollow\" class=\"external text\" href=\"https://bravewords.com/news/tesla-ratt-cinderella-and-19-others-confirmed-for-2014-monsters-of-rock-cruise\">\"TESLA, RATT, CINDERELLA And 19 Others Confirmed For 2014 Monsters Of Rock Cruise\"</a>. <i><a href=\"/wiki/Brave_Words_%26_Bloody_Knuckles\" title=\"Brave Words &amp; Bloody Knuckles\">Brave Words &amp; Bloody Knuckles</a></i>. June 17, 2013<span class=\"reference-accessdate\">. Retrieved <span class=\"nowrap\">July 20,</span> 2021</span>.</cite><span title=\"ctx_ver=Z39.88-2004&amp;rft_val_fmt=info%3Aofi%2Ffmt%3Akev%3Amtx%3Ajournal&amp;rft.genre=unknown&amp;rft.jtitle=Brave+Words+%26+Bloody+Knuckles&amp;rft.atitle=TESLA%2C+RATT%2C+CINDERELLA+And+19+Others+Confirmed+For+2014+Monsters+Of+Rock+Cruise&amp;rft.date=2013-06-17&amp;rft_id=https%3A%2F%2Fbravewords.com%2Fnews%2Ftesla-ratt-cinderella-and-19-others-confirmed-for-2014-monsters-of-rock-cruise&amp;rfr_id=info%3Asid%2Fen.wikipedia.org%3ACinderella+%28band%29\" class=\"Z3988\"></span></span>\n</li>\n<li id=\"cite_note-31\"><span class=\"mw-cite-backlink\"><b><a href=\"#cite_ref-31\">^</a></b></span> <span class=\"reference-text\"><link rel=\"mw-deduplicated-inline-style\" href=\"mw-data:TemplateStyles:r1238218222\" /><cite class=\"citation web cs1\"><a rel=\"nofollow\" class=\"external text\" href=\"https://www.blabbermouth.net/news/cinderella-guitarist-jeff-labar-dead-at-58/\">\"CINDERELLA Guitarist JEFF LABAR Dead At 58\"</a>. <i>Blabbermouth.net</i>. July 14, 2021<span class=\"reference-accessdate\">. Retrieved <span class=\"nowrap\">July 14,</span> 2021</span>.</cite><span title=\"ctx_ver=Z39.88-2004&amp;rft_val_fmt=info%3Aofi%2Ffmt%3Akev%3Amtx%3Ajournal&amp;rft.genre=unknown&amp;rft.jtitle=Blabbermouth.net&amp;rft.atitle=CINDERELLA+Guitarist+JEFF+LABAR+Dead+At+58&amp;rft.date=2021-07-14&amp;rft_id=https%3A%2F%2Fwww.blabbermouth.net%2Fnews%2Fcinderella-guitarist-jeff-labar-dead-at-58%2F&amp;rfr_id=info%3Asid%2Fen.wikipedia.org%3ACinderella+%28band%29\" class=\"Z3988\"></span></span>\n</li>\n<li id=\"cite_note-32\"><span class=\"mw-cite-backlink\"><b><a href=\"#cite_ref-32\">^</a></b></span> <span class=\"reference-text\"><link rel=\"mw-deduplicated-inline-style\" href=\"mw-data:TemplateStyles:r1238218222\" /><cite class=\"citation web cs1\"><a rel=\"nofollow\" class=\"external text\" href=\"https://www.blabbermouth.net/news/former-kiss-and-cinderella-touring-keyboardist-gary-corbett-dies-after-battle-with-cancer/\">\"Former KISS And CINDERELLA Touring Keyboardist GARY CORBETT Dies After Battle With Cancer\"</a>. <a href=\"/wiki/Blabbermouth.net\" title=\"Blabbermouth.net\">Blabbermouth.net</a>. July 15, 2021<span class=\"reference-accessdate\">. Retrieved <span class=\"nowrap\">July 15,</span> 2021</span>.</cite><span title=\"ctx_ver=Z39.88-2004&amp;rft_val_fmt=info%3Aofi%2Ffmt%3Akev%3Amtx%3Abook&amp;rft.genre=unknown&amp;rft.btitle=Former+KISS+And+CINDERELLA+Touring+Keyboardist+GARY+CORBETT+Dies+After+Battle+With+Cancer&amp;rft.pub=Blabbermouth.net&amp;rft.date=2021-07-15&amp;rft_id=https%3A%2F%2Fwww.blabbermouth.net%2Fnews%2Fformer-kiss-and-cinderella-touring-keyboardist-gary-corbett-dies-after-battle-with-cancer%2F&amp;rfr_id=info%3Asid%2Fen.wikipedia.org%3ACinderella+%28band%29\" class=\"Z3988\"></span></span>\n</li>\n</ol></div></div>\n<div class=\"mw-heading mw-heading2\"><h2 id=\"External_links\">External links</h2></div>\n<style data-mw-deduplicate=\"TemplateStyles:r1308029216\">.mw-parser-output .side-box{margin:4px 0;box-sizing:border-box;border:1px solid #aaa;font-size:88%;line-height:1.25em;background-color:var(--background-color-interactive-subtle,#f8f9fa);display:flow-root}.mw-parser-output .infobox .side-box{font-size:100%}.mw-parser-output .side-box-abovebelow,.mw-parser-output .side-box-text{padding:0.25em 0.9em}.mw-parser-output .side-box-image{padding:2px 0 2px 0.9em;text-align:center}.mw-parser-output .side-box-imageright{padding:2px 0.9em 2px 0;text-align:center}@media(min-width:500px){.mw-parser-output .side-box-flex{display:flex;align-items:center}.mw-parser-output .side-box-text{flex:1;min-width:0}}@media(min-width:640px){.mw-parser-output .side-box{width:238px}.mw-parser-output .side-box-right{clear:right;float:right;margin-left:1em}.mw-parser-output .side-box-left{margin-right:1em}}</style><style data-mw-deduplicate=\"TemplateStyles:r1311551236\">@media print{body.ns-0 .mw-parser-output .sistersitebox{display:none!important}}@media screen{html.skin-theme-clientpref-night .mw-parser-output .sistersitebox img[src*=\"Wiktionary-logo-en-v2.svg\"]{filter:invert(1)brightness(55%)contrast(250%)hue-rotate(180deg)}}@media screen and (prefers-color-scheme:dark){html.skin-theme-clientpref-os .mw-parser-output .sistersitebox img[src*=\"Wiktionary-logo-en-v2.svg\"]{filter:invert(1)brightness(55%)contrast(250%)hue-rotate(180deg)}}</style><div class=\"side-box side-box-right plainlinks sistersitebox\"><link rel=\"mw-deduplicated-inline-style\" href=\"mw-data:TemplateStyles:r1126788409\" />\n<div class=\"side-box-flex\">\n<div class=\"side-box-image\"><span class=\"noviewer\" typeof=\"mw:File\"><a href=\"/wiki/File:Commons-logo.svg\" class=\"mw-file-description\"><img alt=\"\" src=\"//upload.wikimedia.org/wikipedia/en/thumb/4/4a/Commons-logo.svg/40px-Commons-logo.svg.png\" decoding=\"async\" width=\"30\" height=\"40\" class=\"mw-file-element\" srcset=\"//upload.wikimedia.org/wikipedia/en/thumb/4/4a/Commons-logo.svg/60px-Commons-logo.svg.png 1.5x\" data-file-width=\"1024\" data-file-height=\"1376\" /></a></span></div>\n<div class=\"side-box-text plainlist\">Wikimedia Commons has media related to <span style=\"font-weight: bold; font-style: italic;\"><a href=\"https://commons.wikimedia.org/wiki/Category:Cinderella_(band)\" class=\"extiw\" title=\"commons:Category:Cinderella (band)\">Cinderella (band)</a></span>.</div></div>\n</div>\n<ul><li><span class=\"official-website\"><span class=\"url\"><a rel=\"nofollow\" class=\"external text\" href=\"http://www.cinderella.net/\">Official website</a></span></span> <span class=\"mw-valign-text-top\" typeof=\"mw:File/Frameless\"><a href=\"https://www.wikidata.org/wiki/Q384023#P856\" title=\"Edit this at Wikidata\"><img alt=\"Edit this at Wikidata\" src=\"//upload.wikimedia.org/wikipedia/en/thumb/8/8a/OOjs_UI_icon_edit-ltr-progressive.svg/20px-OOjs_UI_icon_edit-ltr-progressive.svg.png\" decoding=\"async\" width=\"10\" height=\"10\" class=\"mw-file-element\" data-file-width=\"20\" data-file-height=\"20\" /></a></span></li>\n<li><a rel=\"nofollow\" class=\"external text\" href=\"https://www.allmusic.com/artist/mn0000125561\">Cinderella</a> at <a href=\"/wiki/AllMusic_(identifier)\" class=\"mw-redirect\" title=\"AllMusic (identifier)\">AllMusic</a> <span class=\"mw-valign-text-top noprint\" typeof=\"mw:File/Frameless\"><a href=\"https://www.wikidata.org/wiki/Q384023#P1728\" title=\"Edit this at Wikidata\"><img alt=\"Edit this at Wikidata\" src=\"//upload.wikimedia.org/wikipedia/en/thumb/8/8a/OOjs_UI_icon_edit-ltr-progressive.svg/20px-OOjs_UI_icon_edit-ltr-progressive.svg.png\" decoding=\"async\" width=\"10\" height=\"10\" class=\"mw-file-element\" data-file-width=\"20\" data-file-height=\"20\" /></a></span></li>\n<li><a rel=\"nofollow\" class=\"external text\" href=\"https://www.billboard.com/artist/cinderella\">Billboard artist page</a></li>\n<li><a rel=\"nofollow\" class=\"external text\" href=\"https://www.discogs.com/artist/196350\">Cinderella</a> discography at <a href=\"/wiki/Discogs\" title=\"Discogs\">Discogs</a> <span class=\"mw-valign-text-top noprint\" typeof=\"mw:File/Frameless\"><a href=\"https://www.wikidata.org/wiki/Q384023#P1953\" title=\"Edit this at Wikidata\"><img alt=\"Edit this at Wikidata\" src=\"//upload.wikimedia.org/wikipedia/en/thumb/8/8a/OOjs_UI_icon_edit-ltr-progressive.svg/20px-OOjs_UI_icon_edit-ltr-progressive.svg.png\" decoding=\"async\" width=\"10\" height=\"10\" class=\"mw-file-element\" data-file-width=\"20\" data-file-height=\"20\" /></a></span></li>\n<li><a rel=\"nofollow\" class=\"external text\" href=\"https://www.imdb.com/name/nm2414433/\">Cinderella</a> at <a href=\"/wiki/IMDb_(identifier)\" class=\"mw-redirect\" title=\"IMDb (identifier)\">IMDb</a></li></ul>\n<div class=\"navbox-styles\"><link rel=\"mw-deduplicated-inline-style\" href=\"mw-data:TemplateStyles:r1129693374\" /><style data-mw-deduplicate=\"TemplateStyles:r1236075235\">.mw-parser-output .navbox{box-sizing:border-box;border:1px solid #a2a9b1;width:100%;clear:both;font-size:88%;text-align:center;padding:1px;margin:1em auto 0}.mw-parser-output .navbox .navbox{margin-top:0}.mw-parser-output .navbox+.navbox,.mw-parser-output .navbox+.navbox-styles+.navbox{margin-top:-1px}.mw-parser-output .navbox-inner,.mw-parser-output .navbox-subgroup{width:100%}.mw-parser-output .navbox-group,.mw-parser-output .navbox-title,.mw-parser-output .navbox-abovebelow{padding:0.25em 1em;line-height:1.5em;text-align:center}.mw-parser-output .navbox-group{white-space:nowrap;text-align:right}.mw-parser-output .navbox,.mw-parser-output .navbox-subgroup{background-color:#fdfdfd}.mw-parser-output .navbox-list{line-height:1.5em;border-color:#fdfdfd}.mw-parser-output .navbox-list-with-group{text-align:left;border-left-width:2px;border-left-style:solid}.mw-parser-output tr+tr>.navbox-abovebelow,.mw-parser-output tr+tr>.navbox-group,.mw-parser-output tr+tr>.navbox-image,.mw-parser-output tr+tr>.navbox-list{border-top:2px solid #fdfdfd}.mw-parser-output .navbox-title{background-color:#ccf}.mw-parser-output .navbox-abovebelow,.mw-parser-output .navbox-group,.mw-parser-output .navbox-subgroup .navbox-title{background-color:#ddf}.mw-parser-output .navbox-subgroup .navbox-group,.mw-parser-output .navbox-subgroup .navbox-abovebelow{background-color:#e6e6ff}.mw-parser-output .navbox-even{background-color:#f7f7f7}.mw-parser-output .navbox-odd{background-color:transparent}.mw-parser-output .navbox .hlist td dl,.mw-parser-output .navbox .hlist td ol,.mw-parser-output .navbox .hlist td ul,.mw-parser-output .navbox td.hlist dl,.mw-parser-output .navbox td.hlist ol,.mw-parser-output .navbox td.hlist ul{padding:0.125em 0}.mw-parser-output .navbox .navbar{display:block;font-size:100%}.mw-parser-output .navbox-title .navbar{float:left;text-align:left;margin-right:0.5em}body.skin--responsive .mw-parser-output .navbox-image img{max-width:none!important}@media print{body.ns-0 .mw-parser-output .navbox{display:none!important}}</style><style data-mw-deduplicate=\"TemplateStyles:r1256394678\">@media screen{.mw-parser-output .navbox-musical-artist-solo .navbox-title{background-color:#f0e68c}.mw-parser-output .navbox-musical-artist-non-vocal .navbox-title{background-color:#f4bf92}.mw-parser-output .navbox-musical-artist-non-perform .navbox-title{background-color:#bfe0bf}.mw-parser-output .navbox-musical-artist-group .navbox-title{background-color:#b0c4de}.mw-parser-output .navbox-musical-artist-cover .navbox-title{background-color:#d8bfd8}.mw-parser-output .navbox-musical-artist-classical .navbox-title{background-color:#b0e0e6}.mw-parser-output .navbox-musical-artist-temp .navbox-title{background-color:#d3d3d3}.mw-parser-output .navbox-musical-artist .navbox-group,.mw-parser-output .navbox-musical-artist .navbox-abovebelow{background-color:var(--background-color-neutral,#eaecf0)}html.skin-theme-clienpref-night .mw-parser-output .navbox-musical-artist .navbox-title{background-color:inherit}}@media screen and (prefers-color-scheme:dark){html.skin-theme-clienpref-os .mw-parser-output .navbox-musical-artist .navbox-title{background-color:inherit}}</style></div><div role=\"navigation\" class=\"navbox navbox-musical-artist navbox-musical-artist-group\" aria-labelledby=\"Cinderella1027\" style=\"padding:3px\"><table class=\"nowraplinks vcard hlist mw-collapsible autocollapse navbox-inner\" style=\"border-spacing:0;background:transparent;color:inherit\"><tbody><tr><th scope=\"col\" class=\"navbox-title\" colspan=\"2\"><link rel=\"mw-deduplicated-inline-style\" href=\"mw-data:TemplateStyles:r1129693374\" /><style data-mw-deduplicate=\"TemplateStyles:r1239400231\">.mw-parser-output .navbar{display:inline;font-size:88%;font-weight:normal}.mw-parser-output .navbar-collapse{float:left;text-align:left}.mw-parser-output .navbar-boxtext{word-spacing:0}.mw-parser-output .navbar ul{display:inline-block;white-space:nowrap;line-height:inherit}.mw-parser-output .navbar-brackets::before{margin-right:-0.125em;content:\"[ \"}.mw-parser-output .navbar-brackets::after{margin-left:-0.125em;content:\" ]\"}.mw-parser-output .navbar li{word-spacing:-0.125em}.mw-parser-output .navbar a>span,.mw-parser-output .navbar a>abbr{text-decoration:inherit}.mw-parser-output .navbar-mini abbr{font-variant:small-caps;border-bottom:none;text-decoration:none;cursor:inherit}.mw-parser-output .navbar-ct-full{font-size:114%;margin:0 7em}.mw-parser-output .navbar-ct-mini{font-size:114%;margin:0 4em}html.skin-theme-clientpref-night .mw-parser-output .navbar li a abbr{color:var(--color-base)!important}@media(prefers-color-scheme:dark){html.skin-theme-clientpref-os .mw-parser-output .navbar li a abbr{color:var(--color-base)!important}}@media print{.mw-parser-output .navbar{display:none!important}}</style><div class=\"navbar plainlinks hlist navbar-mini\"><ul><li class=\"nv-view\"><a href=\"/wiki/Template:Cinderella_(band)\" title=\"Template:Cinderella (band)\"><abbr title=\"View this template\">v</abbr></a></li><li class=\"nv-talk\"><a href=\"/wiki/Template_talk:Cinderella_(band)\" title=\"Template talk:Cinderella (band)\"><abbr title=\"Discuss this template\">t</abbr></a></li><li class=\"nv-edit\"><a href=\"/wiki/Special:EditPage/Template:Cinderella_(band)\" title=\"Special:EditPage/Template:Cinderella (band)\"><abbr title=\"Edit this template\">e</abbr></a></li></ul></div><div id=\"Cinderella1027\" class=\"fn org\" style=\"font-size:114%;margin:0 4em\"><a class=\"mw-selflink selflink\">Cinderella</a></div></th></tr><tr><td class=\"navbox-abovebelow\" colspan=\"2\"><div>\n<ul><li><a href=\"/wiki/Michael_Schermick\" title=\"Michael Schermick\">Michael Schermick</a></li>\n<li><a href=\"/wiki/Tony_Destra\" title=\"Tony Destra\">Tony Destra</a></li>\n<li><a href=\"/wiki/Jim_Drnec\" title=\"Jim Drnec\">Jim Drnec</a></li>\n<li><a href=\"/wiki/Jody_Cortez\" title=\"Jody Cortez\">Jody Cortez</a></li>\n<li><a href=\"/wiki/Kevin_Valentine\" title=\"Kevin Valentine\">Kevin Valentine</a></li>\n<li><a href=\"/wiki/Kenny_Aronoff\" title=\"Kenny Aronoff\">Kenny Aronoff</a></li>\n<li><a href=\"/wiki/Paul_Taylor_(keyboardist)\" title=\"Paul Taylor (keyboardist)\">Paul Taylor</a></li>\n<li><a href=\"/wiki/Tom_Keifer\" title=\"Tom Keifer\">Tom Keifer</a></li>\n<li><a href=\"/wiki/Eric_Brittingham\" title=\"Eric Brittingham\">Eric Brittingham</a></li>\n<li><a href=\"/wiki/Jeff_LaBar\" title=\"Jeff LaBar\">Jeff LaBar</a></li>\n<li><a href=\"/wiki/Fred_Coury\" title=\"Fred Coury\">Fred Coury</a></li></ul>\n</div></td></tr><tr><th scope=\"row\" class=\"navbox-group\" style=\"width:1%\">Studio albums</th><td class=\"navbox-list-with-group navbox-list navbox-odd\" style=\"width:100%;padding:0\"><div style=\"padding:0 0.25em\">\n<ul><li><i><a href=\"/wiki/Night_Songs_(Cinderella_album)\" title=\"Night Songs (Cinderella album)\">Night Songs</a></i></li>\n<li><i><a href=\"/wiki/Long_Cold_Winter\" title=\"Long Cold Winter\">Long Cold Winter</a></i></li>\n<li><i><a href=\"/wiki/Heartbreak_Station\" title=\"Heartbreak Station\">Heartbreak Station</a></i></li>\n<li><i><a href=\"/wiki/Still_Climbing_(Cinderella_album)\" title=\"Still Climbing (Cinderella album)\">Still Climbing</a></i></li></ul>\n</div></td></tr><tr><th scope=\"row\" class=\"navbox-group\" style=\"width:1%\">Compilations</th><td class=\"navbox-list-with-group navbox-list navbox-even\" style=\"width:100%;padding:0\"><div style=\"padding:0 0.25em\">\n<ul><li><i><a href=\"/wiki/Rocked,_Wired_%26_Bluesed:_The_Greatest_Hits\" title=\"Rocked, Wired &amp; Bluesed: The Greatest Hits\">Rocked, Wired &amp; Bluesed: The Greatest Hits</a></i></li></ul>\n</div></td></tr><tr><th scope=\"row\" class=\"navbox-group\" style=\"width:1%\">Singles</th><td class=\"navbox-list-with-group navbox-list navbox-odd\" style=\"width:100%;padding:0\"><div style=\"padding:0 0.25em\">\n<ul><li>\"<a href=\"/wiki/Nobody%27s_Fool_(Cinderella_song)\" title=\"Nobody&#39;s Fool (Cinderella song)\">Nobody's Fool</a>\"</li>\n<li>\"<a href=\"/wiki/Somebody_Save_Me_(Cinderella_song)\" title=\"Somebody Save Me (Cinderella song)\">Somebody Save Me</a>\"</li>\n<li>\"<a href=\"/wiki/Gypsy_Road\" title=\"Gypsy Road\">Gypsy Road</a>\"</li>\n<li>\"<a href=\"/wiki/Don%27t_Know_What_You_Got_(Till_It%27s_Gone)\" title=\"Don&#39;t Know What You Got (Till It&#39;s Gone)\">Don't Know What You Got (Till It's Gone)</a>\"</li>\n<li>\"<a href=\"/wiki/Coming_Home_(Cinderella_song)\" title=\"Coming Home (Cinderella song)\">Coming Home</a>\"</li>\n<li>\"<a href=\"/wiki/The_Last_Mile_(song)\" title=\"The Last Mile (song)\">The Last Mile</a>\"</li>\n<li>\"<a href=\"/wiki/Shelter_Me_(song)\" title=\"Shelter Me (song)\">Shelter Me</a>\"</li></ul>\n</div></td></tr><tr><th scope=\"row\" class=\"navbox-group\" style=\"width:1%\">Related</th><td class=\"navbox-list-with-group navbox-list navbox-even\" style=\"width:100%;padding:0\"><div style=\"padding:0 0.25em\">\n<ul><li><a href=\"/wiki/Cinderella_discography\" title=\"Cinderella discography\">Discography</a></li>\n<li><a href=\"/wiki/Devil_City_Angels\" title=\"Devil City Angels\">Devil City Angels</a></li></ul>\n</div></td></tr></tbody></table></div>\n<div class=\"navbox-styles\"><link rel=\"mw-deduplicated-inline-style\" href=\"mw-data:TemplateStyles:r1129693374\" /><link rel=\"mw-deduplicated-inline-style\" href=\"mw-data:TemplateStyles:r1236075235\" /><style data-mw-deduplicate=\"TemplateStyles:r1038841319\">.mw-parser-output .tooltip-dotted{border-bottom:1px dotted;cursor:help}</style></div><div role=\"navigation\" class=\"navbox authority-control\" aria-labelledby=\"Authority_control_databases_frameless&amp;#124;text-top&amp;#124;10px&amp;#124;alt=Edit_this_at_Wikidata&amp;#124;link=https&amp;#58;//www.wikidata.org/wiki/Q384023#identifiers&amp;#124;class=noprint&amp;#124;Edit_this_at_Wikidata992\" style=\"padding:3px\"><table class=\"nowraplinks hlist mw-collapsible autocollapse navbox-inner\" style=\"border-spacing:0;background:transparent;color:inherit\"><tbody><tr><th scope=\"col\" class=\"navbox-title\" colspan=\"2\"><div id=\"Authority_control_databases_frameless&amp;#124;text-top&amp;#124;10px&amp;#124;alt=Edit_this_at_Wikidata&amp;#124;link=https&amp;#58;//www.wikidata.org/wiki/Q384023#identifiers&amp;#124;class=noprint&amp;#124;Edit_this_at_Wikidata992\" style=\"font-size:114%;margin:0 4em\"><a href=\"/wiki/Help:Authority_control\" title=\"Help:Authority control\">Authority control databases</a> <span class=\"mw-valign-text-top noprint\" typeof=\"mw:File/Frameless\"><a href=\"https://www.wikidata.org/wiki/Q384023#identifiers\" title=\"Edit this at Wikidata\"><img alt=\"Edit this at Wikidata\" src=\"//upload.wikimedia.org/wikipedia/en/thumb/8/8a/OOjs_UI_icon_edit-ltr-progressive.svg/20px-OOjs_UI_icon_edit-ltr-progressive.svg.png\" decoding=\"async\" width=\"10\" height=\"10\" class=\"mw-file-element\" data-file-width=\"20\" data-file-height=\"20\" /></a></span></div></th></tr><tr><th scope=\"row\" class=\"navbox-group\" style=\"width:1%\">International</th><td class=\"navbox-list-with-group navbox-list navbox-odd\" style=\"width:100%;padding:0\"><div style=\"padding:0 0.25em\"><ul><li><span class=\"uid\"><a rel=\"nofollow\" class=\"external text\" href=\"https://isni.org/isni/0000000123697881\">ISNI</a></span></li><li><span class=\"uid\"><a rel=\"nofollow\" class=\"external text\" href=\"https://viaf.org/viaf/156722636\">VIAF</a></span></li></ul></div></td></tr><tr><th scope=\"row\" class=\"navbox-group\" style=\"width:1%\">National</th><td class=\"navbox-list-with-group navbox-list navbox-even\" style=\"width:100%;padding:0\"><div style=\"padding:0 0.25em\"><ul><li><span class=\"uid\"><a rel=\"nofollow\" class=\"external text\" href=\"https://id.loc.gov/authorities/n92004377\">United States</a></span></li><li><span class=\"uid\"><span class=\"rt-commentedText tooltip tooltip-dotted\" title=\"Cinderella (hudební skupina)\"><a rel=\"nofollow\" class=\"external text\" href=\"https://aleph.nkp.cz/F/?func=find-c&amp;local_base=aut&amp;ccl_term=ica=xx0132068&amp;CON_LNG=ENG\">Czech Republic</a></span></span></li></ul></div></td></tr><tr><th scope=\"row\" class=\"navbox-group\" style=\"width:1%\">Artists</th><td class=\"navbox-list-with-group navbox-list navbox-odd\" style=\"width:100%;padding:0\"><div style=\"padding:0 0.25em\"><ul><li><span class=\"uid\"><a rel=\"nofollow\" class=\"external text\" href=\"https://musicbrainz.org/artist/8b07bb3d-aff5-4ce5-9f41-2872bc79320f\">MusicBrainz</a></span></li></ul></div></td></tr></tbody></table></div>\n<!-- \nNewPP limit report\nParsed by mw‐web.codfw.main‐9c75744‐tf2kh\nCached time: 20250928050118\nCache expiry: 2592000\nReduced expiry: false\nComplications: [vary‐revision‐sha1, show‐toc]\nCPU time usage: 0.843 seconds\nReal time usage: 1.372 seconds\nPreprocessor visited node count: 3735/1000000\nRevision size: 26377/2097152 bytes\nPost‐expand include size: 81686/2097152 bytes\nTemplate argument size: 6416/2097152 bytes\nHighest expansion depth: 14/100\nExpensive parser function count: 6/500\nUnstrip recursion depth: 1/20\nUnstrip post‐expand size: 120791/5000000 bytes\nLua time usage: 0.456/10.000 seconds\nLua memory usage: 7625339/52428800 bytes\nNumber of Wikibase entities loaded: 1/500\n-->\n<!--\nTransclusion expansion time report (%,ms,calls,template)\n100.00% 1267.974      1 -total\n 22.61%  286.653      1 Template:Reflist\n 16.96%  215.021      1 Template:Use_American_English\n 16.92%  214.560      1 Template:Infobox_musical_artist\n 16.40%  207.923      1 Template:Infobox\n 15.75%  199.651      2 Template:DMCA\n  9.05%  114.692     25 Template:Cite_web\n  8.62%  109.251      2 Template:Dated_maintenance_category\n  7.85%   99.571      1 Template:Cite_magazine\n  6.68%   84.721      1 Template:Short_description\n-->\n\n<!-- Saved in parser cache with key enwiki:pcache:658825:|#|:idhash:canonical and timestamp 20250928050118 and revision id 1302701808. Rendering was triggered because: page_view\n -->\n</div>"
        }
    }
}