{
    "parse": {
        "title": "Damn Yankees (band)",
        "pageid": 888086,
        "text": {
            "*": "<div class=\"mw-content-ltr mw-parser-output\" lang=\"en\" dir=\"ltr\"><div class=\"shortdescription nomobile noexcerpt noprint searchaux\" style=\"display:none\">American rock band</div>\n<style data-mw-deduplicate=\"TemplateStyles:r1305433154\">.mw-parser-output .ambox{border:1px solid #a2a9b1;border-left:10px solid #36c;background-color:#fbfbfb;box-sizing:border-box}.mw-parser-output .ambox+link+.ambox,.mw-parser-output .ambox+link+style+.ambox,.mw-parser-output .ambox+link+link+.ambox,.mw-parser-output .ambox+.mw-empty-elt+link+.ambox,.mw-parser-output .ambox+.mw-empty-elt+link+style+.ambox,.mw-parser-output .ambox+.mw-empty-elt+link+link+.ambox{margin-top:-1px}html body.mediawiki .mw-parser-output .ambox.mbox-small-left{margin:4px 1em 4px 0;overflow:hidden;width:238px;border-collapse:collapse;font-size:88%;line-height:1.25em}.mw-parser-output .ambox-speedy{border-left:10px solid #b32424;background-color:#fee7e6}.mw-parser-output .ambox-delete{border-left:10px solid #b32424}.mw-parser-output .ambox-content{border-left:10px solid #f28500}.mw-parser-output .ambox-style{border-left:10px solid #fc3}.mw-parser-output .ambox-move{border-left:10px solid #9932cc}.mw-parser-output .ambox-protection{border-left:10px solid #a2a9b1}.mw-parser-output .ambox .mbox-text{border:none;padding:0.25em 0.5em;width:100%}.mw-parser-output .ambox .mbox-image{border:none;padding:2px 0 2px 0.5em;text-align:center}.mw-parser-output .ambox .mbox-imageright{border:none;padding:2px 0.5em 2px 0;text-align:center}.mw-parser-output .ambox .mbox-empty-cell{border:none;padding:0;width:1px}.mw-parser-output .ambox .mbox-image-div{width:52px}@media(min-width:720px){.mw-parser-output .ambox{margin:0 10%}}@media print{body.ns-0 .mw-parser-output .ambox{display:none!important}}</style><table class=\"box-More_citations_needed plainlinks metadata ambox ambox-content ambox-Refimprove\" role=\"presentation\"><tbody><tr><td class=\"mbox-image\"><div class=\"mbox-image-div\"><span typeof=\"mw:File\"><a href=\"/wiki/File:Question_book-new.svg\" class=\"mw-file-description\"><img alt=\"\" src=\"//upload.wikimedia.org/wikipedia/en/thumb/9/99/Question_book-new.svg/60px-Question_book-new.svg.png\" decoding=\"async\" width=\"50\" height=\"39\" class=\"mw-file-element\" srcset=\"//upload.wikimedia.org/wikipedia/en/thumb/9/99/Question_book-new.svg/120px-Question_book-new.svg.png 1.5x\" data-file-width=\"512\" data-file-height=\"399\" /></a></span></div></td><td class=\"mbox-text\"><div class=\"mbox-text-span\">This article <b>needs additional citations for <a href=\"/wiki/Wikipedia:Verifiability\" title=\"Wikipedia:Verifiability\">verification</a></b>.<span class=\"hide-when-compact\"> Please help <a href=\"/wiki/Special:EditPage/Damn_Yankees_(band)\" title=\"Special:EditPage/Damn Yankees (band)\">improve this article</a> by <a href=\"/wiki/Help:Referencing_for_beginners\" title=\"Help:Referencing for beginners\">adding citations to reliable sources</a>. Unsourced material may be challenged and removed.<br /><small><span class=\"plainlinks\"><i>Find sources:</i>&#160;<a rel=\"nofollow\" class=\"external text\" href=\"https://www.google.com/search?as_eq=wikipedia&amp;q=%22Damn+Yankees%22+band\">\"Damn Yankees\"&#160;band</a>&#160;–&#160;<a rel=\"nofollow\" class=\"external text\" href=\"https://www.google.com/search?tbm=nws&amp;q=%22Damn+Yankees%22+band+-wikipedia&amp;tbs=ar:1\">news</a>&#160;<b>·</b> <a rel=\"nofollow\" class=\"external text\" href=\"https://www.google.com/search?&amp;q=%22Damn+Yankees%22+band&amp;tbs=bkt:s&amp;tbm=bks\">newspapers</a>&#160;<b>·</b> <a rel=\"nofollow\" class=\"external text\" href=\"https://www.google.com/search?tbs=bks:1&amp;q=%22Damn+Yankees%22+band+-wikipedia\">books</a>&#160;<b>·</b> <a rel=\"nofollow\" class=\"external text\" href=\"https://scholar.google.com/scholar?q=%22Damn+Yankees%22+band\">scholar</a>&#160;<b>·</b> <a rel=\"nofollow\" class=\"external text\" href=\"https://www.jstor.org/action/doBasicSearch?Query=%22Damn+Yankees%22+band&amp;acc=on&amp;wc=on\">JSTOR</a></span></small></span>  <span class=\"date-container\"><i>(<span class=\"date\">July 2021</span>)</i></span><span class=\"hide-when-compact\"><i> (<small><a href=\"/wiki/Help:Maintenance_template_removal\" title=\"Help:Maintenance template removal\">Learn how and when to remove this message</a></small>)</i></span></div></td></tr></tbody></table>\n<p class=\"mw-empty-elt\">\n</p>\n<style data-mw-deduplicate=\"TemplateStyles:r1126788409\">.mw-parser-output .plainlist ol,.mw-parser-output .plainlist ul{line-height:inherit;list-style:none;margin:0;padding:0}.mw-parser-output .plainlist ol li,.mw-parser-output .plainlist ul li{margin-bottom:0}</style><style data-mw-deduplicate=\"TemplateStyles:r1295905060\">.mw-parser-output .infobox-subbox{padding:0;border:none;margin:-3px;width:auto;min-width:100%;font-size:100%;clear:none;float:none;background-color:transparent}.mw-parser-output .infobox-3cols-child{margin:auto}.mw-parser-output .infobox .navbar{font-size:100%}@media screen{html.skin-theme-clientpref-night .mw-parser-output .infobox-full-data:not(.notheme)>div:not(.notheme)[style]{background:#1f1f23!important;color:#f8f9fa}}@media screen and (prefers-color-scheme:dark){html.skin-theme-clientpref-os .mw-parser-output .infobox-full-data:not(.notheme)>div:not(.notheme)[style]{background:#1f1f23!important;color:#f8f9fa}}@media(min-width:640px){body.skin--responsive .mw-parser-output .infobox-table{display:table!important}body.skin--responsive .mw-parser-output .infobox-table>caption{display:table-caption!important}body.skin--responsive .mw-parser-output .infobox-table>tbody{display:table-row-group}body.skin--responsive .mw-parser-output .infobox-table th,body.skin--responsive .mw-parser-output .infobox-table td{padding-left:inherit;padding-right:inherit}}</style><table class=\"infobox vcard plainlist\"><tbody><tr><th colspan=\"2\" class=\"infobox-above\" style=\"color: #202122;background-color: #b0c4de; font-size: 125%;\"><div class=\"\">Damn Yankees</div></th></tr><tr><td colspan=\"2\" class=\"infobox-image\"><span class=\"mw-default-size\" typeof=\"mw:File/Frameless\"><a href=\"/wiki/File:Damn_Yankees_today.JPG\" class=\"mw-file-description\" title=\"Upper left: Tommy Shaw, upper right: Ted Nugent, lower left: Jack Blades, lower right: Michael Cartellone\"><img alt=\"Upper left: Tommy Shaw, upper right: Ted Nugent, lower left: Jack Blades, lower right: Michael Cartellone\" src=\"//upload.wikimedia.org/wikipedia/commons/thumb/5/54/Damn_Yankees_today.JPG/250px-Damn_Yankees_today.JPG\" decoding=\"async\" width=\"250\" height=\"331\" class=\"mw-file-element\" srcset=\"//upload.wikimedia.org/wikipedia/commons/thumb/5/54/Damn_Yankees_today.JPG/375px-Damn_Yankees_today.JPG 1.5x, //upload.wikimedia.org/wikipedia/commons/5/54/Damn_Yankees_today.JPG 2x\" data-file-width=\"398\" data-file-height=\"527\" /></a></span><div class=\"infobox-caption\">Upper left: Tommy Shaw, upper right: Ted Nugent, lower left: Jack Blades, lower right: Michael Cartellone</div></td></tr><tr><th colspan=\"2\" class=\"infobox-header\" style=\"color: #202122;background-color: #b0c4de\">Background information</th></tr><tr><th scope=\"row\" class=\"infobox-label\">Origin</th><td class=\"infobox-data\"><a href=\"/wiki/New_York_City\" title=\"New York City\">New York City</a>, U.S.</td></tr><tr><th scope=\"row\" class=\"infobox-label\">Genres</th><td class=\"infobox-data\"><style data-mw-deduplicate=\"TemplateStyles:r1129693374\">.mw-parser-output .hlist dl,.mw-parser-output .hlist ol,.mw-parser-output .hlist ul{margin:0;padding:0}.mw-parser-output .hlist dd,.mw-parser-output .hlist dt,.mw-parser-output .hlist li{margin:0;display:inline}.mw-parser-output .hlist.inline,.mw-parser-output .hlist.inline dl,.mw-parser-output .hlist.inline ol,.mw-parser-output .hlist.inline ul,.mw-parser-output .hlist dl dl,.mw-parser-output .hlist dl ol,.mw-parser-output .hlist dl ul,.mw-parser-output .hlist ol dl,.mw-parser-output .hlist ol ol,.mw-parser-output .hlist ol ul,.mw-parser-output .hlist ul dl,.mw-parser-output .hlist ul ol,.mw-parser-output .hlist ul ul{display:inline}.mw-parser-output .hlist .mw-empty-li{display:none}.mw-parser-output .hlist dt::after{content:\": \"}.mw-parser-output .hlist dd::after,.mw-parser-output .hlist li::after{content:\" · \";font-weight:bold}.mw-parser-output .hlist dd:last-child::after,.mw-parser-output .hlist dt:last-child::after,.mw-parser-output .hlist li:last-child::after{content:none}.mw-parser-output .hlist dd dd:first-child::before,.mw-parser-output .hlist dd dt:first-child::before,.mw-parser-output .hlist dd li:first-child::before,.mw-parser-output .hlist dt dd:first-child::before,.mw-parser-output .hlist dt dt:first-child::before,.mw-parser-output .hlist dt li:first-child::before,.mw-parser-output .hlist li dd:first-child::before,.mw-parser-output .hlist li dt:first-child::before,.mw-parser-output .hlist li li:first-child::before{content:\" (\";font-weight:normal}.mw-parser-output .hlist dd dd:last-child::after,.mw-parser-output .hlist dd dt:last-child::after,.mw-parser-output .hlist dd li:last-child::after,.mw-parser-output .hlist dt dd:last-child::after,.mw-parser-output .hlist dt dt:last-child::after,.mw-parser-output .hlist dt li:last-child::after,.mw-parser-output .hlist li dd:last-child::after,.mw-parser-output .hlist li dt:last-child::after,.mw-parser-output .hlist li li:last-child::after{content:\")\";font-weight:normal}.mw-parser-output .hlist ol{counter-reset:listitem}.mw-parser-output .hlist ol>li{counter-increment:listitem}.mw-parser-output .hlist ol>li::before{content:\" \"counter(listitem)\"\\a0 \"}.mw-parser-output .hlist dd ol>li:first-child::before,.mw-parser-output .hlist dt ol>li:first-child::before,.mw-parser-output .hlist li ol>li:first-child::before{content:\" (\"counter(listitem)\"\\a0 \"}</style><div class=\"hlist\">\n<ul><li><a href=\"/wiki/Hard_rock\" title=\"Hard rock\">Hard rock</a><sup id=\"cite_ref-1\" class=\"reference\"><a href=\"#cite_note-1\"><span class=\"cite-bracket\">&#91;</span>1<span class=\"cite-bracket\">&#93;</span></a></sup></li>\n<li><a href=\"/wiki/Arena_rock\" title=\"Arena rock\">arena rock</a><sup id=\"cite_ref-AM_2-0\" class=\"reference\"><a href=\"#cite_note-AM-2\"><span class=\"cite-bracket\">&#91;</span>2<span class=\"cite-bracket\">&#93;</span></a></sup></li>\n<li><span class=\"nowrap\"><a href=\"/wiki/Glam_metal\" title=\"Glam metal\">glam metal</a></span><sup id=\"cite_ref-3\" class=\"reference\"><a href=\"#cite_note-3\"><span class=\"cite-bracket\">&#91;</span>3<span class=\"cite-bracket\">&#93;</span></a></sup></li></ul>\n</div></td></tr><tr><th scope=\"row\" class=\"infobox-label\"><span class=\"nowrap\">Years active</span></th><td class=\"infobox-data\"><link rel=\"mw-deduplicated-inline-style\" href=\"mw-data:TemplateStyles:r1129693374\" /><div class=\"hlist\">\n<ul><li>1989–1994</li>\n<li>1998–2001</li>\n<li>2004</li>\n<li>2010</li></ul>\n</div></td></tr><tr><th scope=\"row\" class=\"infobox-label\">Labels</th><td class=\"infobox-data\"><a href=\"/wiki/Warner_Bros._Records\" class=\"mw-redirect\" title=\"Warner Bros. Records\">Warner Bros.</a></td></tr><tr><th colspan=\"2\" class=\"infobox-header\" style=\"color: #202122;background-color: #b0c4de\"></th></tr><tr><th scope=\"row\" class=\"infobox-label\"><span class=\"nowrap\">Past members</span></th><td class=\"infobox-data\">\n<ul><li><a href=\"/wiki/Tommy_Shaw\" title=\"Tommy Shaw\">Tommy Shaw</a></li>\n<li><a href=\"/wiki/Jack_Blades\" title=\"Jack Blades\">Jack Blades</a></li>\n<li><a href=\"/wiki/Ted_Nugent\" title=\"Ted Nugent\">Ted Nugent</a></li>\n<li><a href=\"/wiki/Michael_Cartellone\" title=\"Michael Cartellone\">Michael Cartellone</a></li></ul>\n</td></tr></tbody></table>\n<p><b>Damn Yankees</b> were an American <a href=\"/wiki/Rock_music\" title=\"Rock music\">rock</a> <a href=\"/wiki/Supergroup_(music)\" title=\"Supergroup (music)\">supergroup</a> formed in <a href=\"/wiki/New_York_City\" title=\"New York City\">New York City</a>, in 1989. Consisting of singer/guitarist <a href=\"/wiki/Tommy_Shaw\" title=\"Tommy Shaw\">Tommy Shaw</a> of <a href=\"/wiki/Styx_(band)\" title=\"Styx (band)\">Styx</a>, singer/bassist <a href=\"/wiki/Jack_Blades\" title=\"Jack Blades\">Jack Blades</a> of <a href=\"/wiki/Night_Ranger\" title=\"Night Ranger\">Night Ranger</a>, guitarist <a href=\"/wiki/Ted_Nugent\" title=\"Ted Nugent\">Ted Nugent</a> of <a href=\"/wiki/The_Amboy_Dukes_(band)\" title=\"The Amboy Dukes (band)\">the Amboy Dukes</a>, and drummer <a href=\"/wiki/Michael_Cartellone\" title=\"Michael Cartellone\">Michael Cartellone</a> (who would later join <a href=\"/wiki/Lynyrd_Skynyrd\" title=\"Lynyrd Skynyrd\">Lynyrd Skynyrd</a>).<sup id=\"cite_ref-AM_2-1\" class=\"reference\"><a href=\"#cite_note-AM-2\"><span class=\"cite-bracket\">&#91;</span>2<span class=\"cite-bracket\">&#93;</span></a></sup>\n</p><p>They are remembered for the songs \"<a href=\"/wiki/High_Enough\" title=\"High Enough\">High Enough</a>\" and \"<a href=\"/wiki/Where_You_Goin%27_Now\" title=\"Where You Goin&#39; Now\">Where You Goin' Now</a>\", both <a href=\"/wiki/Top_40\" title=\"Top 40\">Top 40</a> hits in the early 1990s.\n</p>\n\n<div class=\"mw-heading mw-heading2\"><h2 id=\"History\">History</h2></div>\n<p>In the late 1980s, the US rock music scene witnessed a trend for supergroups; <a href=\"/wiki/Bad_English\" title=\"Bad English\">Bad English</a>, <a href=\"/wiki/Mr._Big_(American_band)\" title=\"Mr. Big (American band)\">Mr. Big</a> and <a href=\"/wiki/Badlands_(American_band)\" class=\"mw-redirect\" title=\"Badlands (American band)\">Badlands</a> were all formed around that time.<sup id=\"cite_ref-LarkinHR_4-0\" class=\"reference\"><a href=\"#cite_note-LarkinHR-4\"><span class=\"cite-bracket\">&#91;</span>4<span class=\"cite-bracket\">&#93;</span></a></sup> Shaw, Blades and Nugent were put together by producer <a href=\"/wiki/John_Kalodner\" title=\"John Kalodner\">John Kalodner</a> as Damn Yankees in 1989 <sup id=\"cite_ref-5\" class=\"reference\"><a href=\"#cite_note-5\"><span class=\"cite-bracket\">&#91;</span>5<span class=\"cite-bracket\">&#93;</span></a></sup> in response to declining commercial success of their original bands.<sup id=\"cite_ref-:0_6-0\" class=\"reference\"><a href=\"#cite_note-:0-6\"><span class=\"cite-bracket\">&#91;</span>6<span class=\"cite-bracket\">&#93;</span></a></sup> Produced by rock producer <a href=\"/wiki/Ron_Nevison\" title=\"Ron Nevison\">Ron Nevison</a>, the newly formed band's <a href=\"/wiki/Damn_Yankees_(album)\" title=\"Damn Yankees (album)\">self-titled debut album</a> was released in 1990 and went double-platinum in 1994.<sup id=\"cite_ref-riaa_7-0\" class=\"reference\"><a href=\"#cite_note-riaa-7\"><span class=\"cite-bracket\">&#91;</span>7<span class=\"cite-bracket\">&#93;</span></a></sup> Jack Blades's leading single \"Coming of Age\" hit No. 60 on the U.S. Hot 100 and No. 1 on the <a href=\"/wiki/Album-oriented_rock\" title=\"Album-oriented rock\">AOR</a> charts, while Shaw-penned \"Come Again\" received extensive AOR airplay.\n</p><p>The <a href=\"/wiki/Power_ballad\" class=\"mw-redirect\" title=\"Power ballad\">power ballad</a> \"<a href=\"/wiki/High_Enough\" title=\"High Enough\">High Enough</a>\" became their best selling single, rising to No. 3 on U.S. <a href=\"/wiki/Billboard_Hot_100\" title=\"Billboard Hot 100\">Billboard Hot 100</a><sup id=\"cite_ref-LarkinHR_4-1\" class=\"reference\"><a href=\"#cite_note-LarkinHR-4\"><span class=\"cite-bracket\">&#91;</span>4<span class=\"cite-bracket\">&#93;</span></a></sup> and No. 2 on AOR charts at the beginning of 1991. \"High Enough\" was Ted Nugent's first mainstream top ten single. The band's songs appeared on several Hollywood film soundtracks, such as <i><a href=\"/wiki/Gremlins_2:_The_New_Batch\" title=\"Gremlins 2: The New Batch\">Gremlins 2: The New Batch</a></i>, <i><a href=\"/wiki/Nothing_But_Trouble_(1991_film)\" class=\"mw-redirect\" title=\"Nothing But Trouble (1991 film)\">Nothing But Trouble</a></i> and <i><a href=\"/wiki/The_Taking_of_Beverly_Hills\" title=\"The Taking of Beverly Hills\">The Taking of Beverly Hills</a></i>.\n</p><p>After the release of their debut, Damn Yankees went on an 18-month world tour with a revamped <a href=\"/wiki/Bad_Company\" title=\"Bad Company\">Bad Company</a>, <a href=\"/wiki/Poison_(American_band)\" class=\"mw-redirect\" title=\"Poison (American band)\">Poison</a> and <a href=\"/wiki/Jackyl\" title=\"Jackyl\">Jackyl</a>. Their US tour coincided with the <a href=\"/wiki/Gulf_War\" title=\"Gulf War\">Persian Gulf War</a>, in which the band unfurled American flags and made patriotic statements.\n</p><p>In 1992, Damn Yankees went gold with their follow-up album <i><a href=\"/wiki/Don%27t_Tread\" title=\"Don&#39;t Tread\">Don't Tread</a>.</i><sup id=\"cite_ref-LarkinHR_4-2\" class=\"reference\"><a href=\"#cite_note-LarkinHR-4\"><span class=\"cite-bracket\">&#91;</span>4<span class=\"cite-bracket\">&#93;</span></a></sup> The title song, sung by Blades, was included on the album <i><a href=\"/wiki/Barcelona_Gold\" title=\"Barcelona Gold\">Barcelona Gold</a></i>, released in coordination with the <a href=\"/wiki/1992_Summer_Olympics\" title=\"1992 Summer Olympics\">Barcelona Olympic Games</a>. Nugent also appeared on <a href=\"/wiki/Rock_the_Vote\" title=\"Rock the Vote\">Rock the Vote</a>, voicing support for the <a href=\"/wiki/Republican_Party_(United_States)\" title=\"Republican Party (United States)\">GOP</a> against <a href=\"/wiki/Bill_Clinton\" title=\"Bill Clinton\">Bill Clinton</a>. Although the second release was not as successful as the first album,<sup id=\"cite_ref-:0_6-1\" class=\"reference\"><a href=\"#cite_note-:0-6\"><span class=\"cite-bracket\">&#91;</span>6<span class=\"cite-bracket\">&#93;</span></a></sup> it spawned several popular singles, such as \"Mister Please,\" \"<a href=\"/wiki/Where_You_Goin%27_Now\" title=\"Where You Goin&#39; Now\">Where You Goin' Now</a>\" and \"The Silence Is Broken,\" a power ballad featured in the 1993 <a href=\"/wiki/Jean-Claude_Van_Damme\" title=\"Jean-Claude Van Damme\">Jean-Claude Van Damme</a> film <i><a href=\"/wiki/Nowhere_to_Run_(1993_film)\" title=\"Nowhere to Run (1993 film)\">Nowhere to Run</a></i>.\n</p>\n<div class=\"mw-heading mw-heading3\"><h3 id=\"Shaw_Blades\">Shaw Blades</h3></div><p>\nBy 1994, there had been a changing of the guard at Warners. Jack Blades explained:<sup id=\"cite_ref-UCR_8-0\" class=\"reference\"><a href=\"#cite_note-UCR-8\"><span class=\"cite-bracket\">&#91;</span>8<span class=\"cite-bracket\">&#93;</span></a></sup></p><blockquote><p>The new regime came in, and they didn't want to do anything with that style of music. And in fact, they paid Damn Yankees a million dollars not to do another Damn Yankees record. We're like, 'Really? OK, we'll just take the check. Why not?' That was how it was because Damn Yankees had sold so many records and we were so recouped, so in our contract the next thing was like 'We get a million bucks to do an album,' and they just paid us the million dollars NOT to do the record. That's how much nobody wanted anything to do with that era and style of music.</p></blockquote>\n<p>So after that, Nugent revived his solo career, leaving Tommy Shaw and Jack Blades to record their own album as the duo <a href=\"/wiki/Shaw_Blades\" title=\"Shaw Blades\">Shaw Blades</a>. Released in March 1995, <i>Hallucination</i> received very little support from its label as the personnel change brought in industry executives more sympathetic to <a href=\"/wiki/Alternative_rock\" title=\"Alternative rock\">alternative</a> and <a href=\"/wiki/Grunge\" title=\"Grunge\">grunge</a> bands.<sup id=\"cite_ref-UCR_8-1\" class=\"reference\"><a href=\"#cite_note-UCR-8\"><span class=\"cite-bracket\">&#91;</span>8<span class=\"cite-bracket\">&#93;</span></a></sup> Ultimately, the Shaw Blades album came out to some critical praise, but it vanished without major single support or a national tour (which had been cancelled by Warner Bros.). \"I'll Always Be With You\" did garner some AOR airplay and the title track was heard in the hit movie <i><a href=\"/wiki/Tommy_Boy_(film)\" class=\"mw-redirect\" title=\"Tommy Boy (film)\">Tommy Boy</a></i>, but after a brief West Coast tour, both Shaw and Blades went back to their respective original bands, Styx and Night Ranger.\n</p><p>In 2007, Shaw Blades released their album <i>Influence</i>, which consisted solely of cover songs that influenced them, mostly from the 1960s and 1970s. The pair also recorded a cover of the classic Christmas song \"The Twelve Days of Christmas\" on the \"A Classic Rock Christmas\" album by various Classic Rock artists in 2002. Both members still principally record and perform with their respective original bands.\n</p>\n<div class=\"mw-heading mw-heading2\"><h2 id=\"Reunions\">Reunions</h2></div><p>\nDuring a hiatus in both Night Ranger and Styx, Shaw and Blades met with Ted Nugent to record a new Damn Yankees album in 1999.<sup id=\"cite_ref-UCR_8-2\" class=\"reference\"><a href=\"#cite_note-UCR-8\"><span class=\"cite-bracket\">&#91;</span>8<span class=\"cite-bracket\">&#93;</span></a></sup> However, the album, provisionally titled <i>Bravo</i>, failed to please either the band members or the prospective record labels.<sup id=\"cite_ref-UCR_8-3\" class=\"reference\"><a href=\"#cite_note-UCR-8\"><span class=\"cite-bracket\">&#91;</span>8<span class=\"cite-bracket\">&#93;</span></a></sup> According to Blades, some of this unused material has since surfaced on various group and solo albums of the band members:<sup id=\"cite_ref-UCR_8-4\" class=\"reference\"><a href=\"#cite_note-UCR-8\"><span class=\"cite-bracket\">&#91;</span>8<span class=\"cite-bracket\">&#93;</span></a></sup></p><blockquote><p>That will never come out. It will always be the long lost record. Little pieces of that have dripped out on my solo record. Tommy had a song on Styx's <i><a href=\"/wiki/Cyclorama_(album)\" title=\"Cyclorama (album)\">Cyclorama</a></i> record. Ted's done two or three of them. It's been hard to figure out, like, 'Oh yeah! That was one of our songs.' It's pretty wild. That record will never see the light of day, but the ones that came out are the best of it.</p></blockquote>\n<p>While on the VH1 Classic show <i>Power Ballads of 88</i>, Jack Blades commented about recent rumors regarding Damn Yankees. Jack said he, Ted, and Tommy had been talking and hanging out. Jack then said there would be new music and a tour from Damn Yankees in the future.<sup class=\"noprint Inline-Template Template-Fact\" style=\"white-space:nowrap;\">&#91;<i><a href=\"/wiki/Wikipedia:Citation_needed\" title=\"Wikipedia:Citation needed\"><span title=\"This claim needs references to reliable sources. (May 2009)\">citation needed</span></a></i>&#93;</sup>\n</p><p>In 2004 at <a href=\"/wiki/Alice_Cooper\" title=\"Alice Cooper\">Alice Cooper</a>'s Christmas Pudding, an annual charity concert to benefit Alice Cooper's Solid Rock Foundation and Teen Center in Phoenix, AZ, Damn Yankees reunited on stage.<sup id=\"cite_ref-9\" class=\"reference\"><a href=\"#cite_note-9\"><span class=\"cite-bracket\">&#91;</span>9<span class=\"cite-bracket\">&#93;</span></a></sup> The band played \"Don't Tread\", \"High Enough\" and \"Coming of Age\".\n</p><p>On January 15, 2010 at the <a href=\"/wiki/NAMM_Show\" title=\"NAMM Show\">NAMM Show</a> in Anaheim, California, the original members of Damn Yankees made a surprise appearance at the Taylor Guitars exhibit. Jack Blades, Tommy Shaw, Ted Nugent and Michael Cartellone performed an acoustic set on the Taylor Stage, including hits such as \"Coming of Age\", \"High Enough\" and the Ted Nugent anthem \"Cat Scratch Fever\".<sup class=\"noprint Inline-Template Template-Fact\" style=\"white-space:nowrap;\">&#91;<i><a href=\"/wiki/Wikipedia:Citation_needed\" title=\"Wikipedia:Citation needed\"><span title=\"This claim needs references to reliable sources. (August 2020)\">citation needed</span></a></i>&#93;</sup>\n</p><p>In 2011 Nugent joined Jack Blades' band <a href=\"/wiki/Night_Ranger\" title=\"Night Ranger\">Night Ranger</a> to record an extended version of \"Coming of Age\" as a B-side for their album <a href=\"/wiki/Somewhere_in_California_(album)\" title=\"Somewhere in California (album)\">\"Somewhere in California.\"</a> In place of his original solo, Nugent plays a version of the guitar solo from <a href=\"/wiki/Stranglehold_(Ted_Nugent_song)\" title=\"Stranglehold (Ted Nugent song)\">\"Stranglehold.\"</a><sup id=\"cite_ref-10\" class=\"reference\"><a href=\"#cite_note-10\"><span class=\"cite-bracket\">&#91;</span>10<span class=\"cite-bracket\">&#93;</span></a></sup>\n</p><p>In May 2017 Cartellone joined Night Ranger at the Wildflower Festival in Richardson, Texas for a performance of \"Coming of Age.\"<sup id=\"cite_ref-11\" class=\"reference\"><a href=\"#cite_note-11\"><span class=\"cite-bracket\">&#91;</span>11<span class=\"cite-bracket\">&#93;</span></a></sup>\n</p><p>As far as a potential Damn Yankees reunion goes, Cartellone told <a href=\"/wiki/Cleveland\" title=\"Cleveland\">Cleveland</a> NBC affiliate <a href=\"/wiki/WKYC\" title=\"WKYC\">WKYC</a> that he and other members of the band have continued to meet and write over the years. While a new album has yet to materialize, he says that does not mean the Damn Yankees are finished. They never purposefully disbanded and are keeping a reunion an open door to this day.<sup id=\"cite_ref-12\" class=\"reference\"><a href=\"#cite_note-12\"><span class=\"cite-bracket\">&#91;</span>12<span class=\"cite-bracket\">&#93;</span></a></sup>\n</p>\n<div class=\"mw-heading mw-heading2\"><h2 id=\"Band_members\">Band members</h2></div>\n<div class=\"mw-heading mw-heading3\"><h3 id=\"Former_members\">Former members</h3></div>\n<ul><li><a href=\"/wiki/Tommy_Shaw\" title=\"Tommy Shaw\">Tommy Shaw</a> – rhythm &amp; lead guitars, lead &amp; backing vocals (1989–1994, 1998–2001, 2004, 2010)</li>\n<li><a href=\"/wiki/Jack_Blades\" title=\"Jack Blades\">Jack Blades</a> – bass guitar, lead &amp; backing vocals (1989–1994, 1998–2001, 2004, 2010)</li>\n<li><a href=\"/wiki/Ted_Nugent\" title=\"Ted Nugent\">Ted Nugent</a> – lead &amp; rhythm guitars, backing &amp; lead vocals (1989–1994, 1998–2001, 2004, 2010)</li>\n<li><a href=\"/wiki/Michael_Cartellone\" title=\"Michael Cartellone\">Michael Cartellone</a> – drums, percussion, backing vocals (1989–1994, 1998–2001, 2004, 2010)</li></ul>\n<div class=\"mw-heading mw-heading3\"><h3 id=\"Session_members\">Session members</h3></div>\n<ul><li>Robbie Buchanan – keyboards on <i>Don't Tread</i> (1992 — multiple tracks)</li></ul>\n<div class=\"mw-heading mw-heading2\"><h2 id=\"Discography\">Discography</h2></div>\n<div class=\"mw-heading mw-heading3\"><h3 id=\"Studio_albums\">Studio albums</h3></div>\n<table class=\"wikitable plainrowheaders\" style=\"text-align:center;\">\n\n<tbody><tr>\n<th rowspan=\"2\" scope=\"col\" style=\"width:12em;\">Title\n</th>\n<th rowspan=\"2\">Album details\n</th>\n<th scope=\"col\" colspan=\"1\">Peak chart<br />positions\n</th>\n<th rowspan=\"2\"><a href=\"/wiki/Music_recording_certification\" title=\"Music recording certification\">Certifications</a>\n</th></tr>\n<tr>\n<th scope=\"col\" style=\"font-size:90%;&quot;\"><a href=\"/wiki/Billboard_200\" title=\"Billboard 200\">US</a>\n</th></tr>\n<tr>\n<th scope=\"row\"><i><a href=\"/wiki/Damn_Yankees_(album)\" title=\"Damn Yankees (album)\">Damn Yankees</a></i>\n</th>\n<td>\n<ul><li>Release date: March 13, 1990</li>\n<li>Label: <a href=\"/wiki/Warner_Bros._Records\" class=\"mw-redirect\" title=\"Warner Bros. Records\">Warner Bros.</a></li>\n<li>Formats: <a href=\"/wiki/LP_record\" title=\"LP record\">LP</a>, <a href=\"/wiki/Compact_disc\" title=\"Compact disc\">CD</a>, <a href=\"/wiki/Cassette_tape\" title=\"Cassette tape\">CT</a></li></ul>\n</td>\n<td>13\n</td>\n<td>\n<ul><li><a href=\"/wiki/Recording_Industry_Association_of_America\" title=\"Recording Industry Association of America\">RIAA</a>: 2× Platinum</li></ul>\n</td></tr>\n<tr>\n<th scope=\"row\"><i><a href=\"/wiki/Don%27t_Tread\" title=\"Don&#39;t Tread\">Don't Tread</a></i>\n</th>\n<td>\n<ul><li>Release date: August 11, 1992</li>\n<li>Label: Warner Bros.</li>\n<li>Formats: CD, CT</li></ul>\n</td>\n<td>22\n</td>\n<td>\n<ul><li>RIAA: Gold</li></ul>\n</td></tr></tbody></table>\n<div class=\"mw-heading mw-heading3\"><h3 id=\"Live_albums\">Live albums</h3></div>\n<ul><li><i>Extended Versions</i> (2008)</li></ul>\n<div class=\"mw-heading mw-heading3\"><h3 id=\"Compilation_albums\">Compilation albums</h3></div>\n<ul><li><i>The Essentials</i> (2002)</li>\n<li><i>Rhino Hi-Five: Damn Yankees</i> EP (2005)</li>\n<li><i>High Enough - Best of: Damn Yankees</i> (2019)</li></ul>\n<div class=\"mw-heading mw-heading3\"><h3 id=\"Singles\">Singles</h3></div>\n<table class=\"wikitable plainrowheaders\" style=\"text-align:center;\">\n\n<tbody><tr>\n<th rowspan=\"2\" scope=\"col\" style=\"width:12em;\">Title\n</th>\n<th rowspan=\"2\">Release\n</th>\n<th colspan=\"3\">Peak chart<br />positions\n</th></tr>\n<tr>\n<th scope=\"col\" style=\"font-size:90%;&quot;\"><a href=\"/wiki/Billboard_Hot_100\" title=\"Billboard Hot 100\">US</a>\n</th>\n<th scope=\"col\" style=\"font-size:90%;&quot;\"><a href=\"/wiki/Mainstream_Rock_(chart)\" title=\"Mainstream Rock (chart)\">US<br />Main</a>\n</th>\n<th scope=\"col\" style=\"font-size:90%;&quot;\"><a href=\"/wiki/ARIA_Charts\" title=\"ARIA Charts\">AUS</a><br /><sup id=\"cite_ref-13\" class=\"reference\"><a href=\"#cite_note-13\"><span class=\"cite-bracket\">&#91;</span>13<span class=\"cite-bracket\">&#93;</span></a></sup>\n</th></tr>\n<tr>\n<th scope=\"row\">\"Coming of Age\"\n</th>\n<td rowspan=\"2\">1990\n</td>\n<td>60\n</td>\n<td>1\n</td>\n<td>-\n</td></tr>\n<tr>\n<th scope=\"row\">\"<a href=\"/wiki/High_Enough\" title=\"High Enough\">High Enough</a>\"\n</th>\n<td>3\n</td>\n<td>2\n</td>\n<td>57\n</td></tr>\n<tr>\n<th scope=\"row\">\"Come Again\"\n</th>\n<td rowspan=\"3\">1991\n</td>\n<td>50\n</td>\n<td>5\n</td>\n<td>—\n</td></tr>\n<tr>\n<th scope=\"row\">\"Runaway\"\n</th>\n<td>—\n</td>\n<td>9\n</td>\n<td>—\n</td></tr>\n<tr>\n<th scope=\"row\">\"Bad Reputation\"\n</th>\n<td>—\n</td>\n<td>31\n</td>\n<td>—\n</td></tr>\n<tr>\n<th scope=\"row\">\"<a href=\"/wiki/Where_You_Goin%27_Now\" title=\"Where You Goin&#39; Now\">Where You Goin' Now</a>\"\n</th>\n<td rowspan=\"2\">1992\n</td>\n<td>20\n</td>\n<td>6\n</td>\n<td>—\n</td></tr>\n<tr>\n<th scope=\"row\">\"Don't Tread on Me\"\n</th>\n<td>—\n</td>\n<td>3\n</td>\n<td>—\n</td></tr>\n<tr>\n<th scope=\"row\">\"Silence Is Broken\"\n</th>\n<td rowspan=\"2\">1993\n</td>\n<td>62\n</td>\n<td>20\n</td>\n<td>—\n</td></tr>\n<tr>\n<th scope=\"row\">\"Mister Please\"\n</th>\n<td>—\n</td>\n<td>3\n</td>\n<td>—\n</td></tr></tbody></table>\n<div class=\"mw-heading mw-heading3\"><h3 id=\"Soundtrack_appearances\">Soundtrack appearances</h3></div>\n<ul><li>\"Bonestripper\" (from <i><a href=\"/wiki/Nothing_but_Trouble_(1991_film)#Music\" title=\"Nothing but Trouble (1991 film)\">Nothing but Trouble</a></i>) (1991)</li></ul>\n<div class=\"mw-heading mw-heading2\"><h2 id=\"Videography\">Videography</h2></div>\n<div class=\"mw-heading mw-heading3\"><h3 id=\"Music_videos\">Music videos</h3></div>\n<table class=\"wikitable plainrowheaders\" style=\"text-align:center;\">\n\n<tbody><tr>\n<th rowspan=\"1\" scope=\"col\" style=\"width:12em;\"><br />Title<br /><br />\n</th>\n<th rowspan=\"1\">Release\n</th>\n<th rowspan=\"1\">Director\n</th></tr>\n<tr>\n<th scope=\"row\">\"<a href=\"/wiki/High_Enough\" title=\"High Enough\">High Enough</a>\"\n</th>\n<td rowspan=\"2\">1990\n</td>\n<td>Larry Jordan<sup id=\"cite_ref-ljv_14-0\" class=\"reference\"><a href=\"#cite_note-ljv-14\"><span class=\"cite-bracket\">&#91;</span>14<span class=\"cite-bracket\">&#93;</span></a></sup>\n</td></tr>\n<tr>\n<th scope=\"row\">\"Coming of Age\"\n</th>\n<td rowspan=\"2\">Ethan Russell<sup id=\"cite_ref-15\" class=\"reference\"><a href=\"#cite_note-15\"><span class=\"cite-bracket\">&#91;</span>15<span class=\"cite-bracket\">&#93;</span></a></sup>\n</td></tr>\n<tr>\n<th scope=\"row\">\"Come Again\"\n</th>\n<td>1991\n</td></tr>\n<tr>\n<th scope=\"row\">\"Don't Tread on Me\"\n</th>\n<td rowspan=\"2\">1992\n</td>\n<td>\n</td></tr>\n<tr>\n<th scope=\"row\">\"<a href=\"/wiki/Where_You_Goin%27_Now\" title=\"Where You Goin&#39; Now\">Where You Goin' Now</a>\"\n</th>\n<td>Larry Jordan<sup id=\"cite_ref-ljv_14-1\" class=\"reference\"><a href=\"#cite_note-ljv-14\"><span class=\"cite-bracket\">&#91;</span>14<span class=\"cite-bracket\">&#93;</span></a></sup>\n</td></tr>\n<tr>\n<th scope=\"row\">\"Silence Is Broken\"\n</th>\n<td>1993\n</td>\n<td>Piers Plowden<sup id=\"cite_ref-16\" class=\"reference\"><a href=\"#cite_note-16\"><span class=\"cite-bracket\">&#91;</span>16<span class=\"cite-bracket\">&#93;</span></a></sup>\n</td></tr></tbody></table>\n<div class=\"mw-heading mw-heading2\"><h2 id=\"References\">References</h2></div>\n<style data-mw-deduplicate=\"TemplateStyles:r1239543626\">.mw-parser-output .reflist{margin-bottom:0.5em;list-style-type:decimal}@media screen{.mw-parser-output .reflist{font-size:90%}}.mw-parser-output .reflist .references{font-size:100%;margin-bottom:0;list-style-type:inherit}.mw-parser-output .reflist-columns-2{column-width:30em}.mw-parser-output .reflist-columns-3{column-width:25em}.mw-parser-output .reflist-columns{margin-top:0.3em}.mw-parser-output .reflist-columns ol{margin-top:0}.mw-parser-output .reflist-columns li{page-break-inside:avoid;break-inside:avoid-column}.mw-parser-output .reflist-upper-alpha{list-style-type:upper-alpha}.mw-parser-output .reflist-upper-roman{list-style-type:upper-roman}.mw-parser-output .reflist-lower-alpha{list-style-type:lower-alpha}.mw-parser-output .reflist-lower-greek{list-style-type:lower-greek}.mw-parser-output .reflist-lower-roman{list-style-type:lower-roman}</style><div class=\"reflist\">\n<div class=\"mw-references-wrap mw-references-columns\"><ol class=\"references\">\n<li id=\"cite_note-1\"><span class=\"mw-cite-backlink\"><b><a href=\"#cite_ref-1\">^</a></b></span> <span class=\"reference-text\"><style data-mw-deduplicate=\"TemplateStyles:r1238218222\">.mw-parser-output cite.citation{font-style:inherit;word-wrap:break-word}.mw-parser-output .citation q{quotes:\"\\\"\"\"\\\"\"\"'\"\"'\"}.mw-parser-output .citation:target{background-color:rgba(0,127,255,0.133)}.mw-parser-output .id-lock-free.id-lock-free a{background:url(\"//upload.wikimedia.org/wikipedia/commons/6/65/Lock-green.svg\")right 0.1em center/9px no-repeat}.mw-parser-output .id-lock-limited.id-lock-limited a,.mw-parser-output .id-lock-registration.id-lock-registration a{background:url(\"//upload.wikimedia.org/wikipedia/commons/d/d6/Lock-gray-alt-2.svg\")right 0.1em center/9px no-repeat}.mw-parser-output .id-lock-subscription.id-lock-subscription a{background:url(\"//upload.wikimedia.org/wikipedia/commons/a/aa/Lock-red-alt-2.svg\")right 0.1em center/9px no-repeat}.mw-parser-output .cs1-ws-icon a{background:url(\"//upload.wikimedia.org/wikipedia/commons/4/4c/Wikisource-logo.svg\")right 0.1em center/12px no-repeat}body:not(.skin-timeless):not(.skin-minerva) .mw-parser-output .id-lock-free a,body:not(.skin-timeless):not(.skin-minerva) .mw-parser-output .id-lock-limited a,body:not(.skin-timeless):not(.skin-minerva) .mw-parser-output .id-lock-registration a,body:not(.skin-timeless):not(.skin-minerva) .mw-parser-output .id-lock-subscription a,body:not(.skin-timeless):not(.skin-minerva) .mw-parser-output .cs1-ws-icon a{background-size:contain;padding:0 1em 0 0}.mw-parser-output .cs1-code{color:inherit;background:inherit;border:none;padding:inherit}.mw-parser-output .cs1-hidden-error{display:none;color:var(--color-error,#d33)}.mw-parser-output .cs1-visible-error{color:var(--color-error,#d33)}.mw-parser-output .cs1-maint{display:none;color:#085;margin-left:0.3em}.mw-parser-output .cs1-kern-left{padding-left:0.2em}.mw-parser-output .cs1-kern-right{padding-right:0.2em}.mw-parser-output .citation .mw-selflink{font-weight:inherit}@media screen{.mw-parser-output .cs1-format{font-size:95%}html.skin-theme-clientpref-night .mw-parser-output .cs1-maint{color:#18911f}}@media screen and (prefers-color-scheme:dark){html.skin-theme-clientpref-os .mw-parser-output .cs1-maint{color:#18911f}}</style><cite id=\"CITEREFMcPadden2015\" class=\"citation news cs1\">McPadden, Mike (August 7, 2015). <a rel=\"nofollow\" class=\"external text\" href=\"https://www.vh1.com/news/hcools/power-ballads-inspired-by-extreme\">\"5 Hair Metal Ballads Inspired By/Ripped Off From Extreme's \"More Than Words\"<span class=\"cs1-kern-right\"></span>\"</a>. <a href=\"/wiki/VH1\" title=\"VH1\">VH1</a>. <a href=\"/wiki/Viacom_(2005%E2%80%93present)\" class=\"mw-redirect\" title=\"Viacom (2005–present)\">Viacom</a>. <a rel=\"nofollow\" class=\"external text\" href=\"https://web.archive.org/web/20220522204741/https://www.vh1.com/news/hcools/power-ballads-inspired-by-extreme\">Archived</a> from the original on May 22, 2022<span class=\"reference-accessdate\">. Retrieved <span class=\"nowrap\">October 9,</span> 2016</span>.</cite><span title=\"ctx_ver=Z39.88-2004&amp;rft_val_fmt=info%3Aofi%2Ffmt%3Akev%3Amtx%3Ajournal&amp;rft.genre=article&amp;rft.atitle=5+Hair+Metal+Ballads+Inspired+By%2FRipped+Off+From+Extreme%27s+%22More+Than+Words%22&amp;rft.date=2015-08-07&amp;rft.aulast=McPadden&amp;rft.aufirst=Mike&amp;rft_id=https%3A%2F%2Fwww.vh1.com%2Fnews%2Fhcools%2Fpower-ballads-inspired-by-extreme&amp;rfr_id=info%3Asid%2Fen.wikipedia.org%3ADamn+Yankees+%28band%29\" class=\"Z3988\"></span></span>\n</li>\n<li id=\"cite_note-AM-2\"><span class=\"mw-cite-backlink\">^ <a href=\"#cite_ref-AM_2-0\"><sup><i><b>a</b></i></sup></a> <a href=\"#cite_ref-AM_2-1\"><sup><i><b>b</b></i></sup></a></span> <span class=\"reference-text\"><link rel=\"mw-deduplicated-inline-style\" href=\"mw-data:TemplateStyles:r1238218222\" /><cite id=\"CITEREFErlewine\" class=\"citation web cs1\"><a href=\"/wiki/Stephen_Thomas_Erlewine\" title=\"Stephen Thomas Erlewine\">Erlewine, Stephen Thomas</a>. <a rel=\"nofollow\" class=\"external text\" href=\"http://www.allmusic.com/artist/damn-yankees-mn0000559785/biography\">\"Damn Yankees – Artist Biography\"</a>. <i><a href=\"/wiki/AllMusic\" title=\"AllMusic\">AllMusic</a></i><span class=\"reference-accessdate\">. Retrieved <span class=\"nowrap\">March 25,</span> 2010</span>.</cite><span title=\"ctx_ver=Z39.88-2004&amp;rft_val_fmt=info%3Aofi%2Ffmt%3Akev%3Amtx%3Ajournal&amp;rft.genre=unknown&amp;rft.jtitle=AllMusic&amp;rft.atitle=Damn+Yankees+%E2%80%93+Artist+Biography&amp;rft.aulast=Erlewine&amp;rft.aufirst=Stephen+Thomas&amp;rft_id=http%3A%2F%2Fwww.allmusic.com%2Fartist%2Fdamn-yankees-mn0000559785%2Fbiography&amp;rfr_id=info%3Asid%2Fen.wikipedia.org%3ADamn+Yankees+%28band%29\" class=\"Z3988\"></span></span>\n</li>\n<li id=\"cite_note-3\"><span class=\"mw-cite-backlink\"><b><a href=\"#cite_ref-3\">^</a></b></span> <span class=\"reference-text\"><link rel=\"mw-deduplicated-inline-style\" href=\"mw-data:TemplateStyles:r1238218222\" /><cite id=\"CITEREFPopoff2014\" class=\"citation book cs1\"><a href=\"/wiki/Martin_Popoff\" title=\"Martin Popoff\">Popoff, Martin</a> (2014). <i>The Big Book of Hair Metal: The Illustrated Oral History of Heavy Metal's Debauched Decade</i>. Voyageur Press. pp.&#160;182, 187. <a href=\"/wiki/ISBN_(identifier)\" class=\"mw-redirect\" title=\"ISBN (identifier)\">ISBN</a>&#160;<a href=\"/wiki/Special:BookSources/978-0-76034-546-7\" title=\"Special:BookSources/978-0-76034-546-7\"><bdi>978-0-76034-546-7</bdi></a>.</cite><span title=\"ctx_ver=Z39.88-2004&amp;rft_val_fmt=info%3Aofi%2Ffmt%3Akev%3Amtx%3Abook&amp;rft.genre=book&amp;rft.btitle=The+Big+Book+of+Hair+Metal%3A+The+Illustrated+Oral+History+of+Heavy+Metal%27s+Debauched+Decade&amp;rft.pages=182%2C+187&amp;rft.pub=Voyageur+Press&amp;rft.date=2014&amp;rft.isbn=978-0-76034-546-7&amp;rft.aulast=Popoff&amp;rft.aufirst=Martin&amp;rfr_id=info%3Asid%2Fen.wikipedia.org%3ADamn+Yankees+%28band%29\" class=\"Z3988\"></span></span>\n</li>\n<li id=\"cite_note-LarkinHR-4\"><span class=\"mw-cite-backlink\">^ <a href=\"#cite_ref-LarkinHR_4-0\"><sup><i><b>a</b></i></sup></a> <a href=\"#cite_ref-LarkinHR_4-1\"><sup><i><b>b</b></i></sup></a> <a href=\"#cite_ref-LarkinHR_4-2\"><sup><i><b>c</b></i></sup></a></span> <span class=\"reference-text\"><link rel=\"mw-deduplicated-inline-style\" href=\"mw-data:TemplateStyles:r1238218222\" /><cite id=\"CITEREFColin_Larkin1999\" class=\"citation book cs1\"><a href=\"/wiki/Colin_Larkin_(writer)\" class=\"mw-redirect\" title=\"Colin Larkin (writer)\">Colin Larkin</a>, ed. (1999). <i><a href=\"/wiki/Encyclopedia_of_Popular_Music\" class=\"mw-redirect\" title=\"Encyclopedia of Popular Music\">The Virgin Encyclopedia of Heavy Rock</a></i> (First&#160;ed.). <a href=\"/wiki/Virgin_Books\" title=\"Virgin Books\">Virgin Books</a>. pp.&#160;115/6. <a href=\"/wiki/ISBN_(identifier)\" class=\"mw-redirect\" title=\"ISBN (identifier)\">ISBN</a>&#160;<a href=\"/wiki/Special:BookSources/0-7535-0257-7\" title=\"Special:BookSources/0-7535-0257-7\"><bdi>0-7535-0257-7</bdi></a>.</cite><span title=\"ctx_ver=Z39.88-2004&amp;rft_val_fmt=info%3Aofi%2Ffmt%3Akev%3Amtx%3Abook&amp;rft.genre=book&amp;rft.btitle=The+Virgin+Encyclopedia+of+Heavy+Rock&amp;rft.pages=115%2F6&amp;rft.edition=First&amp;rft.pub=Virgin+Books&amp;rft.date=1999&amp;rft.isbn=0-7535-0257-7&amp;rfr_id=info%3Asid%2Fen.wikipedia.org%3ADamn+Yankees+%28band%29\" class=\"Z3988\"></span></span>\n</li>\n<li id=\"cite_note-5\"><span class=\"mw-cite-backlink\"><b><a href=\"#cite_ref-5\">^</a></b></span> <span class=\"reference-text\"><link rel=\"mw-deduplicated-inline-style\" href=\"mw-data:TemplateStyles:r1238218222\" /><cite class=\"citation web cs1\"><a rel=\"nofollow\" class=\"external text\" href=\"https://ultimateclassicrock.com/damn-yankees-history/\">\"The Complete History of Damn Yankees\"</a>. <i>Ultimateclassicrock.com</i>. March 11, 2016.</cite><span title=\"ctx_ver=Z39.88-2004&amp;rft_val_fmt=info%3Aofi%2Ffmt%3Akev%3Amtx%3Ajournal&amp;rft.genre=unknown&amp;rft.jtitle=Ultimateclassicrock.com&amp;rft.atitle=The+Complete+History+of+Damn+Yankees&amp;rft.date=2016-03-11&amp;rft_id=https%3A%2F%2Fultimateclassicrock.com%2Fdamn-yankees-history%2F&amp;rfr_id=info%3Asid%2Fen.wikipedia.org%3ADamn+Yankees+%28band%29\" class=\"Z3988\"></span></span>\n</li>\n<li id=\"cite_note-:0-6\"><span class=\"mw-cite-backlink\">^ <a href=\"#cite_ref-:0_6-0\"><sup><i><b>a</b></i></sup></a> <a href=\"#cite_ref-:0_6-1\"><sup><i><b>b</b></i></sup></a></span> <span class=\"reference-text\"><link rel=\"mw-deduplicated-inline-style\" href=\"mw-data:TemplateStyles:r1238218222\" /><cite class=\"citation magazine cs1\"><a rel=\"nofollow\" class=\"external text\" href=\"https://www.rollingstone.com/music/music-lists/where-are-they-now-pops-class-of-1990-10478/\">\"Where Are They Now? Pop's Class of 1990\"</a>. <i>Rolling Stone</i>. July 10, 2012<span class=\"reference-accessdate\">. Retrieved <span class=\"nowrap\">December 12,</span> 2021</span>.</cite><span title=\"ctx_ver=Z39.88-2004&amp;rft_val_fmt=info%3Aofi%2Ffmt%3Akev%3Amtx%3Ajournal&amp;rft.genre=article&amp;rft.jtitle=Rolling+Stone&amp;rft.atitle=Where+Are+They+Now%3F+Pop%27s+Class+of+1990&amp;rft.date=2012-07-10&amp;rft_id=https%3A%2F%2Fwww.rollingstone.com%2Fmusic%2Fmusic-lists%2Fwhere-are-they-now-pops-class-of-1990-10478%2F&amp;rfr_id=info%3Asid%2Fen.wikipedia.org%3ADamn+Yankees+%28band%29\" class=\"Z3988\"></span></span>\n</li>\n<li id=\"cite_note-riaa-7\"><span class=\"mw-cite-backlink\"><b><a href=\"#cite_ref-riaa_7-0\">^</a></b></span> <span class=\"reference-text\"><link rel=\"mw-deduplicated-inline-style\" href=\"mw-data:TemplateStyles:r1238218222\" /><cite class=\"citation web cs1\"><a rel=\"nofollow\" class=\"external text\" href=\"https://www.riaa.com/gold-platinum/?tab_active=default-award&amp;se=damn+yankees#search_section\">\"Gold &amp; Platinum\"</a>. <i>RIAA</i><span class=\"reference-accessdate\">. Retrieved <span class=\"nowrap\">March 20,</span> 2023</span>. <q>2x Multi-Platinum / August 17, 1994</q></cite><span title=\"ctx_ver=Z39.88-2004&amp;rft_val_fmt=info%3Aofi%2Ffmt%3Akev%3Amtx%3Ajournal&amp;rft.genre=unknown&amp;rft.jtitle=RIAA&amp;rft.atitle=Gold+%26+Platinum&amp;rft_id=https%3A%2F%2Fwww.riaa.com%2Fgold-platinum%2F%3Ftab_active%3Ddefault-award%26se%3Ddamn%2Byankees%23search_section&amp;rfr_id=info%3Asid%2Fen.wikipedia.org%3ADamn+Yankees+%28band%29\" class=\"Z3988\"></span></span>\n</li>\n<li id=\"cite_note-UCR-8\"><span class=\"mw-cite-backlink\">^ <a href=\"#cite_ref-UCR_8-0\"><sup><i><b>a</b></i></sup></a> <a href=\"#cite_ref-UCR_8-1\"><sup><i><b>b</b></i></sup></a> <a href=\"#cite_ref-UCR_8-2\"><sup><i><b>c</b></i></sup></a> <a href=\"#cite_ref-UCR_8-3\"><sup><i><b>d</b></i></sup></a> <a href=\"#cite_ref-UCR_8-4\"><sup><i><b>e</b></i></sup></a></span> <span class=\"reference-text\"><link rel=\"mw-deduplicated-inline-style\" href=\"mw-data:TemplateStyles:r1238218222\" /><cite class=\"citation web cs1\"><a rel=\"nofollow\" class=\"external text\" href=\"https://ultimateclassicrock.com/damn-yankees-million-dollars-third-album/\">\"Jack Blades: Label Paid Damn Yankees $1 Million to Avoid Third LP\"</a>. <i>Ultimateclassicrock.com</i>. June 20, 2021<span class=\"reference-accessdate\">. Retrieved <span class=\"nowrap\">April 17,</span> 2024</span>.</cite><span title=\"ctx_ver=Z39.88-2004&amp;rft_val_fmt=info%3Aofi%2Ffmt%3Akev%3Amtx%3Ajournal&amp;rft.genre=unknown&amp;rft.jtitle=Ultimateclassicrock.com&amp;rft.atitle=Jack+Blades%3A+Label+Paid+Damn+Yankees+%241+Million+to+Avoid+Third+LP&amp;rft.date=2021-06-20&amp;rft_id=https%3A%2F%2Fultimateclassicrock.com%2Fdamn-yankees-million-dollars-third-album%2F&amp;rfr_id=info%3Asid%2Fen.wikipedia.org%3ADamn+Yankees+%28band%29\" class=\"Z3988\"></span></span>\n</li>\n<li id=\"cite_note-9\"><span class=\"mw-cite-backlink\"><b><a href=\"#cite_ref-9\">^</a></b></span> <span class=\"reference-text\"><link rel=\"mw-deduplicated-inline-style\" href=\"mw-data:TemplateStyles:r1238218222\" /><cite class=\"citation web cs1\"><a rel=\"nofollow\" class=\"external text\" href=\"https://www.blabbermouth.net/news/alice-cooper-damn-yankees-perform-at-christmas-pudding-show-photos-available/\">\"Alice Cooper, Damn Yankees Perform At Christmas Pudding Show: Photos Available\"</a>. <i>Blabbermouth</i>. December 20, 2004<span class=\"reference-accessdate\">. Retrieved <span class=\"nowrap\">July 3,</span> 2020</span>.</cite><span title=\"ctx_ver=Z39.88-2004&amp;rft_val_fmt=info%3Aofi%2Ffmt%3Akev%3Amtx%3Ajournal&amp;rft.genre=unknown&amp;rft.jtitle=Blabbermouth&amp;rft.atitle=Alice+Cooper%2C+Damn+Yankees+Perform+At+Christmas+Pudding+Show%3A+Photos+Available&amp;rft.date=2004-12-20&amp;rft_id=https%3A%2F%2Fwww.blabbermouth.net%2Fnews%2Falice-cooper-damn-yankees-perform-at-christmas-pudding-show-photos-available%2F&amp;rfr_id=info%3Asid%2Fen.wikipedia.org%3ADamn+Yankees+%28band%29\" class=\"Z3988\"></span></span>\n</li>\n<li id=\"cite_note-10\"><span class=\"mw-cite-backlink\"><b><a href=\"#cite_ref-10\">^</a></b></span> <span class=\"reference-text\"><link rel=\"mw-deduplicated-inline-style\" href=\"mw-data:TemplateStyles:r1238218222\" /><cite id=\"CITEREFWardlaw2011\" class=\"citation web cs1\">Wardlaw, Matt (June 15, 2011). <a rel=\"nofollow\" class=\"external text\" href=\"http://ultimateclassicrock.com/night-ranger-kelly-keagy-interview/\">\"Night Ranger's Kelly Keagy Refuses to Choose Favorite Song on New Album\"</a>. <i>Ultimateclassicrock.com</i><span class=\"reference-accessdate\">. Retrieved <span class=\"nowrap\">December 29,</span> 2016</span>.</cite><span title=\"ctx_ver=Z39.88-2004&amp;rft_val_fmt=info%3Aofi%2Ffmt%3Akev%3Amtx%3Ajournal&amp;rft.genre=unknown&amp;rft.jtitle=Ultimateclassicrock.com&amp;rft.atitle=Night+Ranger%27s+Kelly+Keagy+Refuses+to+Choose+Favorite+Song+on+New+Album&amp;rft.date=2011-06-15&amp;rft.aulast=Wardlaw&amp;rft.aufirst=Matt&amp;rft_id=http%3A%2F%2Fultimateclassicrock.com%2Fnight-ranger-kelly-keagy-interview%2F&amp;rfr_id=info%3Asid%2Fen.wikipedia.org%3ADamn+Yankees+%28band%29\" class=\"Z3988\"></span></span>\n</li>\n<li id=\"cite_note-11\"><span class=\"mw-cite-backlink\"><b><a href=\"#cite_ref-11\">^</a></b></span> <span class=\"reference-text\"><link rel=\"mw-deduplicated-inline-style\" href=\"mw-data:TemplateStyles:r1238218222\" /><cite class=\"citation web cs1\"><a rel=\"nofollow\" class=\"external text\" href=\"https://www.youtube.com/watch?v=3SEHOxAlUUg/\">\"Night Ranger - playing Coming of Age (Damn Yankees cover)\"</a>. <i>Youtube.com</i>. May 20, 2017. <a rel=\"nofollow\" class=\"external text\" href=\"https://ghostarchive.org/varchive/youtube/20211222/3SEHOxAlUUg\">Archived</a> from the original on December 22, 2021<span class=\"reference-accessdate\">. Retrieved <span class=\"nowrap\">May 20,</span> 2017</span>.</cite><span title=\"ctx_ver=Z39.88-2004&amp;rft_val_fmt=info%3Aofi%2Ffmt%3Akev%3Amtx%3Ajournal&amp;rft.genre=unknown&amp;rft.jtitle=Youtube.com&amp;rft.atitle=Night+Ranger+-+playing+Coming+of+Age+%28Damn+Yankees+cover%29&amp;rft.date=2017-05-20&amp;rft_id=https%3A%2F%2Fwww.youtube.com%2Fwatch%3Fv%3D3SEHOxAlUUg%2F&amp;rfr_id=info%3Asid%2Fen.wikipedia.org%3ADamn+Yankees+%28band%29\" class=\"Z3988\"></span></span>\n</li>\n<li id=\"cite_note-12\"><span class=\"mw-cite-backlink\"><b><a href=\"#cite_ref-12\">^</a></b></span> <span class=\"reference-text\"><link rel=\"mw-deduplicated-inline-style\" href=\"mw-data:TemplateStyles:r1238218222\" /><cite id=\"CITEREFMahaffee\" class=\"citation web cs1\">Mahaffee, Mac. <a rel=\"nofollow\" class=\"external text\" href=\"http://on.wkyc.com/2CRwkfU/\">\"Beyond the Beat: Lynyrd Skynyrd/Damn Yankees drummer Michael Cartellone\"</a>. <i>Wkyc.com</i><span class=\"reference-accessdate\">. Retrieved <span class=\"nowrap\">April 26,</span> 2018</span>.</cite><span title=\"ctx_ver=Z39.88-2004&amp;rft_val_fmt=info%3Aofi%2Ffmt%3Akev%3Amtx%3Ajournal&amp;rft.genre=unknown&amp;rft.jtitle=Wkyc.com&amp;rft.atitle=Beyond+the+Beat%3A+Lynyrd+Skynyrd%2FDamn+Yankees+drummer+Michael+Cartellone&amp;rft.aulast=Mahaffee&amp;rft.aufirst=Mac&amp;rft_id=http%3A%2F%2Fon.wkyc.com%2F2CRwkfU%2F&amp;rfr_id=info%3Asid%2Fen.wikipedia.org%3ADamn+Yankees+%28band%29\" class=\"Z3988\"></span></span>\n</li>\n<li id=\"cite_note-13\"><span class=\"mw-cite-backlink\"><b><a href=\"#cite_ref-13\">^</a></b></span> <span class=\"reference-text\"><link rel=\"mw-deduplicated-inline-style\" href=\"mw-data:TemplateStyles:r1238218222\" /><cite id=\"CITEREFRyan2011\" class=\"citation book cs1\">Ryan, Gavin (2011). <i>Australia's Music Charts 1988–2010</i> (pdf&#160;ed.). Mt. Martha, VIC, Australia: Moonlight Publishing.</cite><span title=\"ctx_ver=Z39.88-2004&amp;rft_val_fmt=info%3Aofi%2Ffmt%3Akev%3Amtx%3Abook&amp;rft.genre=book&amp;rft.btitle=Australia%27s+Music+Charts+1988%E2%80%932010&amp;rft.place=Mt.+Martha%2C+VIC%2C+Australia&amp;rft.edition=pdf&amp;rft.pub=Moonlight+Publishing&amp;rft.date=2011&amp;rft.aulast=Ryan&amp;rft.aufirst=Gavin&amp;rfr_id=info%3Asid%2Fen.wikipedia.org%3ADamn+Yankees+%28band%29\" class=\"Z3988\"></span></span>\n</li>\n<li id=\"cite_note-ljv-14\"><span class=\"mw-cite-backlink\">^ <a href=\"#cite_ref-ljv_14-0\"><sup><i><b>a</b></i></sup></a> <a href=\"#cite_ref-ljv_14-1\"><sup><i><b>b</b></i></sup></a></span> <span class=\"reference-text\"><link rel=\"mw-deduplicated-inline-style\" href=\"mw-data:TemplateStyles:r1238218222\" /><cite class=\"citation web cs1\"><a rel=\"nofollow\" class=\"external text\" href=\"https://web.archive.org/web/20111014083900/http://mvdbase.com/tech.php?last=Jordan&amp;first=Larry\">\"Larry Jordan Videography\"</a>. <i>Mvdbase.com</i>. Archived from <a rel=\"nofollow\" class=\"external text\" href=\"http://www.mvdbase.com/tech.php?last=Jordan&amp;first=Larry\">the original</a> on October 14, 2011<span class=\"reference-accessdate\">. Retrieved <span class=\"nowrap\">October 1,</span> 2011</span>.</cite><span title=\"ctx_ver=Z39.88-2004&amp;rft_val_fmt=info%3Aofi%2Ffmt%3Akev%3Amtx%3Ajournal&amp;rft.genre=unknown&amp;rft.jtitle=Mvdbase.com&amp;rft.atitle=Larry+Jordan+Videography&amp;rft_id=http%3A%2F%2Fwww.mvdbase.com%2Ftech.php%3Flast%3DJordan%26first%3DLarry&amp;rfr_id=info%3Asid%2Fen.wikipedia.org%3ADamn+Yankees+%28band%29\" class=\"Z3988\"></span></span>\n</li>\n<li id=\"cite_note-15\"><span class=\"mw-cite-backlink\"><b><a href=\"#cite_ref-15\">^</a></b></span> <span class=\"reference-text\"><link rel=\"mw-deduplicated-inline-style\" href=\"mw-data:TemplateStyles:r1238218222\" /><cite class=\"citation web cs1\"><a rel=\"nofollow\" class=\"external text\" href=\"https://web.archive.org/web/20080109010606/http://www.mvdbase.com/tech.php?last=Russell&amp;first=Ethan\">\"Ethan Russell Videography\"</a>. <i>Mvdbase.com</i>. Archived from <a rel=\"nofollow\" class=\"external text\" href=\"http://www.mvdbase.com/tech.php?last=Russell&amp;first=Ethan\">the original</a> on January 9, 2008<span class=\"reference-accessdate\">. Retrieved <span class=\"nowrap\">May 1,</span> 2012</span>.</cite><span title=\"ctx_ver=Z39.88-2004&amp;rft_val_fmt=info%3Aofi%2Ffmt%3Akev%3Amtx%3Ajournal&amp;rft.genre=unknown&amp;rft.jtitle=Mvdbase.com&amp;rft.atitle=Ethan+Russell+Videography&amp;rft_id=http%3A%2F%2Fwww.mvdbase.com%2Ftech.php%3Flast%3DRussell%26first%3DEthan&amp;rfr_id=info%3Asid%2Fen.wikipedia.org%3ADamn+Yankees+%28band%29\" class=\"Z3988\"></span></span>\n</li>\n<li id=\"cite_note-16\"><span class=\"mw-cite-backlink\"><b><a href=\"#cite_ref-16\">^</a></b></span> <span class=\"reference-text\"><link rel=\"mw-deduplicated-inline-style\" href=\"mw-data:TemplateStyles:r1238218222\" /><cite class=\"citation web cs1\"><a rel=\"nofollow\" class=\"external text\" href=\"http://www.mvdbase.com/person.php?id=C46\">\"Piers Plowden Videography\"</a>. <i>Mvdbase.com</i><span class=\"reference-accessdate\">. Retrieved <span class=\"nowrap\">February 26,</span> 2017</span>.</cite><span title=\"ctx_ver=Z39.88-2004&amp;rft_val_fmt=info%3Aofi%2Ffmt%3Akev%3Amtx%3Ajournal&amp;rft.genre=unknown&amp;rft.jtitle=Mvdbase.com&amp;rft.atitle=Piers+Plowden+Videography&amp;rft_id=http%3A%2F%2Fwww.mvdbase.com%2Fperson.php%3Fid%3DC46&amp;rfr_id=info%3Asid%2Fen.wikipedia.org%3ADamn+Yankees+%28band%29\" class=\"Z3988\"></span></span>\n</li>\n</ol></div></div>\n<div class=\"mw-heading mw-heading2\"><h2 id=\"External_links\">External links</h2></div>\n<ul><li><a rel=\"nofollow\" class=\"external text\" href=\"https://www.allmusic.com/artist/mn0000559785\">Damn Yankees</a> at <a href=\"/wiki/AllMusic_(identifier)\" class=\"mw-redirect\" title=\"AllMusic (identifier)\">AllMusic</a> <span class=\"mw-valign-text-top noprint\" typeof=\"mw:File/Frameless\"><a href=\"https://www.wikidata.org/wiki/Q1158688#P1728\" title=\"Edit this at Wikidata\"><img alt=\"Edit this at Wikidata\" src=\"//upload.wikimedia.org/wikipedia/en/thumb/8/8a/OOjs_UI_icon_edit-ltr-progressive.svg/20px-OOjs_UI_icon_edit-ltr-progressive.svg.png\" decoding=\"async\" width=\"10\" height=\"10\" class=\"mw-file-element\" data-file-width=\"20\" data-file-height=\"20\" /></a></span></li>\n<li><a rel=\"nofollow\" class=\"external text\" href=\"http://www.wiu.edu/users/muprs4/damnyankees/yanked.html\">It's Just Them Damn Yankees</a></li>\n<li><a rel=\"nofollow\" class=\"external text\" href=\"https://web.archive.org/web/20070616205731/http://lockgen.com/damnyankees/damn.php\">It's Just Those Damn Yankees</a></li>\n<li><a rel=\"nofollow\" class=\"external text\" href=\"https://www.discogs.com/artist/Damn+Yankees\">Damn Yankees</a> discography at <a href=\"/wiki/Discogs\" title=\"Discogs\">Discogs</a></li></ul>\n<div class=\"navbox-styles\"><link rel=\"mw-deduplicated-inline-style\" href=\"mw-data:TemplateStyles:r1129693374\" /><style data-mw-deduplicate=\"TemplateStyles:r1236075235\">.mw-parser-output .navbox{box-sizing:border-box;border:1px solid #a2a9b1;width:100%;clear:both;font-size:88%;text-align:center;padding:1px;margin:1em auto 0}.mw-parser-output .navbox .navbox{margin-top:0}.mw-parser-output .navbox+.navbox,.mw-parser-output .navbox+.navbox-styles+.navbox{margin-top:-1px}.mw-parser-output .navbox-inner,.mw-parser-output .navbox-subgroup{width:100%}.mw-parser-output .navbox-group,.mw-parser-output .navbox-title,.mw-parser-output .navbox-abovebelow{padding:0.25em 1em;line-height:1.5em;text-align:center}.mw-parser-output .navbox-group{white-space:nowrap;text-align:right}.mw-parser-output .navbox,.mw-parser-output .navbox-subgroup{background-color:#fdfdfd}.mw-parser-output .navbox-list{line-height:1.5em;border-color:#fdfdfd}.mw-parser-output .navbox-list-with-group{text-align:left;border-left-width:2px;border-left-style:solid}.mw-parser-output tr+tr>.navbox-abovebelow,.mw-parser-output tr+tr>.navbox-group,.mw-parser-output tr+tr>.navbox-image,.mw-parser-output tr+tr>.navbox-list{border-top:2px solid #fdfdfd}.mw-parser-output .navbox-title{background-color:#ccf}.mw-parser-output .navbox-abovebelow,.mw-parser-output .navbox-group,.mw-parser-output .navbox-subgroup .navbox-title{background-color:#ddf}.mw-parser-output .navbox-subgroup .navbox-group,.mw-parser-output .navbox-subgroup .navbox-abovebelow{background-color:#e6e6ff}.mw-parser-output .navbox-even{background-color:#f7f7f7}.mw-parser-output .navbox-odd{background-color:transparent}.mw-parser-output .navbox .hlist td dl,.mw-parser-output .navbox .hlist td ol,.mw-parser-output .navbox .hlist td ul,.mw-parser-output .navbox td.hlist dl,.mw-parser-output .navbox td.hlist ol,.mw-parser-output .navbox td.hlist ul{padding:0.125em 0}.mw-parser-output .navbox .navbar{display:block;font-size:100%}.mw-parser-output .navbox-title .navbar{float:left;text-align:left;margin-right:0.5em}body.skin--responsive .mw-parser-output .navbox-image img{max-width:none!important}@media print{body.ns-0 .mw-parser-output .navbox{display:none!important}}</style><style data-mw-deduplicate=\"TemplateStyles:r1256394678\">@media screen{.mw-parser-output .navbox-musical-artist-solo .navbox-title{background-color:#f0e68c}.mw-parser-output .navbox-musical-artist-non-vocal .navbox-title{background-color:#f4bf92}.mw-parser-output .navbox-musical-artist-non-perform .navbox-title{background-color:#bfe0bf}.mw-parser-output .navbox-musical-artist-group .navbox-title{background-color:#b0c4de}.mw-parser-output .navbox-musical-artist-cover .navbox-title{background-color:#d8bfd8}.mw-parser-output .navbox-musical-artist-classical .navbox-title{background-color:#b0e0e6}.mw-parser-output .navbox-musical-artist-temp .navbox-title{background-color:#d3d3d3}.mw-parser-output .navbox-musical-artist .navbox-group,.mw-parser-output .navbox-musical-artist .navbox-abovebelow{background-color:var(--background-color-neutral,#eaecf0)}html.skin-theme-clienpref-night .mw-parser-output .navbox-musical-artist .navbox-title{background-color:inherit}}@media screen and (prefers-color-scheme:dark){html.skin-theme-clienpref-os .mw-parser-output .navbox-musical-artist .navbox-title{background-color:inherit}}</style></div><div role=\"navigation\" class=\"navbox navbox-musical-artist navbox-musical-artist-group\" aria-labelledby=\"Damn_Yankees485\" style=\"padding:3px\"><table class=\"nowraplinks vcard hlist mw-collapsible autocollapse navbox-inner\" style=\"border-spacing:0;background:transparent;color:inherit\"><tbody><tr><th scope=\"col\" class=\"navbox-title\" colspan=\"2\"><link rel=\"mw-deduplicated-inline-style\" href=\"mw-data:TemplateStyles:r1129693374\" /><style data-mw-deduplicate=\"TemplateStyles:r1239400231\">.mw-parser-output .navbar{display:inline;font-size:88%;font-weight:normal}.mw-parser-output .navbar-collapse{float:left;text-align:left}.mw-parser-output .navbar-boxtext{word-spacing:0}.mw-parser-output .navbar ul{display:inline-block;white-space:nowrap;line-height:inherit}.mw-parser-output .navbar-brackets::before{margin-right:-0.125em;content:\"[ \"}.mw-parser-output .navbar-brackets::after{margin-left:-0.125em;content:\" ]\"}.mw-parser-output .navbar li{word-spacing:-0.125em}.mw-parser-output .navbar a>span,.mw-parser-output .navbar a>abbr{text-decoration:inherit}.mw-parser-output .navbar-mini abbr{font-variant:small-caps;border-bottom:none;text-decoration:none;cursor:inherit}.mw-parser-output .navbar-ct-full{font-size:114%;margin:0 7em}.mw-parser-output .navbar-ct-mini{font-size:114%;margin:0 4em}html.skin-theme-clientpref-night .mw-parser-output .navbar li a abbr{color:var(--color-base)!important}@media(prefers-color-scheme:dark){html.skin-theme-clientpref-os .mw-parser-output .navbar li a abbr{color:var(--color-base)!important}}@media print{.mw-parser-output .navbar{display:none!important}}</style><div class=\"navbar plainlinks hlist navbar-mini\"><ul><li class=\"nv-view\"><a href=\"/wiki/Template:Damn_Yankees\" title=\"Template:Damn Yankees\"><abbr title=\"View this template\">v</abbr></a></li><li class=\"nv-talk\"><a href=\"/wiki/Template_talk:Damn_Yankees\" title=\"Template talk:Damn Yankees\"><abbr title=\"Discuss this template\">t</abbr></a></li><li class=\"nv-edit\"><a href=\"/wiki/Special:EditPage/Template:Damn_Yankees\" title=\"Special:EditPage/Template:Damn Yankees\"><abbr title=\"Edit this template\">e</abbr></a></li></ul></div><div id=\"Damn_Yankees485\" class=\"fn org\" style=\"font-size:114%;margin:0 4em\"><a class=\"mw-selflink selflink\">Damn Yankees</a></div></th></tr><tr><td class=\"navbox-abovebelow\" colspan=\"2\"><div>\n<ul><li><a href=\"/wiki/Tommy_Shaw\" title=\"Tommy Shaw\">Tommy Shaw</a></li>\n<li><a href=\"/wiki/Jack_Blades\" title=\"Jack Blades\">Jack Blades</a></li>\n<li><a href=\"/wiki/Ted_Nugent\" title=\"Ted Nugent\">Ted Nugent</a></li>\n<li><a href=\"/wiki/Michael_Cartellone\" title=\"Michael Cartellone\">Michael Cartellone</a></li></ul>\n</div></td></tr><tr><th scope=\"row\" class=\"navbox-group\" style=\"width:1%\">Studio albums</th><td class=\"navbox-list-with-group navbox-list navbox-odd\" style=\"width:100%;padding:0\"><div style=\"padding:0 0.25em\">\n<ul><li><i><a href=\"/wiki/Damn_Yankees_(album)\" title=\"Damn Yankees (album)\">Damn Yankees</a></i></li>\n<li><i><a href=\"/wiki/Don%27t_Tread\" title=\"Don&#39;t Tread\">Don't Tread</a></i></li></ul>\n</div></td></tr><tr><th scope=\"row\" class=\"navbox-group\" style=\"width:1%\">Singles</th><td class=\"navbox-list-with-group navbox-list navbox-even\" style=\"width:100%;padding:0\"><div style=\"padding:0 0.25em\">\n<ul><li>\"<a href=\"/wiki/High_Enough\" title=\"High Enough\">High Enough</a>\"</li>\n<li>\"<a href=\"/wiki/Where_You_Goin%27_Now\" title=\"Where You Goin&#39; Now\">Where You Goin' Now</a>\"</li></ul>\n</div></td></tr><tr><th scope=\"row\" class=\"navbox-group\" style=\"width:1%\">Associated acts</th><td class=\"navbox-list-with-group navbox-list navbox-odd\" style=\"width:100%;padding:0\"><div style=\"padding:0 0.25em\">\n<ul><li><a href=\"/wiki/Styx_(band)\" title=\"Styx (band)\">Styx</a></li>\n<li><a href=\"/wiki/Night_Ranger\" title=\"Night Ranger\">Night Ranger</a></li>\n<li><a href=\"/wiki/The_Amboy_Dukes_(band)\" title=\"The Amboy Dukes (band)\">The Amboy Dukes</a></li>\n<li><a href=\"/wiki/Shaw_Blades\" title=\"Shaw Blades\">Shaw Blades</a></li></ul>\n</div></td></tr></tbody></table></div>\n<div class=\"navbox-styles\"><link rel=\"mw-deduplicated-inline-style\" href=\"mw-data:TemplateStyles:r1129693374\" /><link rel=\"mw-deduplicated-inline-style\" href=\"mw-data:TemplateStyles:r1236075235\" /><style data-mw-deduplicate=\"TemplateStyles:r1038841319\">.mw-parser-output .tooltip-dotted{border-bottom:1px dotted;cursor:help}</style></div><div role=\"navigation\" class=\"navbox authority-control\" aria-labelledby=\"Authority_control_databases_frameless&amp;#124;text-top&amp;#124;10px&amp;#124;alt=Edit_this_at_Wikidata&amp;#124;link=https&amp;#58;//www.wikidata.org/wiki/Q1158688#identifiers&amp;#124;class=noprint&amp;#124;Edit_this_at_Wikidata1256\" style=\"padding:3px\"><table class=\"nowraplinks hlist mw-collapsible autocollapse navbox-inner\" style=\"border-spacing:0;background:transparent;color:inherit\"><tbody><tr><th scope=\"col\" class=\"navbox-title\" colspan=\"2\"><div id=\"Authority_control_databases_frameless&amp;#124;text-top&amp;#124;10px&amp;#124;alt=Edit_this_at_Wikidata&amp;#124;link=https&amp;#58;//www.wikidata.org/wiki/Q1158688#identifiers&amp;#124;class=noprint&amp;#124;Edit_this_at_Wikidata1256\" style=\"font-size:114%;margin:0 4em\"><a href=\"/wiki/Help:Authority_control\" title=\"Help:Authority control\">Authority control databases</a> <span class=\"mw-valign-text-top noprint\" typeof=\"mw:File/Frameless\"><a href=\"https://www.wikidata.org/wiki/Q1158688#identifiers\" title=\"Edit this at Wikidata\"><img alt=\"Edit this at Wikidata\" src=\"//upload.wikimedia.org/wikipedia/en/thumb/8/8a/OOjs_UI_icon_edit-ltr-progressive.svg/20px-OOjs_UI_icon_edit-ltr-progressive.svg.png\" decoding=\"async\" width=\"10\" height=\"10\" class=\"mw-file-element\" data-file-width=\"20\" data-file-height=\"20\" /></a></span></div></th></tr><tr><th scope=\"row\" class=\"navbox-group\" style=\"width:1%\">International</th><td class=\"navbox-list-with-group navbox-list navbox-odd\" style=\"width:100%;padding:0\"><div style=\"padding:0 0.25em\"><ul><li><span class=\"uid\"><a rel=\"nofollow\" class=\"external text\" href=\"https://isni.org/isni/0000000106591188\">ISNI</a></span></li><li><span class=\"uid\"><a rel=\"nofollow\" class=\"external text\" href=\"https://viaf.org/viaf/128011642\">VIAF</a></span></li></ul></div></td></tr><tr><th scope=\"row\" class=\"navbox-group\" style=\"width:1%\">National</th><td class=\"navbox-list-with-group navbox-list navbox-even\" style=\"width:100%;padding:0\"><div style=\"padding:0 0.25em\"><ul><li><span class=\"uid\"><a rel=\"nofollow\" class=\"external text\" href=\"https://id.loc.gov/authorities/n92033973\">United States</a></span></li><li><span class=\"uid\"><a rel=\"nofollow\" class=\"external text\" href=\"https://catalogue.bnf.fr/ark:/12148/cb13934648c\">France</a></span></li><li><span class=\"uid\"><a rel=\"nofollow\" class=\"external text\" href=\"https://data.bnf.fr/ark:/12148/cb13934648c\">BnF data</a></span></li><li><span class=\"uid\"><span class=\"rt-commentedText tooltip tooltip-dotted\" title=\"Damn Yankees (hudební skupina)\"><a rel=\"nofollow\" class=\"external text\" href=\"https://aleph.nkp.cz/F/?func=find-c&amp;local_base=aut&amp;ccl_term=ica=xx0132074&amp;CON_LNG=ENG\">Czech Republic</a></span></span></li></ul></div></td></tr><tr><th scope=\"row\" class=\"navbox-group\" style=\"width:1%\">Artists</th><td class=\"navbox-list-with-group navbox-list navbox-odd\" style=\"width:100%;padding:0\"><div style=\"padding:0 0.25em\"><ul><li><span class=\"uid\"><a rel=\"nofollow\" class=\"external text\" href=\"https://musicbrainz.org/artist/5c585e27-c9f2-4441-8f6c-60e3edeacd0b\">MusicBrainz</a></span></li></ul></div></td></tr><tr><th scope=\"row\" class=\"navbox-group\" style=\"width:1%\">Other</th><td class=\"navbox-list-with-group navbox-list navbox-even\" style=\"width:100%;padding:0\"><div style=\"padding:0 0.25em\"><ul><li><span class=\"uid\"><a rel=\"nofollow\" class=\"external text\" href=\"https://www.idref.fr/164042954\">IdRef</a></span></li></ul></div></td></tr></tbody></table></div>\n<!-- \nNewPP limit report\nParsed by mw‐web.codfw.main‐9c75744‐zbxnh\nCached time: 20250928050014\nCache expiry: 2592000\nReduced expiry: false\nComplications: [vary‐revision‐sha1, show‐toc]\nCPU time usage: 0.524 seconds\nReal time usage: 0.710 seconds\nPreprocessor visited node count: 2626/1000000\nRevision size: 16390/2097152 bytes\nPost‐expand include size: 61443/2097152 bytes\nTemplate argument size: 4075/2097152 bytes\nHighest expansion depth: 12/100\nExpensive parser function count: 5/500\nUnstrip recursion depth: 1/20\nUnstrip post‐expand size: 78727/5000000 bytes\nLua time usage: 0.286/10.000 seconds\nLua memory usage: 7159618/52428800 bytes\nNumber of Wikibase entities loaded: 1/500\n-->\n<!--\nTransclusion expansion time report (%,ms,calls,template)\n100.00%  617.876      1 -total\n 27.10%  167.451      1 Template:Reflist\n 14.99%   92.643      1 Template:Infobox_musical_artist\n 14.24%   87.986      1 Template:Infobox\n 13.78%   85.130      1 Template:Cite_news\n 12.95%   80.012      1 Template:AllMusic\n 10.71%   66.178      1 Template:Short_description\n 10.61%   65.527      1 Template:EditAtWikidata\n 10.15%   62.736      1 Template:More_citations_needed\n 10.15%   62.710      1 Template:Damn_Yankees\n-->\n\n<!-- Saved in parser cache with key enwiki:pcache:888086:|#|:idhash:canonical and timestamp 20250928050014 and revision id 1305009971. Rendering was triggered because: page_view\n -->\n</div>"
        }
    }
}