{
    "parse": {
        "title": "Dan Fogelberg",
        "pageid": 1311795,
        "text": {
            "*": "<div class=\"mw-content-ltr mw-parser-output\" lang=\"en\" dir=\"ltr\"><div class=\"shortdescription nomobile noexcerpt noprint searchaux\" style=\"display:none\">American singer-songwriter (1951–2007)</div>\n<style data-mw-deduplicate=\"TemplateStyles:r1305433154\">.mw-parser-output .ambox{border:1px solid #a2a9b1;border-left:10px solid #36c;background-color:#fbfbfb;box-sizing:border-box}.mw-parser-output .ambox+link+.ambox,.mw-parser-output .ambox+link+style+.ambox,.mw-parser-output .ambox+link+link+.ambox,.mw-parser-output .ambox+.mw-empty-elt+link+.ambox,.mw-parser-output .ambox+.mw-empty-elt+link+style+.ambox,.mw-parser-output .ambox+.mw-empty-elt+link+link+.ambox{margin-top:-1px}html body.mediawiki .mw-parser-output .ambox.mbox-small-left{margin:4px 1em 4px 0;overflow:hidden;width:238px;border-collapse:collapse;font-size:88%;line-height:1.25em}.mw-parser-output .ambox-speedy{border-left:10px solid #b32424;background-color:#fee7e6}.mw-parser-output .ambox-delete{border-left:10px solid #b32424}.mw-parser-output .ambox-content{border-left:10px solid #f28500}.mw-parser-output .ambox-style{border-left:10px solid #fc3}.mw-parser-output .ambox-move{border-left:10px solid #9932cc}.mw-parser-output .ambox-protection{border-left:10px solid #a2a9b1}.mw-parser-output .ambox .mbox-text{border:none;padding:0.25em 0.5em;width:100%}.mw-parser-output .ambox .mbox-image{border:none;padding:2px 0 2px 0.5em;text-align:center}.mw-parser-output .ambox .mbox-imageright{border:none;padding:2px 0.5em 2px 0;text-align:center}.mw-parser-output .ambox .mbox-empty-cell{border:none;padding:0;width:1px}.mw-parser-output .ambox .mbox-image-div{width:52px}@media(min-width:720px){.mw-parser-output .ambox{margin:0 10%}}@media print{body.ns-0 .mw-parser-output .ambox{display:none!important}}</style><table class=\"box-Unreliable_sources plainlinks metadata ambox ambox-content ambox-unreliable_sources\" role=\"presentation\"><tbody><tr><td class=\"mbox-image\"><div class=\"mbox-image-div\"><span typeof=\"mw:File\"><a href=\"/wiki/File:Text_document_with_red_question_mark.svg\" class=\"mw-file-description\"><img src=\"//upload.wikimedia.org/wikipedia/commons/thumb/a/a4/Text_document_with_red_question_mark.svg/40px-Text_document_with_red_question_mark.svg.png\" decoding=\"async\" width=\"40\" height=\"40\" class=\"mw-file-element\" srcset=\"//upload.wikimedia.org/wikipedia/commons/thumb/a/a4/Text_document_with_red_question_mark.svg/60px-Text_document_with_red_question_mark.svg.png 1.5x, //upload.wikimedia.org/wikipedia/commons/thumb/a/a4/Text_document_with_red_question_mark.svg/80px-Text_document_with_red_question_mark.svg.png 2x\" data-file-width=\"48\" data-file-height=\"48\" /></a></span></div></td><td class=\"mbox-text\"><div class=\"mbox-text-span\">Some of this article's <a href=\"/wiki/Wikipedia:Citing_sources\" title=\"Wikipedia:Citing sources\">listed sources</a> <b>may not be <a href=\"/wiki/Wikipedia:Reliable_sources\" title=\"Wikipedia:Reliable sources\">reliable</a></b>.<span class=\"hide-when-compact\"> Please help improve this article by looking for better, more reliable sources. Unreliable citations may be challenged and removed.</span>  <span class=\"date-container\"><i>(<span class=\"date\">March 2025</span>)</i></span><span class=\"hide-when-compact\"><i> (<small><a href=\"/wiki/Help:Maintenance_template_removal\" title=\"Help:Maintenance template removal\">Learn how and when to remove this message</a></small>)</i></span></div></td></tr></tbody></table>\n<p class=\"mw-empty-elt\">\n</p>\n<style data-mw-deduplicate=\"TemplateStyles:r1126788409\">.mw-parser-output .plainlist ol,.mw-parser-output .plainlist ul{line-height:inherit;list-style:none;margin:0;padding:0}.mw-parser-output .plainlist ol li,.mw-parser-output .plainlist ul li{margin-bottom:0}</style><style data-mw-deduplicate=\"TemplateStyles:r1295905060\">.mw-parser-output .infobox-subbox{padding:0;border:none;margin:-3px;width:auto;min-width:100%;font-size:100%;clear:none;float:none;background-color:transparent}.mw-parser-output .infobox-3cols-child{margin:auto}.mw-parser-output .infobox .navbar{font-size:100%}@media screen{html.skin-theme-clientpref-night .mw-parser-output .infobox-full-data:not(.notheme)>div:not(.notheme)[style]{background:#1f1f23!important;color:#f8f9fa}}@media screen and (prefers-color-scheme:dark){html.skin-theme-clientpref-os .mw-parser-output .infobox-full-data:not(.notheme)>div:not(.notheme)[style]{background:#1f1f23!important;color:#f8f9fa}}@media(min-width:640px){body.skin--responsive .mw-parser-output .infobox-table{display:table!important}body.skin--responsive .mw-parser-output .infobox-table>caption{display:table-caption!important}body.skin--responsive .mw-parser-output .infobox-table>tbody{display:table-row-group}body.skin--responsive .mw-parser-output .infobox-table th,body.skin--responsive .mw-parser-output .infobox-table td{padding-left:inherit;padding-right:inherit}}</style><table class=\"infobox vcard plainlist\"><tbody><tr><th colspan=\"2\" class=\"infobox-above\" style=\"color: #202122;background-color: #b0c4de; font-size: 125%;\"><div class=\"\">Dan Fogelberg</div></th></tr><tr><td colspan=\"2\" class=\"infobox-image\"><span class=\"mw-default-size\" typeof=\"mw:File/Frameless\"><a href=\"/wiki/File:Dan_Fogelberg_1974.JPG\" class=\"mw-file-description\" title=\"Fogelberg in 1974\"><img alt=\"Fogelberg in 1974\" src=\"//upload.wikimedia.org/wikipedia/commons/thumb/3/3c/Dan_Fogelberg_1974.JPG/250px-Dan_Fogelberg_1974.JPG\" decoding=\"async\" width=\"250\" height=\"355\" class=\"mw-file-element\" srcset=\"//upload.wikimedia.org/wikipedia/commons/thumb/3/3c/Dan_Fogelberg_1974.JPG/500px-Dan_Fogelberg_1974.JPG 1.5x\" data-file-width=\"597\" data-file-height=\"848\" /></a></span><div class=\"infobox-caption\">Fogelberg in 1974</div></td></tr><tr><th colspan=\"2\" class=\"infobox-header\" style=\"color: #202122;background-color: #b0c4de\">Background information</th></tr><tr><th scope=\"row\" class=\"infobox-label\"><span class=\"nowrap\">Birth name</span></th><td class=\"infobox-data nickname\">Daniel Grayling Fogelberg</td></tr><tr><th scope=\"row\" class=\"infobox-label\">Born</th><td class=\"infobox-data\"><span style=\"display:none\">(<span class=\"bday\">1951-08-13</span>)</span>August 13, 1951<br /><div class=\"birthplace\"><a href=\"/wiki/Peoria,_Illinois\" title=\"Peoria, Illinois\">Peoria, Illinois</a>, U.S.</div></td></tr><tr><th scope=\"row\" class=\"infobox-label\">Died</th><td class=\"infobox-data\">December 16, 2007<span style=\"display:none\">(2007-12-16)</span> (aged&#160;56)<br /><div class=\"deathplace\"><a href=\"/wiki/Deer_Isle,_Maine\" title=\"Deer Isle, Maine\">Deer Isle, Maine</a>, U.S.</div></td></tr><tr><th scope=\"row\" class=\"infobox-label\">Genres</th><td class=\"infobox-data\"><style data-mw-deduplicate=\"TemplateStyles:r1129693374\">.mw-parser-output .hlist dl,.mw-parser-output .hlist ol,.mw-parser-output .hlist ul{margin:0;padding:0}.mw-parser-output .hlist dd,.mw-parser-output .hlist dt,.mw-parser-output .hlist li{margin:0;display:inline}.mw-parser-output .hlist.inline,.mw-parser-output .hlist.inline dl,.mw-parser-output .hlist.inline ol,.mw-parser-output .hlist.inline ul,.mw-parser-output .hlist dl dl,.mw-parser-output .hlist dl ol,.mw-parser-output .hlist dl ul,.mw-parser-output .hlist ol dl,.mw-parser-output .hlist ol ol,.mw-parser-output .hlist ol ul,.mw-parser-output .hlist ul dl,.mw-parser-output .hlist ul ol,.mw-parser-output .hlist ul ul{display:inline}.mw-parser-output .hlist .mw-empty-li{display:none}.mw-parser-output .hlist dt::after{content:\": \"}.mw-parser-output .hlist dd::after,.mw-parser-output .hlist li::after{content:\" · \";font-weight:bold}.mw-parser-output .hlist dd:last-child::after,.mw-parser-output .hlist dt:last-child::after,.mw-parser-output .hlist li:last-child::after{content:none}.mw-parser-output .hlist dd dd:first-child::before,.mw-parser-output .hlist dd dt:first-child::before,.mw-parser-output .hlist dd li:first-child::before,.mw-parser-output .hlist dt dd:first-child::before,.mw-parser-output .hlist dt dt:first-child::before,.mw-parser-output .hlist dt li:first-child::before,.mw-parser-output .hlist li dd:first-child::before,.mw-parser-output .hlist li dt:first-child::before,.mw-parser-output .hlist li li:first-child::before{content:\" (\";font-weight:normal}.mw-parser-output .hlist dd dd:last-child::after,.mw-parser-output .hlist dd dt:last-child::after,.mw-parser-output .hlist dd li:last-child::after,.mw-parser-output .hlist dt dd:last-child::after,.mw-parser-output .hlist dt dt:last-child::after,.mw-parser-output .hlist dt li:last-child::after,.mw-parser-output .hlist li dd:last-child::after,.mw-parser-output .hlist li dt:last-child::after,.mw-parser-output .hlist li li:last-child::after{content:\")\";font-weight:normal}.mw-parser-output .hlist ol{counter-reset:listitem}.mw-parser-output .hlist ol>li{counter-increment:listitem}.mw-parser-output .hlist ol>li::before{content:\" \"counter(listitem)\"\\a0 \"}.mw-parser-output .hlist dd ol>li:first-child::before,.mw-parser-output .hlist dt ol>li:first-child::before,.mw-parser-output .hlist li ol>li:first-child::before{content:\" (\"counter(listitem)\"\\a0 \"}</style><div class=\"hlist\"><ul><li><a href=\"/wiki/Rock_music\" title=\"Rock music\">Rock</a></li><li><a href=\"/wiki/Country_music\" title=\"Country music\">country</a></li><li><a href=\"/wiki/Folk_music\" title=\"Folk music\">folk</a></li><li><a href=\"/wiki/Folk_rock\" title=\"Folk rock\">folk rock</a></li><li><a href=\"/wiki/Soft_rock\" title=\"Soft rock\">soft rock</a></li><li><a href=\"/wiki/Pop_rock\" title=\"Pop rock\">pop rock</a></li><li><a href=\"/wiki/Pop_music\" title=\"Pop music\">pop</a></li></ul></div></td></tr><tr><th scope=\"row\" class=\"infobox-label\">Occupations</th><td class=\"infobox-data role\"><link rel=\"mw-deduplicated-inline-style\" href=\"mw-data:TemplateStyles:r1129693374\" /><div class=\"hlist\"><ul><li>Singer</li><li>musician</li><li>songwriter</li><li>composer</li></ul></div></td></tr><tr><th scope=\"row\" class=\"infobox-label\">Instruments</th><td class=\"infobox-data note\"><link rel=\"mw-deduplicated-inline-style\" href=\"mw-data:TemplateStyles:r1129693374\" /><div class=\"hlist\"><ul><li>Vocals</li><li>guitar</li><li>bass</li><li>piano</li><li>keyboards</li></ul></div></td></tr><tr><th scope=\"row\" class=\"infobox-label\"><span class=\"nowrap\">Years active</span></th><td class=\"infobox-data\">1968–2007</td></tr><tr><th scope=\"row\" class=\"infobox-label\">Labels</th><td class=\"infobox-data\"><link rel=\"mw-deduplicated-inline-style\" href=\"mw-data:TemplateStyles:r1129693374\" /><div class=\"hlist\"><ul><li><a href=\"/wiki/Columbia_Records\" title=\"Columbia Records\">Columbia</a></li><li><a href=\"/wiki/Full_Moon_Records\" title=\"Full Moon Records\">Full Moon</a></li><li><a href=\"/wiki/Epic_Records\" title=\"Epic Records\">Epic</a></li><li><a href=\"/wiki/Giant_Records_(Warner)\" class=\"mw-redirect\" title=\"Giant Records (Warner)\">Giant</a></li><li><a href=\"/wiki/Mailboat_Records\" title=\"Mailboat Records\">Mailboat</a></li></ul></div></td></tr><tr><th colspan=\"2\" class=\"infobox-header\" style=\"color: #202122;background-color: #b0c4de\"></th></tr><tr><th scope=\"row\" class=\"infobox-label\">Website</th><td class=\"infobox-data\"><span class=\"url\"><a rel=\"nofollow\" class=\"external text\" href=\"http://danfogelberg.com\">danfogelberg<wbr />.com</a></span></td></tr></tbody></table><div class=\"shortdescription nomobile noexcerpt noprint searchaux\" style=\"display:none\">Musical artist</div>\n<p><b>Daniel Grayling Fogelberg</b><sup id=\"cite_ref-Eder_Bio_1-0\" class=\"reference\"><a href=\"#cite_note-Eder_Bio-1\"><span class=\"cite-bracket\">&#91;</span>1<span class=\"cite-bracket\">&#93;</span></a></sup> (August 13, 1951 – December 16, 2007) was an American singer, songwriter, and multi-instrumentalist widely known for his 1970s and 1980s soft rock hits, including \"<a href=\"/wiki/Longer\" title=\"Longer\">Longer</a>\" (1979), \"<a href=\"/wiki/Same_Old_Lang_Syne\" title=\"Same Old Lang Syne\">Same Old Lang Syne</a>\" (1981), and \"<a href=\"/wiki/Leader_of_the_Band\" title=\"Leader of the Band\">Leader of the Band</a>\" (1982).\n</p>\n\n<div class=\"mw-heading mw-heading2\"><h2 id=\"Early_life_and_family\">Early life and family</h2></div>\n<p>Dan Fogelberg was born in <a href=\"/wiki/Peoria,_Illinois\" title=\"Peoria, Illinois\">Peoria, Illinois</a> on August 13, 1951. He was the youngest of three sons born to Margaret (née Irvine), (1920–2015), a classically trained pianist, and Lawrence Peter Fogelberg, (1911–1982), a band director at <a href=\"/wiki/Woodruff_High_School_(Peoria,_Illinois)\" class=\"mw-redirect\" title=\"Woodruff High School (Peoria, Illinois)\">Woodruff High School</a> in Peoria, at <a href=\"/wiki/Pekin_Community_High_School_(Illinois)\" class=\"mw-redirect\" title=\"Pekin Community High School (Illinois)\">Pekin Community High School</a> in <a href=\"/wiki/Pekin,_Illinois\" title=\"Pekin, Illinois\">Pekin, Illinois</a>,<sup id=\"cite_ref-Treehouse_2-0\" class=\"reference\"><a href=\"#cite_note-Treehouse-2\"><span class=\"cite-bracket\">&#91;</span>2<span class=\"cite-bracket\">&#93;</span></a></sup> and at <a href=\"/wiki/Bradley_University\" title=\"Bradley University\">Bradley University</a> in Peoria.<sup id=\"cite_ref-songfacts_3-0\" class=\"reference\"><a href=\"#cite_note-songfacts-3\"><span class=\"cite-bracket\">&#91;</span>3<span class=\"cite-bracket\">&#93;</span></a></sup> Fogelberg's mother was a Scottish immigrant and his father was of <a href=\"/wiki/Sweden\" title=\"Sweden\">Swedish</a> descent.<sup id=\"cite_ref-ref1_4-0\" class=\"reference\"><a href=\"#cite_note-ref1-4\"><span class=\"cite-bracket\">&#91;</span>4<span class=\"cite-bracket\">&#93;</span></a></sup>\n</p><p>Fogelberg often related his story of his father having allowed him to \"conduct\" the Bradley University school band at age 14. In 1981, Fogelberg released the song \"<a href=\"/wiki/Leader_of_the_Band\" title=\"Leader of the Band\">Leader of the Band</a>\", which was written for and inspired by his father.<sup id=\"cite_ref-songfacts_3-1\" class=\"reference\"><a href=\"#cite_note-songfacts-3\"><span class=\"cite-bracket\">&#91;</span>3<span class=\"cite-bracket\">&#93;</span></a></sup>\n</p><p>Using a <a href=\"/wiki/Mel_Bay\" title=\"Mel Bay\">Mel Bay</a> course book, Fogelberg taught himself to play a Hawaiian <a href=\"/wiki/Slide_guitar\" title=\"Slide guitar\">slide guitar</a> that his grandfather had given him. He also learned to play the piano. At age 14, he joined a band, The Clan, which covered <a href=\"/wiki/The_Beatles\" title=\"The Beatles\">The Beatles</a>. His second band was another <a href=\"/wiki/Cover_band\" title=\"Cover band\">cover band</a>, The Coachmen, who, in 1967, released a single with both tracks written by Fogelberg, recorded at Golden Voice Recording studio in <a href=\"/wiki/South_Pekin,_Illinois\" title=\"South Pekin, Illinois\">South Pekin, Illinois</a>, and released on the Ledger Record label: \"Maybe Time Will Let Me Forget\" and \"Don't Want to Lose Her\".<sup id=\"cite_ref-Treehouse_2-1\" class=\"reference\"><a href=\"#cite_note-Treehouse-2\"><span class=\"cite-bracket\">&#91;</span>2<span class=\"cite-bracket\">&#93;</span></a></sup><sup id=\"cite_ref-RPM_5-0\" class=\"reference\"><a href=\"#cite_note-RPM-5\"><span class=\"cite-bracket\">&#91;</span>5<span class=\"cite-bracket\">&#93;</span></a></sup>\n</p><p>After graduating from Woodruff High School in 1969, Fogelberg studied theater arts and painting at the <a href=\"/wiki/University_of_Illinois_at_Urbana-Champaign\" class=\"mw-redirect\" title=\"University of Illinois at Urbana-Champaign\">University of Illinois at Urbana-Champaign</a>. He began performing as a solo acoustic player at a coffeehouse, \"The Red Herring\", which is where he made his first solo recordings as part of a folk festival in 1971.<sup id=\"cite_ref-RPM_5-1\" class=\"reference\"><a href=\"#cite_note-RPM-5\"><span class=\"cite-bracket\">&#91;</span>5<span class=\"cite-bracket\">&#93;</span></a></sup> He was discovered by <a href=\"/wiki/Irving_Azoff\" title=\"Irving Azoff\">Irving Azoff</a>, who started his music management career promoting another Champaign-Urbana act, <a href=\"/wiki/REO_Speedwagon\" title=\"REO Speedwagon\">REO Speedwagon</a>. Azoff sent Fogelberg to <a href=\"/wiki/Nashville,_Tennessee\" title=\"Nashville, Tennessee\">Nashville, Tennessee</a>, to hone his skills. There he became a <a href=\"/wiki/Session_musician\" title=\"Session musician\">session musician</a> and recorded his first album with producer <a href=\"/wiki/Norbert_Putnam\" title=\"Norbert Putnam\">Norbert Putnam</a>. In 1972, Fogelberg released his debut album <i><a href=\"/wiki/Home_Free_(Dan_Fogelberg_album)\" title=\"Home Free (Dan Fogelberg album)\">Home Free</a></i> to a lukewarm response, although it eventually reached platinum status.<sup id=\"cite_ref-DanFogelbergCom_6-0\" class=\"reference\"><a href=\"#cite_note-DanFogelbergCom-6\"><span class=\"cite-bracket\">&#91;</span>6<span class=\"cite-bracket\">&#93;</span></a></sup>\n</p><p>He performed as an opening act for <a href=\"/wiki/Van_Morrison\" title=\"Van Morrison\">Van Morrison</a> in the early 1970s.<sup id=\"cite_ref-DAN_FOGELBERG_7-0\" class=\"reference\"><a href=\"#cite_note-DAN_FOGELBERG-7\"><span class=\"cite-bracket\">&#91;</span>7<span class=\"cite-bracket\">&#93;</span></a></sup>\n</p>\n<div class=\"mw-heading mw-heading2\"><h2 id=\"Career\">Career</h2></div>\n<p><a href=\"/wiki/WZZQ_(FM)\" title=\"WZZQ (FM)\">WZZQ</a>, a radio station in <a href=\"/wiki/Jackson,_Mississippi\" title=\"Jackson, Mississippi\">Jackson, Mississippi</a>, gave <i><a href=\"/wiki/Home_Free_(Dan_Fogelberg_album)\" title=\"Home Free (Dan Fogelberg album)\">Home Free</a></i> a lot of airplay and some local promoters secured the City Auditorium in Jackson for a concert. They sold out the show in ten days and when they called Fogelberg's agent to let him know the show sold out, he was in disbelief because Fogelberg had been playing in clubs with less than 100 people in attendance, whereas the City Auditorium had 2,500 seats. On February 22, 1974, this show was broadcast and recorded by WZZQ and can be found on YouTube.<sup id=\"cite_ref-8\" class=\"reference\"><a href=\"#cite_note-8\"><span class=\"cite-bracket\">&#91;</span>8<span class=\"cite-bracket\">&#93;</span></a></sup><sup id=\"cite_ref-9\" class=\"reference\"><a href=\"#cite_note-9\"><span class=\"cite-bracket\">&#91;</span>9<span class=\"cite-bracket\">&#93;</span></a></sup>\n</p><p>Fogelberg's second effort was successful – the 1974 <a href=\"/wiki/Joe_Walsh\" title=\"Joe Walsh\">Joe Walsh</a>-produced album <i><a href=\"/wiki/Souvenirs_(Dan_Fogelberg_album)\" title=\"Souvenirs (Dan Fogelberg album)\">Souvenirs</a></i>. The song \"Part of the Plan\" became his first hit. Fogelberg also received contributions from the <a href=\"/wiki/Eagles_(band)\" title=\"Eagles (band)\">Eagles</a> throughout the album. He had toured with the Eagles during this time. After <i>Souvenirs</i>, he released a string of <a href=\"/wiki/RIAA_certification\" title=\"RIAA certification\">gold</a> and platinum albums, including <i><a href=\"/wiki/Captured_Angel\" title=\"Captured Angel\">Captured Angel</a></i> (1975) and <i><a href=\"/wiki/Nether_Lands\" title=\"Nether Lands\">Nether Lands</a></i> (1977).\n</p><p>His 1978 <i><a href=\"/wiki/Twin_Sons_of_Different_Mothers\" title=\"Twin Sons of Different Mothers\">Twin Sons of Different Mothers</a></i> was the first of two collaborations with <a href=\"/wiki/Jazz\" title=\"Jazz\">jazz</a> flutist <a href=\"/wiki/Tim_Weisberg\" title=\"Tim Weisberg\">Tim Weisberg</a>, which found commercial success with songs such as \"The Power of Gold\".<sup id=\"cite_ref-10\" class=\"reference\"><a href=\"#cite_note-10\"><span class=\"cite-bracket\">&#91;</span>10<span class=\"cite-bracket\">&#93;</span></a></sup>\n</p><p><i><a href=\"/wiki/Phoenix_(Dan_Fogelberg_album)\" title=\"Phoenix (Dan Fogelberg album)\">Phoenix</a></i>, from 1979, reached the top 10, with \"<a href=\"/wiki/Longer\" title=\"Longer\">Longer</a>\" becoming a #2 pop hit in 1980 and peaking at number 59 on the <a href=\"/wiki/UK_Singles_Chart\" class=\"mw-redirect\" title=\"UK Singles Chart\">UK Singles Chart</a> – his sole entry on that chart. This LP eventually sold two million copies.<sup id=\"cite_ref-DAN_FOGELBERG_7-1\" class=\"reference\"><a href=\"#cite_note-DAN_FOGELBERG-7\"><span class=\"cite-bracket\">&#91;</span>7<span class=\"cite-bracket\">&#93;</span></a></sup> It was followed by a Top 20 hit \"Heart Hotels\". The album also reached number 42 on the <a href=\"/wiki/UK_Albums_Chart\" title=\"UK Albums Chart\">UK Albums Chart</a>, likewise his only entry on that chart.\n</p><p>In 1980, Fogelberg appeared on the soundtrack to the film <i><a href=\"/wiki/Urban_Cowboy\" title=\"Urban Cowboy\">Urban Cowboy</a></i><sup id=\"cite_ref-11\" class=\"reference\"><a href=\"#cite_note-11\"><span class=\"cite-bracket\">&#91;</span>11<span class=\"cite-bracket\">&#93;</span></a></sup> with his song \"Times Like These\". He performed live on television for the first time.<sup id=\"cite_ref-DAN_FOGELBERG_7-2\" class=\"reference\"><a href=\"#cite_note-DAN_FOGELBERG-7\"><span class=\"cite-bracket\">&#91;</span>7<span class=\"cite-bracket\">&#93;</span></a></sup>\n</p><p><i><a href=\"/wiki/The_Innocent_Age\" title=\"The Innocent Age\">The Innocent Age</a></i>, released in October 1981, was Fogelberg's critical and commercial peak. The double album included four of his biggest hits: \"<a href=\"/wiki/Same_Old_Lang_Syne\" title=\"Same Old Lang Syne\">Same Old Lang Syne</a>\", \"<a href=\"/wiki/Hard_to_Say\" title=\"Hard to Say\">Hard to Say</a>\", \"<a href=\"/wiki/Leader_of_the_Band\" title=\"Leader of the Band\">Leader of the Band</a>\", and \"<a href=\"/wiki/Run_for_the_Roses_(song)\" title=\"Run for the Roses (song)\">Run for the Roses</a>\". He drew inspiration for <i>The Innocent Age</i> from <a href=\"/wiki/Thomas_Wolfe\" title=\"Thomas Wolfe\">Thomas Wolfe</a>'s novel <i><a href=\"/wiki/Of_Time_and_the_River\" title=\"Of Time and the River\">Of Time and the River</a></i>. A 1982 <a href=\"/wiki/Greatest_Hits_(Dan_Fogelberg_album)\" title=\"Greatest Hits (Dan Fogelberg album)\">greatest hits album</a> contained two new songs, both of which were released as singles: \"Missing You\" and \"<a href=\"/wiki/Make_Love_Stay\" title=\"Make Love Stay\">Make Love Stay</a>\". In 1984, he released the album <i><a href=\"/wiki/Windows_and_Walls\" title=\"Windows and Walls\">Windows and Walls</a></i>, containing the singles \"The Language of Love\" and \"<a href=\"/wiki/Believe_in_Me_(Dan_Fogelberg_song)\" title=\"Believe in Me (Dan Fogelberg song)\">Believe in Me</a>\".\n</p><p>Fogelberg released <i><a href=\"/wiki/High_Country_Snows\" title=\"High Country Snows\">High Country Snows</a></i> in 1985. Recorded in Nashville, it showcased his and some of the industry's best talent in <a href=\"/wiki/Bluegrass_music\" title=\"Bluegrass music\">bluegrass</a>. <a href=\"/wiki/Vince_Gill\" title=\"Vince Gill\">Vince Gill</a>, <a href=\"/wiki/Ricky_Skaggs\" title=\"Ricky Skaggs\">Ricky Skaggs</a>, <a href=\"/wiki/Doc_Watson\" title=\"Doc Watson\">Doc Watson</a>, <a href=\"/wiki/Jerry_Douglas\" title=\"Jerry Douglas\">Jerry Douglas</a>, <a href=\"/wiki/David_Grisman\" title=\"David Grisman\">David Grisman</a>, <a href=\"/wiki/Chris_Hillman\" title=\"Chris Hillman\">Chris Hillman</a>, and <a href=\"/wiki/Herb_Pedersen\" title=\"Herb Pedersen\">Herb Pedersen</a> contributed to the record. In a world he defined as \"life in the fast lane\", Fogelberg described the music as \"life in the off-ramp\". In late 1985, he switched gears and took to the road with a group of musician friends, including <a href=\"/wiki/Joe_Vitale_(musician)\" title=\"Joe Vitale (musician)\">Joe Vitale</a>, Paul Harris, Tino Gonzales, Jeff Grossberg and Rick Rosas, playing blues in small clubs throughout <a href=\"/wiki/Colorado\" title=\"Colorado\">Colorado</a> as Frankie and the Aliens, covering songs by <a href=\"/wiki/Cream_(band)\" title=\"Cream (band)\">Cream</a> and <a href=\"/wiki/Muddy_Waters\" title=\"Muddy Waters\">Muddy Waters</a>, among others.<sup id=\"cite_ref-12\" class=\"reference\"><a href=\"#cite_note-12\"><span class=\"cite-bracket\">&#91;</span>12<span class=\"cite-bracket\">&#93;</span></a></sup> 1987 heralded a return to rock with <i><a href=\"/wiki/Exiles_(Dan_Fogelberg_album)\" title=\"Exiles (Dan Fogelberg album)\">Exiles</a></i>, an album that contained \"What You're Doing\", a throwback to the old Stax Records sound made famous in Memphis during the 1960s. <i><a href=\"/wiki/The_Wild_Places_(Dan_Fogelberg_album)\" title=\"The Wild Places (Dan Fogelberg album)\">The Wild Places</a></i>, an album whose theme was the preservation of nature, was released in 1990 followed by a tour. His live <i>Greetings From The West</i> album, and full-length concert film (with interview segments) of the same name, were released in 1991.\n</p><p><i><a href=\"/wiki/River_of_Souls\" title=\"River of Souls\">River of Souls</a></i>, released in 1993, was Fogelberg's last studio album for <a href=\"/wiki/Sony_Records\" title=\"Sony Records\">Sony Records</a>. In 1997, the box set <i>Portrait</i> encompassed his career with four discs, each highlighting a different facet of his music.<sup id=\"cite_ref-DAN_FOGELBERG_7-3\" class=\"reference\"><a href=\"#cite_note-DAN_FOGELBERG-7\"><span class=\"cite-bracket\">&#91;</span>7<span class=\"cite-bracket\">&#93;</span></a></sup> In 1999, he released a <a href=\"/wiki/Christmas_album\" class=\"mw-redirect\" title=\"Christmas album\">Christmas album</a>, <i>The First Christmas Morning</i>, and in 2003, <i>Full Circle</i> showcased a return to the folk-influenced 1970s <a href=\"/wiki/Soft_rock\" title=\"Soft rock\">soft rock</a> style of music.\n</p><p>In May 2017, a live album of Fogelberg's performance at Carnegie Hall, championed by his wife,<sup id=\"cite_ref-13\" class=\"reference\"><a href=\"#cite_note-13\"><span class=\"cite-bracket\">&#91;</span>13<span class=\"cite-bracket\">&#93;</span></a></sup> sourced from a 1979 tape made by his touring sound company, was released. It peaked at No. 71 on the <i>Billboard</i> album chart on June 10, 2017,<sup id=\"cite_ref-14\" class=\"reference\"><a href=\"#cite_note-14\"><span class=\"cite-bracket\">&#91;</span>14<span class=\"cite-bracket\">&#93;</span></a></sup> becoming the first of Fogelberg's live albums to chart on the <i>Billboard</i> Top 200 chart.\n</p>\n<div class=\"mw-heading mw-heading2\"><h2 id=\"Personal_life\">Personal life</h2></div>\n<p>Fogelberg was married three times: to Maggie Slaymaker from 1982 to 1985, to Anastasia Savage from 1991 to 1996 and to musician Jean Marie Mayer from 2002 until he died in 2007.<sup id=\"cite_ref-15\" class=\"reference\"><a href=\"#cite_note-15\"><span class=\"cite-bracket\">&#91;</span>15<span class=\"cite-bracket\">&#93;</span></a></sup><sup id=\"cite_ref-16\" class=\"reference\"><a href=\"#cite_note-16\"><span class=\"cite-bracket\">&#91;</span>16<span class=\"cite-bracket\">&#93;</span></a></sup>\n</p><p>From the early 1980s until his cancer diagnosis, Fogelberg lived near <a href=\"/wiki/Pagosa_Springs,_Colorado\" title=\"Pagosa Springs, Colorado\">Pagosa Springs, Colorado</a>, on a working <a href=\"/wiki/Ranch\" title=\"Ranch\">ranch</a>, which housed a recording studio that he built. He also owned a home in <a href=\"/wiki/Maine\" title=\"Maine\">Maine</a> on <a href=\"/wiki/Deer_Isle_(island)\" title=\"Deer Isle (island)\">Deer Isle</a>, overlooking <a href=\"/wiki/Deer_Isle_Bridge\" title=\"Deer Isle Bridge\">Eggemoggin Reach</a>.<sup id=\"cite_ref-17\" class=\"reference\"><a href=\"#cite_note-17\"><span class=\"cite-bracket\">&#91;</span>17<span class=\"cite-bracket\">&#93;</span></a></sup>\n</p>\n<div class=\"mw-heading mw-heading3\"><h3 id=\"Cancer_diagnosis_and_death\">Cancer diagnosis and death</h3></div>\n<p>In May 2004, Fogelberg was diagnosed with advanced <a href=\"/wiki/Prostate_cancer\" title=\"Prostate cancer\">prostate cancer</a>. After undergoing therapy, his cancer went into partial remission. In August 2005, Fogelberg announced the success of his cancer treatments. However, his cancer returned and on December 16, 2007, Fogelberg died at his  home in Deer Isle, Maine, at the age of 56.<sup id=\"cite_ref-18\" class=\"reference\"><a href=\"#cite_note-18\"><span class=\"cite-bracket\">&#91;</span>18<span class=\"cite-bracket\">&#93;</span></a></sup><sup id=\"cite_ref-19\" class=\"reference\"><a href=\"#cite_note-19\"><span class=\"cite-bracket\">&#91;</span>19<span class=\"cite-bracket\">&#93;</span></a></sup><sup id=\"cite_ref-20\" class=\"reference\"><a href=\"#cite_note-20\"><span class=\"cite-bracket\">&#91;</span>20<span class=\"cite-bracket\">&#93;</span></a></sup><sup id=\"cite_ref-dfpeoria_21-0\" class=\"reference\"><a href=\"#cite_note-dfpeoria-21\"><span class=\"cite-bracket\">&#91;</span>21<span class=\"cite-bracket\">&#93;</span></a></sup> Fogelberg was cremated and his ashes were scattered on Eggemoggin Reach (from his song, \"The Reach\") off the coast of Maine.\n</p><p>In 2009, Fogelberg's widow, Jean Fogelberg, produced <i>Love in Time</i>, a collection of 11 previously unpublished songs that Fogelberg had asked her to release after his death.<sup id=\"cite_ref-22\" class=\"reference\"><a href=\"#cite_note-22\"><span class=\"cite-bracket\">&#91;</span>22<span class=\"cite-bracket\">&#93;</span></a></sup> <i>Love in Time</i> became the first Dan Fogelberg album to chart since <i><a href=\"/wiki/River_of_Souls\" title=\"River of Souls\">River of Souls</a></i> in 1993, reaching number 117 on the <i>Billboard</i> Top 200 on October 10, 2009.<sup id=\"cite_ref-23\" class=\"reference\"><a href=\"#cite_note-23\"><span class=\"cite-bracket\">&#91;</span>23<span class=\"cite-bracket\">&#93;</span></a></sup>\n</p>\n<div class=\"mw-heading mw-heading2\"><h2 id=\"Legacy\">Legacy</h2></div>\n<p>In tribute to Dan and his father Lawrence Fogelberg, <a href=\"/wiki/Peoria,_Illinois\" title=\"Peoria, Illinois\">Peoria</a> renamed Abington Street in the city's East Bluff neighborhood \"Fogelberg Parkway\". The street runs along the northeast side of Woodruff High School, Fogelberg's alma mater and where his father was a teacher and bandleader. Fogelberg Parkway continues to the intersection of N. Prospect and E. Frye, the location of the convenience store where Fogelberg ran into his high school sweetheart one Christmas Eve – as described in the song \"<a href=\"/wiki/Same_Old_Lang_Syne\" title=\"Same Old Lang Syne\">Same Old Lang Syne</a>\".<sup id=\"cite_ref-dfpeoria_21-1\" class=\"reference\"><a href=\"#cite_note-dfpeoria-21\"><span class=\"cite-bracket\">&#91;</span>21<span class=\"cite-bracket\">&#93;</span></a></sup> A group of Fogelberg fans created a memorial garden in Riverfront Park in 2010.<sup id=\"cite_ref-dfpeoria_21-2\" class=\"reference\"><a href=\"#cite_note-dfpeoria-21\"><span class=\"cite-bracket\">&#91;</span>21<span class=\"cite-bracket\">&#93;</span></a></sup>\n</p><p>In 2017, ten years after the singer's death, Jean Fogelberg released <i>Dan Fogelberg - Live at Carnegie Hall</i> which immediately became a fan favorite. That same year, she released a CD tribute to Dan's work, <i>A Tribute to Dan Fogelberg</i>, with performances by his old friend and producer <a href=\"/wiki/Joe_Walsh\" title=\"Joe Walsh\">Joe Walsh</a> with <a href=\"/wiki/Eagles_(band)\" title=\"Eagles (band)\">Eagles</a>, <a href=\"/wiki/Garth_Brooks\" title=\"Garth Brooks\">Garth Brooks</a>, <a href=\"/wiki/Trisha_Yearwood\" title=\"Trisha Yearwood\">Trisha Yearwood</a>, <a href=\"/wiki/Vince_Gill\" title=\"Vince Gill\">Vince Gill</a>, <a href=\"/wiki/Amy_Grant\" title=\"Amy Grant\">Amy Grant</a>, <a href=\"/wiki/Jimmy_Buffett\" title=\"Jimmy Buffett\">Jimmy Buffett</a>, <a href=\"/wiki/Michael_McDonald_(musician)\" title=\"Michael McDonald (musician)\">Michael McDonald</a>, <a href=\"/wiki/Randy_Owen\" title=\"Randy Owen\">Randy Owen</a>, <a href=\"/wiki/Donna_Summer\" title=\"Donna Summer\">Donna Summer</a>, <a href=\"/wiki/Boz_Scaggs\" title=\"Boz Scaggs\">Boz Scaggs</a>, <a href=\"/wiki/Dobie_Gray\" title=\"Dobie Gray\">Dobie Gray</a>, the <a href=\"/wiki/Zac_Brown_Band\" title=\"Zac Brown Band\">Zac Brown Band</a>, and other artists.<sup id=\"cite_ref-24\" class=\"reference\"><a href=\"#cite_note-24\"><span class=\"cite-bracket\">&#91;</span>24<span class=\"cite-bracket\">&#93;</span></a></sup> Seven years in the making, the tribute CD was co-produced by Jean, with major assistance from Dan Fogelberg's friend, producer and arranger Norbert Putnam; Fogelberg's longtime friend and manager, <a href=\"/wiki/Irving_Azoff\" title=\"Irving Azoff\">Irving Azoff</a>; and Denver music promoter Chuck Morris.<sup id=\"cite_ref-25\" class=\"reference\"><a href=\"#cite_note-25\"><span class=\"cite-bracket\">&#91;</span>25<span class=\"cite-bracket\">&#93;</span></a></sup><sup id=\"cite_ref-26\" class=\"reference\"><a href=\"#cite_note-26\"><span class=\"cite-bracket\">&#91;</span>26<span class=\"cite-bracket\">&#93;</span></a></sup> In conjunction with the tribute CD, Fogelberg was inducted into the <a href=\"/wiki/Colorado_Music_Hall_of_Fame\" title=\"Colorado Music Hall of Fame\">Colorado Music Hall of Fame</a> at its \"Rocky Mountain Way\" induction concert at Fiddler's Green Amphitheater on Fogelberg's birthday, August 13, 2017.<sup id=\"cite_ref-27\" class=\"reference\"><a href=\"#cite_note-27\"><span class=\"cite-bracket\">&#91;</span>27<span class=\"cite-bracket\">&#93;</span></a></sup>\n</p><p><i>Part of the Plan</i> is a <a href=\"/wiki/Musical_theater\" class=\"mw-redirect\" title=\"Musical theater\">musical</a> using the music of Fogelberg. Starring Harley Jay and <a href=\"/wiki/Kate_Morgan_Chadwick\" title=\"Kate Morgan Chadwick\">Kate Morgan Chadwick</a>,<sup id=\"cite_ref-28\" class=\"reference\"><a href=\"#cite_note-28\"><span class=\"cite-bracket\">&#91;</span>28<span class=\"cite-bracket\">&#93;</span></a></sup> it opened on September 8, 2017, at the Tennessee Performing Arts Center (TPAC) in Nashville. Written by Kate Atkinson &amp; Karen Harris of K-Squared Entertainment, the new musical played nineteen performances in TPAC's James K. Polk Theatre in September 2017 and swept the 2017 Broadway World Regional Awards with 15 wins including BEST NEW WORK\nand BEST MUSICAL.<sup id=\"cite_ref-29\" class=\"reference\"><a href=\"#cite_note-29\"><span class=\"cite-bracket\">&#91;</span>29<span class=\"cite-bracket\">&#93;</span></a></sup>\n</p><p><a href=\"/wiki/My_Morning_Jacket\" title=\"My Morning Jacket\">My Morning Jacket</a> frontman <a href=\"/wiki/Jim_James\" title=\"Jim James\">Jim James</a> has cited Fogelberg as a musical favorite and an influence, with \"Leader of the Band\" being the first single he ever bought.<sup id=\"cite_ref-30\" class=\"reference\"><a href=\"#cite_note-30\"><span class=\"cite-bracket\">&#91;</span>30<span class=\"cite-bracket\">&#93;</span></a></sup> James' home studio features a Trident Series 80 recording console that formerly belonged to Fogelberg.<sup id=\"cite_ref-31\" class=\"reference\"><a href=\"#cite_note-31\"><span class=\"cite-bracket\">&#91;</span>31<span class=\"cite-bracket\">&#93;</span></a></sup> Garth Brooks has stated that Fogelberg influenced his music. \"There are songs that people say are the soundtrack of your life... In college, I would take out my Dan Fogelberg records and would read a passage (of lyrics) from Fogelberg's work and go about my day. That was an artist who changed my life, who made me change where I wanted to go and the music I wanted to play and thus, led me here.\"<sup id=\"cite_ref-32\" class=\"reference\"><a href=\"#cite_note-32\"><span class=\"cite-bracket\">&#91;</span>32<span class=\"cite-bracket\">&#93;</span></a></sup>\n</p>\n<div class=\"mw-heading mw-heading2\"><h2 id=\"Discography\">Discography</h2></div>\n<style data-mw-deduplicate=\"TemplateStyles:r1236090951\">.mw-parser-output .hatnote{font-style:italic}.mw-parser-output div.hatnote{padding-left:1.6em;margin-bottom:0.5em}.mw-parser-output .hatnote i{font-style:normal}.mw-parser-output .hatnote+link+.hatnote{margin-top:-0.5em}@media print{body.ns-0 .mw-parser-output .hatnote{display:none!important}}</style><div role=\"note\" class=\"hatnote navigation-not-searchable\">Main article: <a href=\"/wiki/Dan_Fogelberg_discography\" title=\"Dan Fogelberg discography\">Dan Fogelberg discography</a></div>\n<p><b>Albums</b>\n</p>\n<style data-mw-deduplicate=\"TemplateStyles:r1184024115\">.mw-parser-output .div-col{margin-top:0.3em;column-width:30em}.mw-parser-output .div-col-small{font-size:90%}.mw-parser-output .div-col-rules{column-rule:1px solid #aaa}.mw-parser-output .div-col dl,.mw-parser-output .div-col ol,.mw-parser-output .div-col ul{margin-top:0}.mw-parser-output .div-col li,.mw-parser-output .div-col dd{page-break-inside:avoid;break-inside:avoid-column}</style><div class=\"div-col\" style=\"column-width: 30em;\">\n<ul><li><i><a href=\"/wiki/Home_Free_(Dan_Fogelberg_album)\" title=\"Home Free (Dan Fogelberg album)\">Home Free</a></i> (1972)</li>\n<li><i><a href=\"/wiki/Souvenirs_(Dan_Fogelberg_album)\" title=\"Souvenirs (Dan Fogelberg album)\">Souvenirs</a></i> (1974)</li>\n<li><i><a href=\"/wiki/Captured_Angel\" title=\"Captured Angel\">Captured Angel</a></i> (1975)</li>\n<li><i><a href=\"/wiki/Nether_Lands\" title=\"Nether Lands\">Nether Lands</a></i> (1977)</li>\n<li><i><a href=\"/wiki/Twin_Sons_of_Different_Mothers\" title=\"Twin Sons of Different Mothers\">Twin Sons of Different Mothers</a></i> (with <a href=\"/wiki/Tim_Weisberg\" title=\"Tim Weisberg\">Tim Weisberg</a>; 1978)</li>\n<li><i><a href=\"/wiki/Phoenix_(Dan_Fogelberg_album)\" title=\"Phoenix (Dan Fogelberg album)\">Phoenix</a></i> (1979)</li>\n<li><i><a href=\"/wiki/The_Innocent_Age\" title=\"The Innocent Age\">The Innocent Age</a></i> (1981)</li>\n<li><i><a href=\"/wiki/Windows_and_Walls\" title=\"Windows and Walls\">Windows and Walls</a></i> (1984)</li>\n<li><i><a href=\"/wiki/High_Country_Snows\" title=\"High Country Snows\">High Country Snows</a></i> (1985)</li>\n<li><i><a href=\"/wiki/Exiles_(Dan_Fogelberg_album)\" title=\"Exiles (Dan Fogelberg album)\">Exiles</a></i> (1987)</li>\n<li><i><a href=\"/wiki/The_Wild_Places_(Dan_Fogelberg_album)\" title=\"The Wild Places (Dan Fogelberg album)\">The Wild Places</a></i> (1990)</li>\n<li><i>Live: Greetings From the West</i> (1991)</li>\n<li><i><a href=\"/wiki/River_of_Souls\" title=\"River of Souls\">River of Souls</a></i> (1993)</li>\n<li><i><a href=\"/wiki/No_Resemblance_Whatsoever\" title=\"No Resemblance Whatsoever\">No Resemblance Whatsoever</a></i> (with Tim Weisberg; 1995)</li>\n<li><i>Portrait -The Music of Dan Fogelberg</i> (4 CD Box Set; 1997)</li>\n<li><i>The First Christmas Morning</i> (1999)</li>\n<li><i>Live: Something Old, Something New, Something Borrowed...and Some Blues</i> (2000)</li>\n<li><i>Full Circle</i> (2003)</li>\n<li><i>Love in Time</i> (2009)</li>\n<li><i>Dan Fogelberg - Live at Carnegie Hall</i> (2017)</li></ul></div>\n<div class=\"mw-heading mw-heading2\"><h2 id=\"References\">References</h2></div>\n<style data-mw-deduplicate=\"TemplateStyles:r1239543626\">.mw-parser-output .reflist{margin-bottom:0.5em;list-style-type:decimal}@media screen{.mw-parser-output .reflist{font-size:90%}}.mw-parser-output .reflist .references{font-size:100%;margin-bottom:0;list-style-type:inherit}.mw-parser-output .reflist-columns-2{column-width:30em}.mw-parser-output .reflist-columns-3{column-width:25em}.mw-parser-output .reflist-columns{margin-top:0.3em}.mw-parser-output .reflist-columns ol{margin-top:0}.mw-parser-output .reflist-columns li{page-break-inside:avoid;break-inside:avoid-column}.mw-parser-output .reflist-upper-alpha{list-style-type:upper-alpha}.mw-parser-output .reflist-upper-roman{list-style-type:upper-roman}.mw-parser-output .reflist-lower-alpha{list-style-type:lower-alpha}.mw-parser-output .reflist-lower-greek{list-style-type:lower-greek}.mw-parser-output .reflist-lower-roman{list-style-type:lower-roman}</style><div class=\"reflist\">\n<div class=\"mw-references-wrap mw-references-columns\"><ol class=\"references\">\n<li id=\"cite_note-Eder_Bio-1\"><span class=\"mw-cite-backlink\"><b><a href=\"#cite_ref-Eder_Bio_1-0\">^</a></b></span> <span class=\"reference-text\"><style data-mw-deduplicate=\"TemplateStyles:r1238218222\">.mw-parser-output cite.citation{font-style:inherit;word-wrap:break-word}.mw-parser-output .citation q{quotes:\"\\\"\"\"\\\"\"\"'\"\"'\"}.mw-parser-output .citation:target{background-color:rgba(0,127,255,0.133)}.mw-parser-output .id-lock-free.id-lock-free a{background:url(\"//upload.wikimedia.org/wikipedia/commons/6/65/Lock-green.svg\")right 0.1em center/9px no-repeat}.mw-parser-output .id-lock-limited.id-lock-limited a,.mw-parser-output .id-lock-registration.id-lock-registration a{background:url(\"//upload.wikimedia.org/wikipedia/commons/d/d6/Lock-gray-alt-2.svg\")right 0.1em center/9px no-repeat}.mw-parser-output .id-lock-subscription.id-lock-subscription a{background:url(\"//upload.wikimedia.org/wikipedia/commons/a/aa/Lock-red-alt-2.svg\")right 0.1em center/9px no-repeat}.mw-parser-output .cs1-ws-icon a{background:url(\"//upload.wikimedia.org/wikipedia/commons/4/4c/Wikisource-logo.svg\")right 0.1em center/12px no-repeat}body:not(.skin-timeless):not(.skin-minerva) .mw-parser-output .id-lock-free a,body:not(.skin-timeless):not(.skin-minerva) .mw-parser-output .id-lock-limited a,body:not(.skin-timeless):not(.skin-minerva) .mw-parser-output .id-lock-registration a,body:not(.skin-timeless):not(.skin-minerva) .mw-parser-output .id-lock-subscription a,body:not(.skin-timeless):not(.skin-minerva) .mw-parser-output .cs1-ws-icon a{background-size:contain;padding:0 1em 0 0}.mw-parser-output .cs1-code{color:inherit;background:inherit;border:none;padding:inherit}.mw-parser-output .cs1-hidden-error{display:none;color:var(--color-error,#d33)}.mw-parser-output .cs1-visible-error{color:var(--color-error,#d33)}.mw-parser-output .cs1-maint{display:none;color:#085;margin-left:0.3em}.mw-parser-output .cs1-kern-left{padding-left:0.2em}.mw-parser-output .cs1-kern-right{padding-right:0.2em}.mw-parser-output .citation .mw-selflink{font-weight:inherit}@media screen{.mw-parser-output .cs1-format{font-size:95%}html.skin-theme-clientpref-night .mw-parser-output .cs1-maint{color:#18911f}}@media screen and (prefers-color-scheme:dark){html.skin-theme-clientpref-os .mw-parser-output .cs1-maint{color:#18911f}}</style><cite id=\"CITEREFEder\" class=\"citation web cs1\">Eder, Bruce. <a rel=\"nofollow\" class=\"external text\" href=\"https://web.archive.org/web/20160104025438/http://www.danfogelberg.com/ederbiography.html\">\"Artist Biography\"</a>. <i>danfogelberg.com</i>. Archived from <a rel=\"nofollow\" class=\"external text\" href=\"http://www.danfogelberg.com/ederbiography.html\">the original</a> on January 4, 2016<span class=\"reference-accessdate\">. Retrieved <span class=\"nowrap\">August 13,</span> 2021</span>.</cite><span title=\"ctx_ver=Z39.88-2004&amp;rft_val_fmt=info%3Aofi%2Ffmt%3Akev%3Amtx%3Ajournal&amp;rft.genre=unknown&amp;rft.jtitle=danfogelberg.com&amp;rft.atitle=Artist+Biography&amp;rft.aulast=Eder&amp;rft.aufirst=Bruce&amp;rft_id=http%3A%2F%2Fwww.danfogelberg.com%2Federbiography.html&amp;rfr_id=info%3Asid%2Fen.wikipedia.org%3ADan+Fogelberg\" class=\"Z3988\"></span></span>\n</li>\n<li id=\"cite_note-Treehouse-2\"><span class=\"mw-cite-backlink\">^ <a href=\"#cite_ref-Treehouse_2-0\"><sup><i><b>a</b></i></sup></a> <a href=\"#cite_ref-Treehouse_2-1\"><sup><i><b>b</b></i></sup></a></span> <span class=\"reference-text\"><link rel=\"mw-deduplicated-inline-style\" href=\"mw-data:TemplateStyles:r1238218222\" /><cite class=\"citation web cs1\"><a rel=\"nofollow\" class=\"external text\" href=\"https://web.archive.org/web/20180718001530/http://www.treehouse.org/fogelberg/biography.html\">\"Biography\"</a>. <i>Treehouse.org</i>. Waxahachie, Texas: Wynn Drumm. Archived from <a rel=\"nofollow\" class=\"external text\" href=\"http://www.treehouse.org/fogelberg/biography.html\">the original</a> on July 18, 2018<span class=\"reference-accessdate\">. Retrieved <span class=\"nowrap\">July 28,</span> 2020</span>.</cite><span title=\"ctx_ver=Z39.88-2004&amp;rft_val_fmt=info%3Aofi%2Ffmt%3Akev%3Amtx%3Ajournal&amp;rft.genre=unknown&amp;rft.jtitle=Treehouse.org&amp;rft.atitle=Biography&amp;rft_id=http%3A%2F%2Fwww.treehouse.org%2Ffogelberg%2Fbiography.html&amp;rfr_id=info%3Asid%2Fen.wikipedia.org%3ADan+Fogelberg\" class=\"Z3988\"></span></span>\n</li>\n<li id=\"cite_note-songfacts-3\"><span class=\"mw-cite-backlink\">^ <a href=\"#cite_ref-songfacts_3-0\"><sup><i><b>a</b></i></sup></a> <a href=\"#cite_ref-songfacts_3-1\"><sup><i><b>b</b></i></sup></a></span> <span class=\"reference-text\"><link rel=\"mw-deduplicated-inline-style\" href=\"mw-data:TemplateStyles:r1238218222\" /><cite class=\"citation web cs1\"><a rel=\"nofollow\" class=\"external text\" href=\"https://www.songfacts.com/facts/dan-fogelberg/leader-of-the-band\">\"Leader Of The Band by Dan Fogelberg\"</a>. <i>SongFacts.com</i><span class=\"reference-accessdate\">. Retrieved <span class=\"nowrap\">January 10,</span> 2018</span>.</cite><span title=\"ctx_ver=Z39.88-2004&amp;rft_val_fmt=info%3Aofi%2Ffmt%3Akev%3Amtx%3Ajournal&amp;rft.genre=unknown&amp;rft.jtitle=SongFacts.com&amp;rft.atitle=Leader+Of+The+Band+by+Dan+Fogelberg&amp;rft_id=https%3A%2F%2Fwww.songfacts.com%2Ffacts%2Fdan-fogelberg%2Fleader-of-the-band&amp;rfr_id=info%3Asid%2Fen.wikipedia.org%3ADan+Fogelberg\" class=\"Z3988\"></span></span>\n</li>\n<li id=\"cite_note-ref1-4\"><span class=\"mw-cite-backlink\"><b><a href=\"#cite_ref-ref1_4-0\">^</a></b></span> <span class=\"reference-text\"><link rel=\"mw-deduplicated-inline-style\" href=\"mw-data:TemplateStyles:r1238218222\" /><cite id=\"CITEREFLyons1987\" class=\"citation news cs1\">Lyons, Dee (June 26, 1987). <a rel=\"nofollow\" class=\"external text\" href=\"https://web.archive.org/web/20070319172934/http://nl.newsbank.com/nl-search/we/Archives?p_product=DM\">\"Dan Fogelberg: Singer to Shine at Starfest\"</a>. <i>The Dallas Morning News</i>. Archived from <a rel=\"nofollow\" class=\"external text\" href=\"http://nl.newsbank.com/nl-search/we/Archives?p_product=DM&amp;p_theme=dm&amp;p_action=search&amp;p_maxdocs=200&amp;p_topdoc=1&amp;p_text_direct-0=0ED3CF439607F165&amp;p_field_direct-0=document_id&amp;p_perpage=10&amp;p_sort=YMD_date:D&amp;s_trackval=GooglePM\">the original</a> on March 19, 2007<span class=\"reference-accessdate\">. Retrieved <span class=\"nowrap\">December 19,</span> 2007</span>.</cite><span title=\"ctx_ver=Z39.88-2004&amp;rft_val_fmt=info%3Aofi%2Ffmt%3Akev%3Amtx%3Ajournal&amp;rft.genre=article&amp;rft.jtitle=The+Dallas+Morning+News&amp;rft.atitle=Dan+Fogelberg%3A+Singer+to+Shine+at+Starfest&amp;rft.date=1987-06-26&amp;rft.aulast=Lyons&amp;rft.aufirst=Dee&amp;rft_id=http%3A%2F%2Fnl.newsbank.com%2Fnl-search%2Fwe%2FArchives%3Fp_product%3DDM%26p_theme%3Ddm%26p_action%3Dsearch%26p_maxdocs%3D200%26p_topdoc%3D1%26p_text_direct-0%3D0ED3CF439607F165%26p_field_direct-0%3Ddocument_id%26p_perpage%3D10%26p_sort%3DYMD_date%3AD%26s_trackval%3DGooglePM&amp;rfr_id=info%3Asid%2Fen.wikipedia.org%3ADan+Fogelberg\" class=\"Z3988\"></span></span>\n</li>\n<li id=\"cite_note-RPM-5\"><span class=\"mw-cite-backlink\">^ <a href=\"#cite_ref-RPM_5-0\"><sup><i><b>a</b></i></sup></a> <a href=\"#cite_ref-RPM_5-1\"><sup><i><b>b</b></i></sup></a></span> <span class=\"reference-text\"><link rel=\"mw-deduplicated-inline-style\" href=\"mw-data:TemplateStyles:r1238218222\" /><cite class=\"citation web cs1\"><a rel=\"nofollow\" class=\"external text\" href=\"https://www.danfogelberg.com/early-rpms\">\"Early Recordings\"</a>. <i>danfogelberg.com</i><span class=\"reference-accessdate\">. Retrieved <span class=\"nowrap\">August 13,</span> 2021</span>.</cite><span title=\"ctx_ver=Z39.88-2004&amp;rft_val_fmt=info%3Aofi%2Ffmt%3Akev%3Amtx%3Ajournal&amp;rft.genre=unknown&amp;rft.jtitle=danfogelberg.com&amp;rft.atitle=Early+Recordings&amp;rft_id=https%3A%2F%2Fwww.danfogelberg.com%2Fearly-rpms&amp;rfr_id=info%3Asid%2Fen.wikipedia.org%3ADan+Fogelberg\" class=\"Z3988\"></span></span>\n</li>\n<li id=\"cite_note-DanFogelbergCom-6\"><span class=\"mw-cite-backlink\"><b><a href=\"#cite_ref-DanFogelbergCom_6-0\">^</a></b></span> <span class=\"reference-text\"><link rel=\"mw-deduplicated-inline-style\" href=\"mw-data:TemplateStyles:r1238218222\" /><cite class=\"citation web cs1\"><a rel=\"nofollow\" class=\"external text\" href=\"https://web.archive.org/web/20160304054857/http://www.danfogelberg.com/infohomefree.html\">\"Discography – Home Free\"</a>. <i>danfogelberg.com</i>. Archived from <a rel=\"nofollow\" class=\"external text\" href=\"http://www.danfogelberg.com/infohomefree.html\">the original</a> on March 4, 2016<span class=\"reference-accessdate\">. Retrieved <span class=\"nowrap\">February 8,</span> 2016</span>.</cite><span title=\"ctx_ver=Z39.88-2004&amp;rft_val_fmt=info%3Aofi%2Ffmt%3Akev%3Amtx%3Ajournal&amp;rft.genre=unknown&amp;rft.jtitle=danfogelberg.com&amp;rft.atitle=Discography+%E2%80%93+Home+Free&amp;rft_id=http%3A%2F%2Fwww.danfogelberg.com%2Finfohomefree.html&amp;rfr_id=info%3Asid%2Fen.wikipedia.org%3ADan+Fogelberg\" class=\"Z3988\"></span></span>\n</li>\n<li id=\"cite_note-DAN_FOGELBERG-7\"><span class=\"mw-cite-backlink\">^ <a href=\"#cite_ref-DAN_FOGELBERG_7-0\"><sup><i><b>a</b></i></sup></a> <a href=\"#cite_ref-DAN_FOGELBERG_7-1\"><sup><i><b>b</b></i></sup></a> <a href=\"#cite_ref-DAN_FOGELBERG_7-2\"><sup><i><b>c</b></i></sup></a> <a href=\"#cite_ref-DAN_FOGELBERG_7-3\"><sup><i><b>d</b></i></sup></a></span> <span class=\"reference-text\"><link rel=\"mw-deduplicated-inline-style\" href=\"mw-data:TemplateStyles:r1238218222\" /><cite class=\"citation web cs1\"><a rel=\"nofollow\" class=\"external text\" href=\"https://web.archive.org/web/20190111121448/http://www.mtv.com/news/500252/dan-fogelberg/\">\"Dan Fogelberg\"</a>. <i><a href=\"/wiki/MTV\" title=\"MTV\">MTV</a>.com</i>. August 12, 1998. Archived from <a rel=\"nofollow\" class=\"external text\" href=\"http://www.mtv.com/news/500252/dan-fogelberg/\">the original</a> on January 11, 2019<span class=\"reference-accessdate\">. Retrieved <span class=\"nowrap\">January 10,</span> 2018</span>.</cite><span title=\"ctx_ver=Z39.88-2004&amp;rft_val_fmt=info%3Aofi%2Ffmt%3Akev%3Amtx%3Ajournal&amp;rft.genre=unknown&amp;rft.jtitle=MTV.com&amp;rft.atitle=Dan+Fogelberg&amp;rft.date=1998-08-12&amp;rft_id=http%3A%2F%2Fwww.mtv.com%2Fnews%2F500252%2Fdan-fogelberg%2F&amp;rfr_id=info%3Asid%2Fen.wikipedia.org%3ADan+Fogelberg\" class=\"Z3988\"></span></span>\n</li>\n<li id=\"cite_note-8\"><span class=\"mw-cite-backlink\"><b><a href=\"#cite_ref-8\">^</a></b></span> <span class=\"reference-text\"><link rel=\"mw-deduplicated-inline-style\" href=\"mw-data:TemplateStyles:r1238218222\" /><cite id=\"CITEREFWatkins2017\" class=\"citation web cs1\">Watkins, Billy (December 2, 2017). <a rel=\"nofollow\" class=\"external text\" href=\"https://www.clarionledger.com/story/magnolia/2017/12/03/fogelberg-tribute-album-stirs-memories-when-jackson-made-him-believe-himself/912481001/\">\"Fogelberg tribute album stirs memories of when Jackson made him believe in himself\"</a>. <i>The Clarion-Ledger</i><span class=\"reference-accessdate\">. Retrieved <span class=\"nowrap\">February 13,</span> 2022</span>.</cite><span title=\"ctx_ver=Z39.88-2004&amp;rft_val_fmt=info%3Aofi%2Ffmt%3Akev%3Amtx%3Ajournal&amp;rft.genre=unknown&amp;rft.jtitle=The+Clarion-Ledger&amp;rft.atitle=Fogelberg+tribute+album+stirs+memories+of+when+Jackson+made+him+believe+in+himself&amp;rft.date=2017-12-02&amp;rft.aulast=Watkins&amp;rft.aufirst=Billy&amp;rft_id=https%3A%2F%2Fwww.clarionledger.com%2Fstory%2Fmagnolia%2F2017%2F12%2F03%2Ffogelberg-tribute-album-stirs-memories-when-jackson-made-him-believe-himself%2F912481001%2F&amp;rfr_id=info%3Asid%2Fen.wikipedia.org%3ADan+Fogelberg\" class=\"Z3988\"></span></span>\n</li>\n<li id=\"cite_note-9\"><span class=\"mw-cite-backlink\"><b><a href=\"#cite_ref-9\">^</a></b></span> <span class=\"reference-text\"><link rel=\"mw-deduplicated-inline-style\" href=\"mw-data:TemplateStyles:r1238218222\" /><cite class=\"citation web cs1\"><a rel=\"nofollow\" class=\"external text\" href=\"https://www.radiodiscussions.com/threads/dan-fogelberg-jackson-and-wzzq.521234/\">\"Dan Fogelberg, Jackson and WZZQ\"</a>. <i>Radio Discussions</i>. December 17, 2007<span class=\"reference-accessdate\">. Retrieved <span class=\"nowrap\">February 13,</span> 2022</span>.</cite><span title=\"ctx_ver=Z39.88-2004&amp;rft_val_fmt=info%3Aofi%2Ffmt%3Akev%3Amtx%3Ajournal&amp;rft.genre=unknown&amp;rft.jtitle=Radio+Discussions&amp;rft.atitle=Dan+Fogelberg%2C+Jackson+and+WZZQ&amp;rft.date=2007-12-17&amp;rft_id=https%3A%2F%2Fwww.radiodiscussions.com%2Fthreads%2Fdan-fogelberg-jackson-and-wzzq.521234%2F&amp;rfr_id=info%3Asid%2Fen.wikipedia.org%3ADan+Fogelberg\" class=\"Z3988\"></span></span>\n</li>\n<li id=\"cite_note-10\"><span class=\"mw-cite-backlink\"><b><a href=\"#cite_ref-10\">^</a></b></span> <span class=\"reference-text\"><a rel=\"nofollow\" class=\"external text\" href=\"https://www.youtube.com/watch?v=_8RPLbfY9&#160;km\"><span class=\"plainlinks\"><i>The Power of Gold</i> video used in the ABC 1980 Olympics</span></a> on <a href=\"/wiki/YouTube_video_(identifier)\" class=\"mw-redirect\" title=\"YouTube video (identifier)\">YouTube</a></span>\n</li>\n<li id=\"cite_note-11\"><span class=\"mw-cite-backlink\"><b><a href=\"#cite_ref-11\">^</a></b></span> <span class=\"reference-text\"><link rel=\"mw-deduplicated-inline-style\" href=\"mw-data:TemplateStyles:r1238218222\" /><cite class=\"citation web cs1\"><a rel=\"nofollow\" class=\"external text\" href=\"https://www.imdb.com/title/tt0081696/soundtrack\">\"Urban Cowboy (1980)\"</a>. <i>IMDb.com</i><span class=\"reference-accessdate\">. Retrieved <span class=\"nowrap\">September 8,</span> 2019</span>.</cite><span title=\"ctx_ver=Z39.88-2004&amp;rft_val_fmt=info%3Aofi%2Ffmt%3Akev%3Amtx%3Ajournal&amp;rft.genre=unknown&amp;rft.jtitle=IMDb.com&amp;rft.atitle=Urban+Cowboy+%281980%29&amp;rft_id=http%3A%2F%2Fwww.imdb.com%2Ftitle%2Ftt0081696%2Fsoundtrack&amp;rfr_id=info%3Asid%2Fen.wikipedia.org%3ADan+Fogelberg\" class=\"Z3988\"></span></span>\n</li>\n<li id=\"cite_note-12\"><span class=\"mw-cite-backlink\"><b><a href=\"#cite_ref-12\">^</a></b></span> <span class=\"reference-text\"><link rel=\"mw-deduplicated-inline-style\" href=\"mw-data:TemplateStyles:r1238218222\" /><cite class=\"citation web cs1\"><a rel=\"nofollow\" class=\"external text\" href=\"https://news.google.com/newspapers?id=u70MAAAAIBAJ&amp;dq=fogelberg%201985&amp;pg=4746%2C3492537\">\"St. Petersburg Times – Google News Archive Search\"</a>. <i>News.google.com</i><span class=\"reference-accessdate\">. Retrieved <span class=\"nowrap\">June 6,</span> 2010</span>.</cite><span title=\"ctx_ver=Z39.88-2004&amp;rft_val_fmt=info%3Aofi%2Ffmt%3Akev%3Amtx%3Ajournal&amp;rft.genre=unknown&amp;rft.jtitle=News.google.com&amp;rft.atitle=St.+Petersburg+Times+%E2%80%93+Google+News+Archive+Search&amp;rft_id=https%3A%2F%2Fnews.google.com%2Fnewspapers%3Fid%3Du70MAAAAIBAJ%26dq%3Dfogelberg%25201985%26pg%3D4746%252C3492537&amp;rfr_id=info%3Asid%2Fen.wikipedia.org%3ADan+Fogelberg\" class=\"Z3988\"></span><sup class=\"noprint Inline-Template\"><span style=\"white-space: nowrap;\">&#91;<i><a href=\"/wiki/Wikipedia:Link_rot\" title=\"Wikipedia:Link rot\"><span title=\"&#160;Dead link tagged January 2024\">permanent dead link</span></a></i>&#93;</span></sup></span>\n</li>\n<li id=\"cite_note-13\"><span class=\"mw-cite-backlink\"><b><a href=\"#cite_ref-13\">^</a></b></span> <span class=\"reference-text\"><link rel=\"mw-deduplicated-inline-style\" href=\"mw-data:TemplateStyles:r1238218222\" /><cite class=\"citation web cs1\"><a rel=\"nofollow\" class=\"external text\" href=\"https://www.danfogelberg.com/live-at-carnegie-hall\">\"Live at Carnegie Hall\"</a>.</cite><span title=\"ctx_ver=Z39.88-2004&amp;rft_val_fmt=info%3Aofi%2Ffmt%3Akev%3Amtx%3Abook&amp;rft.genre=unknown&amp;rft.btitle=Live+at+Carnegie+Hall&amp;rft_id=https%3A%2F%2Fwww.danfogelberg.com%2Flive-at-carnegie-hall&amp;rfr_id=info%3Asid%2Fen.wikipedia.org%3ADan+Fogelberg\" class=\"Z3988\"></span></span>\n</li>\n<li id=\"cite_note-14\"><span class=\"mw-cite-backlink\"><b><a href=\"#cite_ref-14\">^</a></b></span> <span class=\"reference-text\"><link rel=\"mw-deduplicated-inline-style\" href=\"mw-data:TemplateStyles:r1238218222\" /><cite class=\"citation magazine cs1\"><a rel=\"nofollow\" class=\"external text\" href=\"https://www.billboard.com/music/dan-fogelberg\">\"Dan Fogelberg Live At Carnegie Hall Chart History\"</a>. <i>Billboard</i>.</cite><span title=\"ctx_ver=Z39.88-2004&amp;rft_val_fmt=info%3Aofi%2Ffmt%3Akev%3Amtx%3Ajournal&amp;rft.genre=article&amp;rft.jtitle=Billboard&amp;rft.atitle=Dan+Fogelberg+Live+At+Carnegie+Hall+Chart+History&amp;rft_id=https%3A%2F%2Fwww.billboard.com%2Fmusic%2Fdan-fogelberg&amp;rfr_id=info%3Asid%2Fen.wikipedia.org%3ADan+Fogelberg\" class=\"Z3988\"></span></span>\n</li>\n<li id=\"cite_note-15\"><span class=\"mw-cite-backlink\"><b><a href=\"#cite_ref-15\">^</a></b></span> <span class=\"reference-text\"><link rel=\"mw-deduplicated-inline-style\" href=\"mw-data:TemplateStyles:r1238218222\" /><cite class=\"citation web cs1\"><a rel=\"nofollow\" class=\"external text\" href=\"https://web.archive.org/web/20090210085046/http://www.sing365.com/music/lyric.nsf/Dan-Fogelberg-Biography/C6036D58E537441148256AAB002148FE\">\"DAN FOGELBERG BIOGRAPHY\"</a>. <i>sing365.com</i>. Archived from <a rel=\"nofollow\" class=\"external text\" href=\"http://www.sing365.com/music/lyric.nsf/Dan-Fogelberg-Biography/C6036D58E537441148256AAB002148FE\">the original</a> on February 10, 2009<span class=\"reference-accessdate\">. Retrieved <span class=\"nowrap\">June 6,</span> 2010</span>.</cite><span title=\"ctx_ver=Z39.88-2004&amp;rft_val_fmt=info%3Aofi%2Ffmt%3Akev%3Amtx%3Ajournal&amp;rft.genre=unknown&amp;rft.jtitle=sing365.com&amp;rft.atitle=DAN+FOGELBERG+BIOGRAPHY&amp;rft_id=http%3A%2F%2Fwww.sing365.com%2Fmusic%2Flyric.nsf%2FDan-Fogelberg-Biography%2FC6036D58E537441148256AAB002148FE&amp;rfr_id=info%3Asid%2Fen.wikipedia.org%3ADan+Fogelberg\" class=\"Z3988\"></span></span>\n</li>\n<li id=\"cite_note-16\"><span class=\"mw-cite-backlink\"><b><a href=\"#cite_ref-16\">^</a></b></span> <span class=\"reference-text\"><a rel=\"nofollow\" class=\"external text\" href=\"https://www.imdb.com/name/nm1199245/bio\">Biography for Dan Fogelberg</a> at <a href=\"/wiki/IMDb_(identifier)\" class=\"mw-redirect\" title=\"IMDb (identifier)\">IMDb</a>. Retrieved June 6, 2010.</span>\n</li>\n<li id=\"cite_note-17\"><span class=\"mw-cite-backlink\"><b><a href=\"#cite_ref-17\">^</a></b></span> <span class=\"reference-text\"><link rel=\"mw-deduplicated-inline-style\" href=\"mw-data:TemplateStyles:r1238218222\" /><cite id=\"CITEREFWitkowski2010\" class=\"citation news cs1\">Witkowski, Robert (March 2010). <a rel=\"nofollow\" class=\"external text\" href=\"https://web.archive.org/web/20210426202033/https://www.portlandmonthly.com/portmag/2010/03/wild-child/\">\"Wild Child\"</a>. <i><a href=\"/wiki/Portland_Magazine\" title=\"Portland Magazine\">Portland Monthly</a></i>. <a href=\"/wiki/Portland,_Maine\" title=\"Portland, Maine\">Portland, Maine</a>. Archived from <a rel=\"nofollow\" class=\"external text\" href=\"http://www.portlandmonthly.com/portmag/2010/03/wild-child/\">the original</a> on April 26, 2021<span class=\"reference-accessdate\">. Retrieved <span class=\"nowrap\">September 12,</span> 2017</span>.</cite><span title=\"ctx_ver=Z39.88-2004&amp;rft_val_fmt=info%3Aofi%2Ffmt%3Akev%3Amtx%3Ajournal&amp;rft.genre=article&amp;rft.jtitle=Portland+Monthly&amp;rft.atitle=Wild+Child&amp;rft.date=2010-03&amp;rft.aulast=Witkowski&amp;rft.aufirst=Robert&amp;rft_id=http%3A%2F%2Fwww.portlandmonthly.com%2Fportmag%2F2010%2F03%2Fwild-child%2F&amp;rfr_id=info%3Asid%2Fen.wikipedia.org%3ADan+Fogelberg\" class=\"Z3988\"></span></span>\n</li>\n<li id=\"cite_note-18\"><span class=\"mw-cite-backlink\"><b><a href=\"#cite_ref-18\">^</a></b></span> <span class=\"reference-text\"><link rel=\"mw-deduplicated-inline-style\" href=\"mw-data:TemplateStyles:r1238218222\" /><cite class=\"citation news cs1\"><a rel=\"nofollow\" class=\"external text\" href=\"https://www.nytimes.com/2007/12/17/arts/music/17fogelberg.html\">\"Dan Fogelberg, Lyric Rocker, Dies at 56\"</a>. <i>New York Times</i>. December 17, 2007.</cite><span title=\"ctx_ver=Z39.88-2004&amp;rft_val_fmt=info%3Aofi%2Ffmt%3Akev%3Amtx%3Ajournal&amp;rft.genre=article&amp;rft.jtitle=New+York+Times&amp;rft.atitle=Dan+Fogelberg%2C+Lyric+Rocker%2C+Dies+at+56&amp;rft.date=2007-12-17&amp;rft_id=https%3A%2F%2Fwww.nytimes.com%2F2007%2F12%2F17%2Farts%2Fmusic%2F17fogelberg.html&amp;rfr_id=info%3Asid%2Fen.wikipedia.org%3ADan+Fogelberg\" class=\"Z3988\"></span></span>\n</li>\n<li id=\"cite_note-19\"><span class=\"mw-cite-backlink\"><b><a href=\"#cite_ref-19\">^</a></b></span> <span class=\"reference-text\"><link rel=\"mw-deduplicated-inline-style\" href=\"mw-data:TemplateStyles:r1238218222\" /><cite class=\"citation news cs1\"><a rel=\"nofollow\" class=\"external text\" href=\"https://www.latimes.com/local/obituaries/la-me-fogelberg17dec17-story.html\">\"Singer-songwriter helped define soft rock\"</a>. <i>Los Angeles Times</i>. December 17, 2007.</cite><span title=\"ctx_ver=Z39.88-2004&amp;rft_val_fmt=info%3Aofi%2Ffmt%3Akev%3Amtx%3Ajournal&amp;rft.genre=article&amp;rft.jtitle=Los+Angeles+Times&amp;rft.atitle=Singer-songwriter+helped+define+soft+rock&amp;rft.date=2007-12-17&amp;rft_id=https%3A%2F%2Fwww.latimes.com%2Flocal%2Fobituaries%2Fla-me-fogelberg17dec17-story.html&amp;rfr_id=info%3Asid%2Fen.wikipedia.org%3ADan+Fogelberg\" class=\"Z3988\"></span></span>\n</li>\n<li id=\"cite_note-20\"><span class=\"mw-cite-backlink\"><b><a href=\"#cite_ref-20\">^</a></b></span> <span class=\"reference-text\"><link rel=\"mw-deduplicated-inline-style\" href=\"mw-data:TemplateStyles:r1238218222\" /><cite class=\"citation magazine cs1\"><a rel=\"nofollow\" class=\"external text\" href=\"https://variety.com/2007/music/markets-festivals/singer-dan-fogelberg-dies-at-56-1117977824/\">\"Singer Dan Fogelberg dies at 56\"</a>. <i>Variety</i>. December 16, 2007.</cite><span title=\"ctx_ver=Z39.88-2004&amp;rft_val_fmt=info%3Aofi%2Ffmt%3Akev%3Amtx%3Ajournal&amp;rft.genre=article&amp;rft.jtitle=Variety&amp;rft.atitle=Singer+Dan+Fogelberg+dies+at+56&amp;rft.date=2007-12-16&amp;rft_id=https%3A%2F%2Fvariety.com%2F2007%2Fmusic%2Fmarkets-festivals%2Fsinger-dan-fogelberg-dies-at-56-1117977824%2F&amp;rfr_id=info%3Asid%2Fen.wikipedia.org%3ADan+Fogelberg\" class=\"Z3988\"></span></span>\n</li>\n<li id=\"cite_note-dfpeoria-21\"><span class=\"mw-cite-backlink\">^ <a href=\"#cite_ref-dfpeoria_21-0\"><sup><i><b>a</b></i></sup></a> <a href=\"#cite_ref-dfpeoria_21-1\"><sup><i><b>b</b></i></sup></a> <a href=\"#cite_ref-dfpeoria_21-2\"><sup><i><b>c</b></i></sup></a></span> <span class=\"reference-text\"><link rel=\"mw-deduplicated-inline-style\" href=\"mw-data:TemplateStyles:r1238218222\" /><cite class=\"citation web cs1\"><a rel=\"nofollow\" class=\"external text\" href=\"https://web.archive.org/web/20100918210231/http://www.dfpeoria.com/\">\"Dan Fogelberg – A Tribute to a Native Son of Peoria, Illinois\"</a>. <i>Dfpeoria.com</i>. Archived from <a rel=\"nofollow\" class=\"external text\" href=\"http://www.dfpeoria.com/\">the original</a> on September 18, 2010<span class=\"reference-accessdate\">. Retrieved <span class=\"nowrap\">June 6,</span> 2010</span>.</cite><span title=\"ctx_ver=Z39.88-2004&amp;rft_val_fmt=info%3Aofi%2Ffmt%3Akev%3Amtx%3Ajournal&amp;rft.genre=unknown&amp;rft.jtitle=Dfpeoria.com&amp;rft.atitle=Dan+Fogelberg+%E2%80%93+A+Tribute+to+a+Native+Son+of+Peoria%2C+Illinois&amp;rft_id=http%3A%2F%2Fwww.dfpeoria.com%2F&amp;rfr_id=info%3Asid%2Fen.wikipedia.org%3ADan+Fogelberg\" class=\"Z3988\"></span></span>\n</li>\n<li id=\"cite_note-22\"><span class=\"mw-cite-backlink\"><b><a href=\"#cite_ref-22\">^</a></b></span> <span class=\"reference-text\"><link rel=\"mw-deduplicated-inline-style\" href=\"mw-data:TemplateStyles:r1238218222\" /><cite class=\"citation web cs1\"><a rel=\"nofollow\" class=\"external text\" href=\"https://web.archive.org/web/20100304043527/http://www.danfogelberg.com/infosometimesasong.html\">\"Dan Fogelberg Official Website\"</a>. <i>DanFogelberg.com</i>. Archived from <a rel=\"nofollow\" class=\"external text\" href=\"http://danfogelberg.com/infosometimesasong.html\">the original</a> on March 4, 2010<span class=\"reference-accessdate\">. Retrieved <span class=\"nowrap\">June 6,</span> 2010</span>.</cite><span title=\"ctx_ver=Z39.88-2004&amp;rft_val_fmt=info%3Aofi%2Ffmt%3Akev%3Amtx%3Ajournal&amp;rft.genre=unknown&amp;rft.jtitle=DanFogelberg.com&amp;rft.atitle=Dan+Fogelberg+Official+Website&amp;rft_id=http%3A%2F%2Fdanfogelberg.com%2Finfosometimesasong.html&amp;rfr_id=info%3Asid%2Fen.wikipedia.org%3ADan+Fogelberg\" class=\"Z3988\"></span></span>\n</li>\n<li id=\"cite_note-23\"><span class=\"mw-cite-backlink\"><b><a href=\"#cite_ref-23\">^</a></b></span> <span class=\"reference-text\"><link rel=\"mw-deduplicated-inline-style\" href=\"mw-data:TemplateStyles:r1238218222\" /><cite class=\"citation magazine cs1\"><a rel=\"nofollow\" class=\"external text\" href=\"https://www.billboard.com/music/dan-fogelberg\">\"Dan Fogelberg Love In Time Chart History\"</a>. <i>Billboard</i>.</cite><span title=\"ctx_ver=Z39.88-2004&amp;rft_val_fmt=info%3Aofi%2Ffmt%3Akev%3Amtx%3Ajournal&amp;rft.genre=article&amp;rft.jtitle=Billboard&amp;rft.atitle=Dan+Fogelberg+Love+In+Time+Chart+History&amp;rft_id=https%3A%2F%2Fwww.billboard.com%2Fmusic%2Fdan-fogelberg&amp;rfr_id=info%3Asid%2Fen.wikipedia.org%3ADan+Fogelberg\" class=\"Z3988\"></span></span>\n</li>\n<li id=\"cite_note-24\"><span class=\"mw-cite-backlink\"><b><a href=\"#cite_ref-24\">^</a></b></span> <span class=\"reference-text\"><link rel=\"mw-deduplicated-inline-style\" href=\"mw-data:TemplateStyles:r1238218222\" /><cite class=\"citation magazine cs1\"><a rel=\"nofollow\" class=\"external text\" href=\"https://www.rollingstone.com/music/music-country/dan-fogelberg-tribute-album-garth-brooks-zac-brown-honor-late-singer-124374/\">\"Dan Fogelberg Tribute Album\"</a>. <i>Rolling Stone</i>. December 15, 2017<span class=\"reference-accessdate\">. Retrieved <span class=\"nowrap\">January 10,</span> 2019</span>.</cite><span title=\"ctx_ver=Z39.88-2004&amp;rft_val_fmt=info%3Aofi%2Ffmt%3Akev%3Amtx%3Ajournal&amp;rft.genre=article&amp;rft.jtitle=Rolling+Stone&amp;rft.atitle=Dan+Fogelberg+Tribute+Album&amp;rft.date=2017-12-15&amp;rft_id=https%3A%2F%2Fwww.rollingstone.com%2Fmusic%2Fmusic-country%2Fdan-fogelberg-tribute-album-garth-brooks-zac-brown-honor-late-singer-124374%2F&amp;rfr_id=info%3Asid%2Fen.wikipedia.org%3ADan+Fogelberg\" class=\"Z3988\"></span></span>\n</li>\n<li id=\"cite_note-25\"><span class=\"mw-cite-backlink\"><b><a href=\"#cite_ref-25\">^</a></b></span> <span class=\"reference-text\"><link rel=\"mw-deduplicated-inline-style\" href=\"mw-data:TemplateStyles:r1238218222\" /><cite id=\"CITEREFFogelberg\" class=\"citation web cs1\">Fogelberg, Jean. <a rel=\"nofollow\" class=\"external text\" href=\"https://www.danfogelberg.com/a-tribute-to-dan-fogelbergl\">\"Tribute To Dan Fogelberg\"</a>. <i>Danfogelberg</i>.</cite><span title=\"ctx_ver=Z39.88-2004&amp;rft_val_fmt=info%3Aofi%2Ffmt%3Akev%3Amtx%3Ajournal&amp;rft.genre=unknown&amp;rft.jtitle=Danfogelberg&amp;rft.atitle=Tribute+To+Dan+Fogelberg&amp;rft.aulast=Fogelberg&amp;rft.aufirst=Jean&amp;rft_id=https%3A%2F%2Fwww.danfogelberg.com%2Fa-tribute-to-dan-fogelbergl&amp;rfr_id=info%3Asid%2Fen.wikipedia.org%3ADan+Fogelberg\" class=\"Z3988\"></span></span>\n</li>\n<li id=\"cite_note-26\"><span class=\"mw-cite-backlink\"><b><a href=\"#cite_ref-26\">^</a></b></span> <span class=\"reference-text\"><link rel=\"mw-deduplicated-inline-style\" href=\"mw-data:TemplateStyles:r1238218222\" /><cite class=\"citation web cs1\"><a rel=\"nofollow\" class=\"external text\" href=\"https://303magazine.com/2018/11/qa-chuck-morris-colorado/\">\"Q&amp;A – Chuck Morris Reflects On His Legendary Career Before Hall Of Fame Induction\"</a>. <i>303magazine.com</i>. November 27, 2018.</cite><span title=\"ctx_ver=Z39.88-2004&amp;rft_val_fmt=info%3Aofi%2Ffmt%3Akev%3Amtx%3Ajournal&amp;rft.genre=unknown&amp;rft.jtitle=303magazine.com&amp;rft.atitle=Q%26A+%E2%80%93+Chuck+Morris+Reflects+On+His+Legendary+Career+Before+Hall+Of+Fame+Induction&amp;rft.date=2018-11-27&amp;rft_id=https%3A%2F%2F303magazine.com%2F2018%2F11%2Fqa-chuck-morris-colorado%2F&amp;rfr_id=info%3Asid%2Fen.wikipedia.org%3ADan+Fogelberg\" class=\"Z3988\"></span></span>\n</li>\n<li id=\"cite_note-27\"><span class=\"mw-cite-backlink\"><b><a href=\"#cite_ref-27\">^</a></b></span> <span class=\"reference-text\"><link rel=\"mw-deduplicated-inline-style\" href=\"mw-data:TemplateStyles:r1238218222\" /><cite class=\"citation web cs1\"><a rel=\"nofollow\" class=\"external text\" href=\"https://web.archive.org/web/20180716082320/https://theknow.denverpost.com/2017/06/05/garth-brooks-colorado-music-hall-of-fame-concert-2017/146822/\">\"Garth Brooks, Joe Walsh to play 2017 Colorado Music Hall of Fame concert\"</a>. <i>Denver Post</i>. June 5, 2017. Archived from <a rel=\"nofollow\" class=\"external text\" href=\"https://theknow.denverpost.com/2017/06/05/garth-brooks-colorado-music-hall-of-fame-concert-2017/146822/\">the original</a> on July 16, 2018<span class=\"reference-accessdate\">. Retrieved <span class=\"nowrap\">July 15,</span> 2018</span>.</cite><span title=\"ctx_ver=Z39.88-2004&amp;rft_val_fmt=info%3Aofi%2Ffmt%3Akev%3Amtx%3Ajournal&amp;rft.genre=unknown&amp;rft.jtitle=Denver+Post&amp;rft.atitle=Garth+Brooks%2C+Joe+Walsh+to+play+2017+Colorado+Music+Hall+of+Fame+concert&amp;rft.date=2017-06-05&amp;rft_id=https%3A%2F%2Ftheknow.denverpost.com%2F2017%2F06%2F05%2Fgarth-brooks-colorado-music-hall-of-fame-concert-2017%2F146822%2F&amp;rfr_id=info%3Asid%2Fen.wikipedia.org%3ADan+Fogelberg\" class=\"Z3988\"></span></span>\n</li>\n<li id=\"cite_note-28\"><span class=\"mw-cite-backlink\"><b><a href=\"#cite_ref-28\">^</a></b></span> <span class=\"reference-text\"><link rel=\"mw-deduplicated-inline-style\" href=\"mw-data:TemplateStyles:r1238218222\" /><cite class=\"citation web cs1\"><a rel=\"nofollow\" class=\"external text\" href=\"https://www.newschannel5.com/talk-of-the-town/tpac-original-musical-part-of-the-plan-preview\">\"TPAC Original Musical 'Part of the Plan' Preview\"</a>. <i>newschannel5.com</i>. Scripps Media. September 12, 2017<span class=\"reference-accessdate\">. Retrieved <span class=\"nowrap\">August 13,</span> 2021</span>.</cite><span title=\"ctx_ver=Z39.88-2004&amp;rft_val_fmt=info%3Aofi%2Ffmt%3Akev%3Amtx%3Ajournal&amp;rft.genre=unknown&amp;rft.jtitle=newschannel5.com&amp;rft.atitle=TPAC+Original+Musical+%27Part+of+the+Plan%27+Preview&amp;rft.date=2017-09-12&amp;rft_id=https%3A%2F%2Fwww.newschannel5.com%2Ftalk-of-the-town%2Ftpac-original-musical-part-of-the-plan-preview&amp;rfr_id=info%3Asid%2Fen.wikipedia.org%3ADan+Fogelberg\" class=\"Z3988\"></span></span>\n</li>\n<li id=\"cite_note-29\"><span class=\"mw-cite-backlink\"><b><a href=\"#cite_ref-29\">^</a></b></span> <span class=\"reference-text\"><link rel=\"mw-deduplicated-inline-style\" href=\"mw-data:TemplateStyles:r1238218222\" /><cite class=\"citation web cs1\"><a rel=\"nofollow\" class=\"external text\" href=\"http://www.danfogelbergmusical.com/\">\"Home\"</a>. <i>DanFogelbergMusical.com</i><span class=\"reference-accessdate\">. Retrieved <span class=\"nowrap\">September 12,</span> 2017</span>.</cite><span title=\"ctx_ver=Z39.88-2004&amp;rft_val_fmt=info%3Aofi%2Ffmt%3Akev%3Amtx%3Ajournal&amp;rft.genre=unknown&amp;rft.jtitle=DanFogelbergMusical.com&amp;rft.atitle=Home&amp;rft_id=http%3A%2F%2Fwww.danfogelbergmusical.com%2F&amp;rfr_id=info%3Asid%2Fen.wikipedia.org%3ADan+Fogelberg\" class=\"Z3988\"></span></span>\n</li>\n<li id=\"cite_note-30\"><span class=\"mw-cite-backlink\"><b><a href=\"#cite_ref-30\">^</a></b></span> <span class=\"reference-text\"><link rel=\"mw-deduplicated-inline-style\" href=\"mw-data:TemplateStyles:r1238218222\" /><cite class=\"citation web cs1\"><a rel=\"nofollow\" class=\"external text\" href=\"https://web.archive.org/web/20190404103648/https://fans.com/posts/36236\">\"40 Things You Should Know About Jim James\"</a>. <i>Fans.com</i>. Archived from <a rel=\"nofollow\" class=\"external text\" href=\"https://fans.com/posts/36236\">the original</a> on April 4, 2019.</cite><span title=\"ctx_ver=Z39.88-2004&amp;rft_val_fmt=info%3Aofi%2Ffmt%3Akev%3Amtx%3Ajournal&amp;rft.genre=unknown&amp;rft.jtitle=Fans.com&amp;rft.atitle=40+Things+You+Should+Know+About+Jim+James&amp;rft_id=https%3A%2F%2Ffans.com%2Fposts%2F36236&amp;rfr_id=info%3Asid%2Fen.wikipedia.org%3ADan+Fogelberg\" class=\"Z3988\"></span></span>\n</li>\n<li id=\"cite_note-31\"><span class=\"mw-cite-backlink\"><b><a href=\"#cite_ref-31\">^</a></b></span> <span class=\"reference-text\"><link rel=\"mw-deduplicated-inline-style\" href=\"mw-data:TemplateStyles:r1238218222\" /><cite class=\"citation web cs1\"><a rel=\"nofollow\" class=\"external text\" href=\"https://vertigorecordingservices.blogspot.com/2011/02/with-jim-james.html\">\"Vertigorecordingservices: with Jim James...\"</a> <i>vertigorecordingservies.blogspot.com</i>. February 10, 2011.</cite><span title=\"ctx_ver=Z39.88-2004&amp;rft_val_fmt=info%3Aofi%2Ffmt%3Akev%3Amtx%3Ajournal&amp;rft.genre=unknown&amp;rft.jtitle=vertigorecordingservies.blogspot.com&amp;rft.atitle=Vertigorecordingservices%3A+with+Jim+James...&amp;rft.date=2011-02-10&amp;rft_id=https%3A%2F%2Fvertigorecordingservices.blogspot.com%2F2011%2F02%2Fwith-jim-james.html&amp;rfr_id=info%3Asid%2Fen.wikipedia.org%3ADan+Fogelberg\" class=\"Z3988\"></span></span>\n</li>\n<li id=\"cite_note-32\"><span class=\"mw-cite-backlink\"><b><a href=\"#cite_ref-32\">^</a></b></span> <span class=\"reference-text\"><link rel=\"mw-deduplicated-inline-style\" href=\"mw-data:TemplateStyles:r1238218222\" /><cite id=\"CITEREFLevy2015\" class=\"citation web cs1\">Levy, Piet (September 25, 2015). <a rel=\"nofollow\" class=\"external text\" href=\"http://archive.jsonline.com/entertainment/musicandnightlife/nine-highlights-from-garth-brooks-tricia-yearwood-press-conference-b99584484z1-329596741.html/\">\"Nine highlights from Garth Brooks, Trisha Yearwood press conference\"</a>. <i><a href=\"/wiki/Milwaukee_Journal_Sentinel\" title=\"Milwaukee Journal Sentinel\">Milwaukee Journal Sentinel</a></i><span class=\"reference-accessdate\">. Retrieved <span class=\"nowrap\">February 18,</span> 2020</span> &#8211; via jsonline.com.</cite><span title=\"ctx_ver=Z39.88-2004&amp;rft_val_fmt=info%3Aofi%2Ffmt%3Akev%3Amtx%3Ajournal&amp;rft.genre=unknown&amp;rft.jtitle=Milwaukee+Journal+Sentinel&amp;rft.atitle=Nine+highlights+from+Garth+Brooks%2C+Trisha+Yearwood+press+conference&amp;rft.date=2015-09-25&amp;rft.aulast=Levy&amp;rft.aufirst=Piet&amp;rft_id=http%3A%2F%2Farchive.jsonline.com%2Fentertainment%2Fmusicandnightlife%2Fnine-highlights-from-garth-brooks-tricia-yearwood-press-conference-b99584484z1-329596741.html%2F&amp;rfr_id=info%3Asid%2Fen.wikipedia.org%3ADan+Fogelberg\" class=\"Z3988\"></span></span>\n</li>\n</ol></div></div>\n<div class=\"mw-heading mw-heading2\"><h2 id=\"External_links\">External links</h2></div>\n<style data-mw-deduplicate=\"TemplateStyles:r1308029216\">.mw-parser-output .side-box{margin:4px 0;box-sizing:border-box;border:1px solid #aaa;font-size:88%;line-height:1.25em;background-color:var(--background-color-interactive-subtle,#f8f9fa);display:flow-root}.mw-parser-output .infobox .side-box{font-size:100%}.mw-parser-output .side-box-abovebelow,.mw-parser-output .side-box-text{padding:0.25em 0.9em}.mw-parser-output .side-box-image{padding:2px 0 2px 0.9em;text-align:center}.mw-parser-output .side-box-imageright{padding:2px 0.9em 2px 0;text-align:center}@media(min-width:500px){.mw-parser-output .side-box-flex{display:flex;align-items:center}.mw-parser-output .side-box-text{flex:1;min-width:0}}@media(min-width:640px){.mw-parser-output .side-box{width:238px}.mw-parser-output .side-box-right{clear:right;float:right;margin-left:1em}.mw-parser-output .side-box-left{margin-right:1em}}</style><style data-mw-deduplicate=\"TemplateStyles:r1311551236\">@media print{body.ns-0 .mw-parser-output .sistersitebox{display:none!important}}@media screen{html.skin-theme-clientpref-night .mw-parser-output .sistersitebox img[src*=\"Wiktionary-logo-en-v2.svg\"]{filter:invert(1)brightness(55%)contrast(250%)hue-rotate(180deg)}}@media screen and (prefers-color-scheme:dark){html.skin-theme-clientpref-os .mw-parser-output .sistersitebox img[src*=\"Wiktionary-logo-en-v2.svg\"]{filter:invert(1)brightness(55%)contrast(250%)hue-rotate(180deg)}}</style><div class=\"side-box side-box-right plainlinks sistersitebox\"><link rel=\"mw-deduplicated-inline-style\" href=\"mw-data:TemplateStyles:r1126788409\" />\n<div class=\"side-box-flex\">\n<div class=\"side-box-image\"><span class=\"noviewer\" typeof=\"mw:File\"><a href=\"/wiki/File:Wikiquote-logo.svg\" class=\"mw-file-description\"><img alt=\"\" src=\"//upload.wikimedia.org/wikipedia/commons/thumb/f/fa/Wikiquote-logo.svg/40px-Wikiquote-logo.svg.png\" decoding=\"async\" width=\"34\" height=\"40\" class=\"mw-file-element\" srcset=\"//upload.wikimedia.org/wikipedia/commons/thumb/f/fa/Wikiquote-logo.svg/60px-Wikiquote-logo.svg.png 1.5x, //upload.wikimedia.org/wikipedia/commons/thumb/f/fa/Wikiquote-logo.svg/120px-Wikiquote-logo.svg.png 2x\" data-file-width=\"300\" data-file-height=\"355\" /></a></span></div>\n<div class=\"side-box-text plainlist\">Wikiquote has quotations related to <i><b><a href=\"https://en.wikiquote.org/wiki/Special:Search/Dan_Fogelberg\" class=\"extiw\" title=\"q:Special:Search/Dan Fogelberg\">Dan Fogelberg</a></b></i>.</div></div>\n</div>\n<link rel=\"mw-deduplicated-inline-style\" href=\"mw-data:TemplateStyles:r1308029216\" /><link rel=\"mw-deduplicated-inline-style\" href=\"mw-data:TemplateStyles:r1311551236\" /><div class=\"side-box side-box-right plainlinks sistersitebox\"><link rel=\"mw-deduplicated-inline-style\" href=\"mw-data:TemplateStyles:r1126788409\" />\n<div class=\"side-box-flex\">\n<div class=\"side-box-image\"><span class=\"noviewer\" typeof=\"mw:File\"><a href=\"/wiki/File:Commons-logo.svg\" class=\"mw-file-description\"><img alt=\"\" src=\"//upload.wikimedia.org/wikipedia/en/thumb/4/4a/Commons-logo.svg/40px-Commons-logo.svg.png\" decoding=\"async\" width=\"30\" height=\"40\" class=\"mw-file-element\" srcset=\"//upload.wikimedia.org/wikipedia/en/thumb/4/4a/Commons-logo.svg/60px-Commons-logo.svg.png 1.5x\" data-file-width=\"1024\" data-file-height=\"1376\" /></a></span></div>\n<div class=\"side-box-text plainlist\">Wikimedia Commons has media related to <span style=\"font-weight: bold; font-style: italic;\"><a href=\"https://commons.wikimedia.org/wiki/Category:Dan_Fogelberg\" class=\"extiw\" title=\"commons:Category:Dan Fogelberg\">Dan Fogelberg</a></span>.</div></div>\n</div>\n<ul><li><span class=\"official-website\"><span class=\"url\"><a rel=\"nofollow\" class=\"external text\" href=\"http://www.danfogelberg.com\">Official website</a></span></span> <span class=\"mw-valign-text-top\" typeof=\"mw:File/Frameless\"><a href=\"https://www.wikidata.org/wiki/Q201047#P856\" title=\"Edit this at Wikidata\"><img alt=\"Edit this at Wikidata\" src=\"//upload.wikimedia.org/wikipedia/en/thumb/8/8a/OOjs_UI_icon_edit-ltr-progressive.svg/20px-OOjs_UI_icon_edit-ltr-progressive.svg.png\" decoding=\"async\" width=\"10\" height=\"10\" class=\"mw-file-element\" data-file-width=\"20\" data-file-height=\"20\" /></a></span></li>\n<li><a rel=\"nofollow\" class=\"external text\" href=\"https://www.allmusic.com/artist/mn0000166785\">Dan Fogelberg</a> at <a href=\"/wiki/AllMusic_(identifier)\" class=\"mw-redirect\" title=\"AllMusic (identifier)\">AllMusic</a> <span class=\"mw-valign-text-top noprint\" typeof=\"mw:File/Frameless\"><a href=\"https://www.wikidata.org/wiki/Q201047#P1728\" title=\"Edit this at Wikidata\"><img alt=\"Edit this at Wikidata\" src=\"//upload.wikimedia.org/wikipedia/en/thumb/8/8a/OOjs_UI_icon_edit-ltr-progressive.svg/20px-OOjs_UI_icon_edit-ltr-progressive.svg.png\" decoding=\"async\" width=\"10\" height=\"10\" class=\"mw-file-element\" data-file-width=\"20\" data-file-height=\"20\" /></a></span></li>\n<li><span class=\"url\"><a rel=\"nofollow\" class=\"external text\" href=\"http://www.everon.50megs.com/\">Daniel Greyling Fogelberg Ever on Web Site/Fan Forum</a></span></li></ul>\n<div class=\"navbox-styles\"><link rel=\"mw-deduplicated-inline-style\" href=\"mw-data:TemplateStyles:r1129693374\" /><style data-mw-deduplicate=\"TemplateStyles:r1236075235\">.mw-parser-output .navbox{box-sizing:border-box;border:1px solid #a2a9b1;width:100%;clear:both;font-size:88%;text-align:center;padding:1px;margin:1em auto 0}.mw-parser-output .navbox .navbox{margin-top:0}.mw-parser-output .navbox+.navbox,.mw-parser-output .navbox+.navbox-styles+.navbox{margin-top:-1px}.mw-parser-output .navbox-inner,.mw-parser-output .navbox-subgroup{width:100%}.mw-parser-output .navbox-group,.mw-parser-output .navbox-title,.mw-parser-output .navbox-abovebelow{padding:0.25em 1em;line-height:1.5em;text-align:center}.mw-parser-output .navbox-group{white-space:nowrap;text-align:right}.mw-parser-output .navbox,.mw-parser-output .navbox-subgroup{background-color:#fdfdfd}.mw-parser-output .navbox-list{line-height:1.5em;border-color:#fdfdfd}.mw-parser-output .navbox-list-with-group{text-align:left;border-left-width:2px;border-left-style:solid}.mw-parser-output tr+tr>.navbox-abovebelow,.mw-parser-output tr+tr>.navbox-group,.mw-parser-output tr+tr>.navbox-image,.mw-parser-output tr+tr>.navbox-list{border-top:2px solid #fdfdfd}.mw-parser-output .navbox-title{background-color:#ccf}.mw-parser-output .navbox-abovebelow,.mw-parser-output .navbox-group,.mw-parser-output .navbox-subgroup .navbox-title{background-color:#ddf}.mw-parser-output .navbox-subgroup .navbox-group,.mw-parser-output .navbox-subgroup .navbox-abovebelow{background-color:#e6e6ff}.mw-parser-output .navbox-even{background-color:#f7f7f7}.mw-parser-output .navbox-odd{background-color:transparent}.mw-parser-output .navbox .hlist td dl,.mw-parser-output .navbox .hlist td ol,.mw-parser-output .navbox .hlist td ul,.mw-parser-output .navbox td.hlist dl,.mw-parser-output .navbox td.hlist ol,.mw-parser-output .navbox td.hlist ul{padding:0.125em 0}.mw-parser-output .navbox .navbar{display:block;font-size:100%}.mw-parser-output .navbox-title .navbar{float:left;text-align:left;margin-right:0.5em}body.skin--responsive .mw-parser-output .navbox-image img{max-width:none!important}@media print{body.ns-0 .mw-parser-output .navbox{display:none!important}}</style><style data-mw-deduplicate=\"TemplateStyles:r1256394678\">@media screen{.mw-parser-output .navbox-musical-artist-solo .navbox-title{background-color:#f0e68c}.mw-parser-output .navbox-musical-artist-non-vocal .navbox-title{background-color:#f4bf92}.mw-parser-output .navbox-musical-artist-non-perform .navbox-title{background-color:#bfe0bf}.mw-parser-output .navbox-musical-artist-group .navbox-title{background-color:#b0c4de}.mw-parser-output .navbox-musical-artist-cover .navbox-title{background-color:#d8bfd8}.mw-parser-output .navbox-musical-artist-classical .navbox-title{background-color:#b0e0e6}.mw-parser-output .navbox-musical-artist-temp .navbox-title{background-color:#d3d3d3}.mw-parser-output .navbox-musical-artist .navbox-group,.mw-parser-output .navbox-musical-artist .navbox-abovebelow{background-color:var(--background-color-neutral,#eaecf0)}html.skin-theme-clienpref-night .mw-parser-output .navbox-musical-artist .navbox-title{background-color:inherit}}@media screen and (prefers-color-scheme:dark){html.skin-theme-clienpref-os .mw-parser-output .navbox-musical-artist .navbox-title{background-color:inherit}}</style></div><div role=\"navigation\" class=\"navbox navbox-musical-artist navbox-musical-artist-solo\" aria-labelledby=\"Dan_Fogelberg1357\" style=\"padding:3px\"><table class=\"nowraplinks vcard hlist mw-collapsible autocollapse navbox-inner\" style=\"border-spacing:0;background:transparent;color:inherit\"><tbody><tr><th scope=\"col\" class=\"navbox-title\" colspan=\"2\"><link rel=\"mw-deduplicated-inline-style\" href=\"mw-data:TemplateStyles:r1129693374\" /><style data-mw-deduplicate=\"TemplateStyles:r1239400231\">.mw-parser-output .navbar{display:inline;font-size:88%;font-weight:normal}.mw-parser-output .navbar-collapse{float:left;text-align:left}.mw-parser-output .navbar-boxtext{word-spacing:0}.mw-parser-output .navbar ul{display:inline-block;white-space:nowrap;line-height:inherit}.mw-parser-output .navbar-brackets::before{margin-right:-0.125em;content:\"[ \"}.mw-parser-output .navbar-brackets::after{margin-left:-0.125em;content:\" ]\"}.mw-parser-output .navbar li{word-spacing:-0.125em}.mw-parser-output .navbar a>span,.mw-parser-output .navbar a>abbr{text-decoration:inherit}.mw-parser-output .navbar-mini abbr{font-variant:small-caps;border-bottom:none;text-decoration:none;cursor:inherit}.mw-parser-output .navbar-ct-full{font-size:114%;margin:0 7em}.mw-parser-output .navbar-ct-mini{font-size:114%;margin:0 4em}html.skin-theme-clientpref-night .mw-parser-output .navbar li a abbr{color:var(--color-base)!important}@media(prefers-color-scheme:dark){html.skin-theme-clientpref-os .mw-parser-output .navbar li a abbr{color:var(--color-base)!important}}@media print{.mw-parser-output .navbar{display:none!important}}</style><div class=\"navbar plainlinks hlist navbar-mini\"><ul><li class=\"nv-view\"><a href=\"/wiki/Template:Dan_Fogelberg\" title=\"Template:Dan Fogelberg\"><abbr title=\"View this template\">v</abbr></a></li><li class=\"nv-talk\"><a href=\"/wiki/Template_talk:Dan_Fogelberg\" title=\"Template talk:Dan Fogelberg\"><abbr title=\"Discuss this template\">t</abbr></a></li><li class=\"nv-edit\"><a href=\"/wiki/Special:EditPage/Template:Dan_Fogelberg\" title=\"Special:EditPage/Template:Dan Fogelberg\"><abbr title=\"Edit this template\">e</abbr></a></li></ul></div><div id=\"Dan_Fogelberg1357\" class=\"fn\" style=\"font-size:114%;margin:0 4em\"><a class=\"mw-selflink selflink\">Dan Fogelberg</a></div></th></tr><tr><th scope=\"row\" class=\"navbox-group\" style=\"width:1%\">Studio albums</th><td class=\"navbox-list-with-group navbox-list navbox-odd\" style=\"width:100%;padding:0\"><div style=\"padding:0 0.25em\">\n<ul><li><i><a href=\"/wiki/Home_Free_(Dan_Fogelberg_album)\" title=\"Home Free (Dan Fogelberg album)\">Home Free</a></i></li>\n<li><i><a href=\"/wiki/Souvenirs_(Dan_Fogelberg_album)\" title=\"Souvenirs (Dan Fogelberg album)\">Souvenirs</a></i></li>\n<li><i><a href=\"/wiki/Captured_Angel\" title=\"Captured Angel\">Captured Angel</a></i></li>\n<li><i><a href=\"/wiki/Nether_Lands\" title=\"Nether Lands\">Nether Lands</a></i></li>\n<li><i><a href=\"/wiki/Phoenix_(Dan_Fogelberg_album)\" title=\"Phoenix (Dan Fogelberg album)\">Phoenix</a></i></li>\n<li><i><a href=\"/wiki/The_Innocent_Age\" title=\"The Innocent Age\">The Innocent Age</a></i></li>\n<li><i><a href=\"/wiki/Windows_and_Walls\" title=\"Windows and Walls\">Windows and Walls</a></i></li>\n<li><i><a href=\"/wiki/High_Country_Snows\" title=\"High Country Snows\">High Country Snows</a></i></li>\n<li><i><a href=\"/wiki/Exiles_(Dan_Fogelberg_album)\" title=\"Exiles (Dan Fogelberg album)\">Exiles</a></i></li>\n<li><i><a href=\"/wiki/The_Wild_Places_(Dan_Fogelberg_album)\" title=\"The Wild Places (Dan Fogelberg album)\">The Wild Places</a></i></li>\n<li><i><a href=\"/wiki/River_of_Souls\" title=\"River of Souls\">River of Souls</a></i></li></ul>\n</div></td></tr><tr><th scope=\"row\" class=\"navbox-group\" style=\"width:1%\">Collaboration albums</th><td class=\"navbox-list-with-group navbox-list navbox-even\" style=\"width:100%;padding:0\"><div style=\"padding:0 0.25em\">\n<ul><li><i><a href=\"/wiki/Twin_Sons_of_Different_Mothers\" title=\"Twin Sons of Different Mothers\">Twin Sons of Different Mothers</a></i></li>\n<li><i><a href=\"/wiki/No_Resemblance_Whatsoever\" title=\"No Resemblance Whatsoever\">No Resemblance Whatsoever</a></i></li></ul>\n</div></td></tr><tr><th scope=\"row\" class=\"navbox-group\" style=\"width:1%\">Live albums</th><td class=\"navbox-list-with-group navbox-list navbox-odd\" style=\"width:100%;padding:0\"><div style=\"padding:0 0.25em\"><i><a href=\"/wiki/Dan_Fogelberg_Live:_Greetings_from_the_West\" title=\"Dan Fogelberg Live: Greetings from the West\">Dan Fogelberg Live: Greetings from the West</a></i></div></td></tr><tr><th scope=\"row\" class=\"navbox-group\" style=\"width:1%\">Compilation albums</th><td class=\"navbox-list-with-group navbox-list navbox-even\" style=\"width:100%;padding:0\"><div style=\"padding:0 0.25em\">\n<ul><li><i><a href=\"/wiki/Greatest_Hits_(Dan_Fogelberg_album)\" title=\"Greatest Hits (Dan Fogelberg album)\">Greatest Hits</a></i></li>\n<li><i><a href=\"/wiki/Love_Songs_(Dan_Fogelberg_album)\" title=\"Love Songs (Dan Fogelberg album)\">Love Songs</a></i></li>\n<li><i><a href=\"/wiki/The_Very_Best_of_Dan_Fogelberg\" title=\"The Very Best of Dan Fogelberg\">The Very Best of Dan Fogelberg</a></i></li></ul>\n</div></td></tr><tr><th scope=\"row\" class=\"navbox-group\" style=\"width:1%\">Singles</th><td class=\"navbox-list-with-group navbox-list navbox-odd\" style=\"width:100%;padding:0\"><div style=\"padding:0 0.25em\">\n<ul><li>\"<a href=\"/wiki/To_the_Morning\" title=\"To the Morning\">To the Morning</a>\"</li>\n<li>\"<a href=\"/wiki/The_Power_of_Gold\" title=\"The Power of Gold\">The Power of Gold</a>\"</li>\n<li>\"<a href=\"/wiki/Longer\" title=\"Longer\">Longer</a>\"</li>\n<li>\"<a href=\"/wiki/Heart_Hotels\" title=\"Heart Hotels\">Heart Hotels</a>\"</li>\n<li>\"<a href=\"/wiki/Same_Old_Lang_Syne\" title=\"Same Old Lang Syne\">Same Old Lang Syne</a>\"</li>\n<li>\"<a href=\"/wiki/Hard_to_Say\" title=\"Hard to Say\">Hard to Say</a>\"</li>\n<li>\"<a href=\"/wiki/Leader_of_the_Band\" title=\"Leader of the Band\">Leader of the Band</a>\"</li>\n<li>\"<a href=\"/wiki/Run_for_the_Roses_(song)\" title=\"Run for the Roses (song)\">Run for the Roses</a>\"</li>\n<li>\"<a href=\"/wiki/Missing_You_(Dan_Fogelberg_song)\" title=\"Missing You (Dan Fogelberg song)\">Missing You</a>\"</li>\n<li>\"<a href=\"/wiki/Make_Love_Stay\" title=\"Make Love Stay\">Make Love Stay</a>\"</li>\n<li>\"<a href=\"/wiki/Believe_in_Me_(Dan_Fogelberg_song)\" title=\"Believe in Me (Dan Fogelberg song)\">Believe in Me</a>\"</li>\n<li>\"<a href=\"/wiki/Rhythm_of_the_Rain\" title=\"Rhythm of the Rain\">Rhythm of the Rain</a>\"</li></ul>\n</div></td></tr><tr><th scope=\"row\" class=\"navbox-group\" style=\"width:1%\">Songs</th><td class=\"navbox-list-with-group navbox-list navbox-even\" style=\"width:100%;padding:0\"><div style=\"padding:0 0.25em\">\"<a href=\"/wiki/Lovers_in_a_Dangerous_Time\" title=\"Lovers in a Dangerous Time\">Lovers in a Dangerous Time</a>\"</div></td></tr><tr><th scope=\"row\" class=\"navbox-group\" style=\"width:1%\">Related articles</th><td class=\"navbox-list-with-group navbox-list navbox-odd\" style=\"width:100%;padding:0\"><div style=\"padding:0 0.25em\">\n<ul><li><a href=\"/wiki/Dan_Fogelberg_discography\" title=\"Dan Fogelberg discography\">Discography</a></li>\n<li><a href=\"/wiki/Tim_Weisberg\" title=\"Tim Weisberg\">Tim Weisberg</a></li></ul>\n</div></td></tr></tbody></table></div>\n<div class=\"navbox-styles\"><link rel=\"mw-deduplicated-inline-style\" href=\"mw-data:TemplateStyles:r1129693374\" /><link rel=\"mw-deduplicated-inline-style\" href=\"mw-data:TemplateStyles:r1236075235\" /></div><div role=\"navigation\" class=\"navbox authority-control\" aria-labelledby=\"Authority_control_databases_frameless&amp;#124;text-top&amp;#124;10px&amp;#124;alt=Edit_this_at_Wikidata&amp;#124;link=https&amp;#58;//www.wikidata.org/wiki/Q201047#identifiers&amp;#124;class=noprint&amp;#124;Edit_this_at_Wikidata1790\" style=\"padding:3px\"><table class=\"nowraplinks hlist mw-collapsible autocollapse navbox-inner\" style=\"border-spacing:0;background:transparent;color:inherit\"><tbody><tr><th scope=\"col\" class=\"navbox-title\" colspan=\"2\"><div id=\"Authority_control_databases_frameless&amp;#124;text-top&amp;#124;10px&amp;#124;alt=Edit_this_at_Wikidata&amp;#124;link=https&amp;#58;//www.wikidata.org/wiki/Q201047#identifiers&amp;#124;class=noprint&amp;#124;Edit_this_at_Wikidata1790\" style=\"font-size:114%;margin:0 4em\"><a href=\"/wiki/Help:Authority_control\" title=\"Help:Authority control\">Authority control databases</a> <span class=\"mw-valign-text-top noprint\" typeof=\"mw:File/Frameless\"><a href=\"https://www.wikidata.org/wiki/Q201047#identifiers\" title=\"Edit this at Wikidata\"><img alt=\"Edit this at Wikidata\" src=\"//upload.wikimedia.org/wikipedia/en/thumb/8/8a/OOjs_UI_icon_edit-ltr-progressive.svg/20px-OOjs_UI_icon_edit-ltr-progressive.svg.png\" decoding=\"async\" width=\"10\" height=\"10\" class=\"mw-file-element\" data-file-width=\"20\" data-file-height=\"20\" /></a></span></div></th></tr><tr><th scope=\"row\" class=\"navbox-group\" style=\"width:1%\">International</th><td class=\"navbox-list-with-group navbox-list navbox-odd\" style=\"width:100%;padding:0\"><div style=\"padding:0 0.25em\"><ul><li><span class=\"uid\"><a rel=\"nofollow\" class=\"external text\" href=\"https://isni.org/isni/0000000115583542\">ISNI</a></span></li><li><span class=\"uid\"><a rel=\"nofollow\" class=\"external text\" href=\"https://viaf.org/viaf/211149294306380521717\">VIAF</a></span></li><li><span class=\"uid\"><a rel=\"nofollow\" class=\"external text\" href=\"https://d-nb.info/gnd/133817849\">GND</a></span></li></ul></div></td></tr><tr><th scope=\"row\" class=\"navbox-group\" style=\"width:1%\">National</th><td class=\"navbox-list-with-group navbox-list navbox-even\" style=\"width:100%;padding:0\"><div style=\"padding:0 0.25em\"><ul><li><span class=\"uid\"><a rel=\"nofollow\" class=\"external text\" href=\"https://id.loc.gov/authorities/n91116506\">United States</a></span></li><li><span class=\"uid\"><a rel=\"nofollow\" class=\"external text\" href=\"https://catalogue.bnf.fr/ark:/12148/cb138939946\">France</a></span></li><li><span class=\"uid\"><a rel=\"nofollow\" class=\"external text\" href=\"https://data.bnf.fr/ark:/12148/cb138939946\">BnF data</a></span></li><li><span class=\"uid\"><a rel=\"nofollow\" class=\"external text\" href=\"https://aleph.nkp.cz/F/?func=find-c&amp;local_base=aut&amp;ccl_term=ica=xx0201486&amp;CON_LNG=ENG\">Czech Republic</a></span></li><li><span class=\"uid\"><a rel=\"nofollow\" class=\"external text\" href=\"https://datos.bne.es/resource/XX4578709\">Spain</a></span></li><li><span class=\"uid\"><a rel=\"nofollow\" class=\"external text\" href=\"http://data.bibliotheken.nl/id/thes/p071027343\">Netherlands</a></span></li><li><span class=\"uid\"><a rel=\"nofollow\" class=\"external text\" href=\"https://urn.fi/URN:NBN:fi:au:finaf:000185499\">Finland</a></span></li></ul></div></td></tr><tr><th scope=\"row\" class=\"navbox-group\" style=\"width:1%\">Artists</th><td class=\"navbox-list-with-group navbox-list navbox-odd\" style=\"width:100%;padding:0\"><div style=\"padding:0 0.25em\"><ul><li><span class=\"uid\"><a rel=\"nofollow\" class=\"external text\" href=\"https://musicbrainz.org/artist/b1a7ac99-2ea9-4d3e-b17f-1cad379e46ae\">MusicBrainz</a></span></li><li><span class=\"uid\"><a rel=\"nofollow\" class=\"external text\" href=\"https://www.grammy.com/artists/dan-fogelberg/13299\">Grammy Awards</a></span></li></ul></div></td></tr><tr><th scope=\"row\" class=\"navbox-group\" style=\"width:1%\">People</th><td class=\"navbox-list-with-group navbox-list navbox-even\" style=\"width:100%;padding:0\"><div style=\"padding:0 0.25em\"><ul><li><span class=\"uid\"><a rel=\"nofollow\" class=\"external text\" href=\"https://trove.nla.gov.au/people/1172643\">Trove</a></span></li></ul></div></td></tr><tr><th scope=\"row\" class=\"navbox-group\" style=\"width:1%\">Other</th><td class=\"navbox-list-with-group navbox-list navbox-odd\" style=\"width:100%;padding:0\"><div style=\"padding:0 0.25em\"><ul><li><span class=\"uid\"><a rel=\"nofollow\" class=\"external text\" href=\"https://snaccooperative.org/ark:/99166/w6bq5fvn\">SNAC</a></span></li><li><span class=\"uid\"><a rel=\"nofollow\" class=\"external text\" href=\"https://lux.collections.yale.edu/view/person/a4d1f9ae-52b6-4e15-b52f-1bfec063eb38\">Yale LUX</a></span></li></ul></div></td></tr></tbody></table></div>\n<!-- \nNewPP limit report\nParsed by mw‐web.codfw.main‐9c75744‐dt6fb\nCached time: 20250928045810\nCache expiry: 2592000\nReduced expiry: false\nComplications: [vary‐revision‐sha1, show‐toc]\nCPU time usage: 0.731 seconds\nReal time usage: 0.933 seconds\nPreprocessor visited node count: 3991/1000000\nRevision size: 24044/2097152 bytes\nPost‐expand include size: 99658/2097152 bytes\nTemplate argument size: 9545/2097152 bytes\nHighest expansion depth: 20/100\nExpensive parser function count: 5/500\nUnstrip recursion depth: 1/20\nUnstrip post‐expand size: 135237/5000000 bytes\nLua time usage: 0.456/10.000 seconds\nLua memory usage: 9615926/52428800 bytes\nNumber of Wikibase entities loaded: 1/500\n-->\n<!--\nTransclusion expansion time report (%,ms,calls,template)\n100.00%  846.411      1 -total\n 29.05%  245.855      1 Template:Reflist\n 28.47%  240.943      1 Template:Infobox_musical_artist\n 26.46%  223.954      1 Template:Infobox\n 16.96%  143.568     22 Template:Cite_web\n 14.89%  126.057      2 Template:Br_separated_entries\n  9.58%   81.110      2 Template:Short_description\n  7.87%   66.602      1 Template:Dan_Fogelberg\n  7.62%   64.464      1 Template:Navbox_musical_artist\n  6.08%   51.493      2 Template:Sister_project\n-->\n\n<!-- Saved in parser cache with key enwiki:pcache:1311795:|#|:idhash:canonical and timestamp 20250928045810 and revision id 1310886193. Rendering was triggered because: page_view\n -->\n</div>"
        }
    }
}