{
    "parse": {
        "title": "Dr. Hook",
        "pageid": 1231144,
        "text": {
            "*": "<div class=\"mw-content-ltr mw-parser-output\" lang=\"en\" dir=\"ltr\"><div class=\"shortdescription nomobile noexcerpt noprint searchaux\" style=\"display:none\">American rock band</div>\n<style data-mw-deduplicate=\"TemplateStyles:r1236090951\">.mw-parser-output .hatnote{font-style:italic}.mw-parser-output div.hatnote{padding-left:1.6em;margin-bottom:0.5em}.mw-parser-output .hatnote i{font-style:normal}.mw-parser-output .hatnote+link+.hatnote{margin-top:-0.5em}@media print{body.ns-0 .mw-parser-output .hatnote{display:none!important}}</style><div role=\"note\" class=\"hatnote navigation-not-searchable\">\"Body Talking\" redirects here; not to be confused with <a href=\"/wiki/Talking_Body\" title=\"Talking Body\">Talking Body</a>.</div>\n<p class=\"mw-empty-elt\">\n</p>\n<style data-mw-deduplicate=\"TemplateStyles:r1126788409\">.mw-parser-output .plainlist ol,.mw-parser-output .plainlist ul{line-height:inherit;list-style:none;margin:0;padding:0}.mw-parser-output .plainlist ol li,.mw-parser-output .plainlist ul li{margin-bottom:0}</style><style data-mw-deduplicate=\"TemplateStyles:r1295905060\">.mw-parser-output .infobox-subbox{padding:0;border:none;margin:-3px;width:auto;min-width:100%;font-size:100%;clear:none;float:none;background-color:transparent}.mw-parser-output .infobox-3cols-child{margin:auto}.mw-parser-output .infobox .navbar{font-size:100%}@media screen{html.skin-theme-clientpref-night .mw-parser-output .infobox-full-data:not(.notheme)>div:not(.notheme)[style]{background:#1f1f23!important;color:#f8f9fa}}@media screen and (prefers-color-scheme:dark){html.skin-theme-clientpref-os .mw-parser-output .infobox-full-data:not(.notheme)>div:not(.notheme)[style]{background:#1f1f23!important;color:#f8f9fa}}@media(min-width:640px){body.skin--responsive .mw-parser-output .infobox-table{display:table!important}body.skin--responsive .mw-parser-output .infobox-table>caption{display:table-caption!important}body.skin--responsive .mw-parser-output .infobox-table>tbody{display:table-row-group}body.skin--responsive .mw-parser-output .infobox-table th,body.skin--responsive .mw-parser-output .infobox-table td{padding-left:inherit;padding-right:inherit}}</style><table class=\"infobox vcard plainlist\"><tbody><tr><th colspan=\"2\" class=\"infobox-above\" style=\"color: #202122;background-color: #b0c4de; font-size: 125%;\"><div class=\"\">Dr. Hook</div></th></tr><tr><td colspan=\"2\" class=\"infobox-image\"><span class=\"mw-default-size\" typeof=\"mw:File/Frameless\"><a href=\"/wiki/File:Dr._Hook.png\" class=\"mw-file-description\" title=\"Dr. Hook in 1972. Clockwise from top: George Cummings, Billy Francis, Rik Elswit, Dennis Locorriere, Ray Sawyer, Jay David, Jance Garfat\"><img alt=\"Dr. Hook in 1972. Clockwise from top: George Cummings, Billy Francis, Rik Elswit, Dennis Locorriere, Ray Sawyer, Jay David, Jance Garfat\" src=\"//upload.wikimedia.org/wikipedia/commons/thumb/f/fa/Dr._Hook.png/250px-Dr._Hook.png\" decoding=\"async\" width=\"250\" height=\"230\" class=\"mw-file-element\" srcset=\"//upload.wikimedia.org/wikipedia/commons/thumb/f/fa/Dr._Hook.png/500px-Dr._Hook.png 1.5x\" data-file-width=\"750\" data-file-height=\"691\" /></a></span><div class=\"infobox-caption\">Dr. Hook in 1972. Clockwise from top: <a href=\"/wiki/George_Cummings\" title=\"George Cummings\">George Cummings</a>, Billy Francis, Rik Elswit, <a href=\"/wiki/Dennis_Locorriere\" title=\"Dennis Locorriere\">Dennis Locorriere</a>, <a href=\"/wiki/Ray_Sawyer\" title=\"Ray Sawyer\">Ray Sawyer</a>, Jay David, Jance Garfat</div></td></tr><tr><th colspan=\"2\" class=\"infobox-header\" style=\"color: #202122;background-color: #b0c4de\">Background information</th></tr><tr><th scope=\"row\" class=\"infobox-label\"><span class=\"nowrap\">Also known as</span></th><td class=\"infobox-data nickname\">Dr. Hook &amp; the Medicine Show</td></tr><tr><th scope=\"row\" class=\"infobox-label\">Origin</th><td class=\"infobox-data\"><a href=\"/wiki/Union_City,_New_Jersey\" title=\"Union City, New Jersey\">Union City, New Jersey</a>, U.S.</td></tr><tr><th scope=\"row\" class=\"infobox-label\">Genres</th><td class=\"infobox-data\"><style data-mw-deduplicate=\"TemplateStyles:r1129693374\">.mw-parser-output .hlist dl,.mw-parser-output .hlist ol,.mw-parser-output .hlist ul{margin:0;padding:0}.mw-parser-output .hlist dd,.mw-parser-output .hlist dt,.mw-parser-output .hlist li{margin:0;display:inline}.mw-parser-output .hlist.inline,.mw-parser-output .hlist.inline dl,.mw-parser-output .hlist.inline ol,.mw-parser-output .hlist.inline ul,.mw-parser-output .hlist dl dl,.mw-parser-output .hlist dl ol,.mw-parser-output .hlist dl ul,.mw-parser-output .hlist ol dl,.mw-parser-output .hlist ol ol,.mw-parser-output .hlist ol ul,.mw-parser-output .hlist ul dl,.mw-parser-output .hlist ul ol,.mw-parser-output .hlist ul ul{display:inline}.mw-parser-output .hlist .mw-empty-li{display:none}.mw-parser-output .hlist dt::after{content:\": \"}.mw-parser-output .hlist dd::after,.mw-parser-output .hlist li::after{content:\" · \";font-weight:bold}.mw-parser-output .hlist dd:last-child::after,.mw-parser-output .hlist dt:last-child::after,.mw-parser-output .hlist li:last-child::after{content:none}.mw-parser-output .hlist dd dd:first-child::before,.mw-parser-output .hlist dd dt:first-child::before,.mw-parser-output .hlist dd li:first-child::before,.mw-parser-output .hlist dt dd:first-child::before,.mw-parser-output .hlist dt dt:first-child::before,.mw-parser-output .hlist dt li:first-child::before,.mw-parser-output .hlist li dd:first-child::before,.mw-parser-output .hlist li dt:first-child::before,.mw-parser-output .hlist li li:first-child::before{content:\" (\";font-weight:normal}.mw-parser-output .hlist dd dd:last-child::after,.mw-parser-output .hlist dd dt:last-child::after,.mw-parser-output .hlist dd li:last-child::after,.mw-parser-output .hlist dt dd:last-child::after,.mw-parser-output .hlist dt dt:last-child::after,.mw-parser-output .hlist dt li:last-child::after,.mw-parser-output .hlist li dd:last-child::after,.mw-parser-output .hlist li dt:last-child::after,.mw-parser-output .hlist li li:last-child::after{content:\")\";font-weight:normal}.mw-parser-output .hlist ol{counter-reset:listitem}.mw-parser-output .hlist ol>li{counter-increment:listitem}.mw-parser-output .hlist ol>li::before{content:\" \"counter(listitem)\"\\a0 \"}.mw-parser-output .hlist dd ol>li:first-child::before,.mw-parser-output .hlist dt ol>li:first-child::before,.mw-parser-output .hlist li ol>li:first-child::before{content:\" (\"counter(listitem)\"\\a0 \"}</style><div class=\"hlist\"><ul><li><a href=\"/wiki/Country_rock\" title=\"Country rock\">Country rock</a></li><li><a href=\"/wiki/Roots_rock\" title=\"Roots rock\">roots rock</a></li><li><a href=\"/wiki/Boogie_rock\" title=\"Boogie rock\">boogie rock</a></li><li><a href=\"/wiki/Pop_rock\" title=\"Pop rock\">pop rock</a></li><li><a href=\"/wiki/Soft_rock\" title=\"Soft rock\">soft rock</a></li><li><a href=\"/wiki/Blue-eyed_soul\" title=\"Blue-eyed soul\">blue-eyed soul</a></li><li><a href=\"/wiki/Disco\" title=\"Disco\">disco</a></li></ul></div></td></tr><tr><th scope=\"row\" class=\"infobox-label\"><span class=\"nowrap\">Years active</span></th><td class=\"infobox-data\"><link rel=\"mw-deduplicated-inline-style\" href=\"mw-data:TemplateStyles:r1129693374\" /><div class=\"hlist\"><ul><li>1969–1985</li><li>1988–2015</li><li>2019–present</li></ul></div></td></tr><tr><th scope=\"row\" class=\"infobox-label\">Labels</th><td class=\"infobox-data\"><link rel=\"mw-deduplicated-inline-style\" href=\"mw-data:TemplateStyles:r1129693374\" /><div class=\"hlist\"><ul><li><a href=\"/wiki/Columbia_Records\" title=\"Columbia Records\">Columbia</a></li><li><a href=\"/wiki/Capitol_Records\" title=\"Capitol Records\">Capitol</a></li><li><a href=\"/wiki/CBS\" title=\"CBS\">CBS</a></li><li><a href=\"/wiki/Casablanca_Records\" title=\"Casablanca Records\">Casablanca</a></li></ul></div></td></tr><tr><th colspan=\"2\" class=\"infobox-header\" style=\"color: #202122;background-color: #b0c4de\"></th></tr><tr><th scope=\"row\" class=\"infobox-label\">Members</th><td class=\"infobox-data\">\n<ul><li><a href=\"/wiki/Dennis_Locorriere\" title=\"Dennis Locorriere\">Dennis Locorriere</a></li>\n<li>John Maher</li>\n<li>Michelle Cordelli</li>\n<li>Damien Cooper</li>\n<li>Tim Bye</li>\n<li><a href=\"/wiki/Jon_Poole\" title=\"Jon Poole\">Jon Poole</a></li>\n<li>Ryan Farmery</li></ul>\n</td></tr><tr><th colspan=\"2\" class=\"infobox-header\" style=\"color: #202122;background-color: #b0c4de\"></th></tr><tr><th scope=\"row\" class=\"infobox-label\"><span class=\"nowrap\">Past members</span></th><td class=\"infobox-data\">\n<ul><li>Billy Francis</li>\n<li><a href=\"/wiki/Ray_Sawyer\" title=\"Ray Sawyer\">Ray Sawyer</a></li>\n<li><a href=\"/wiki/George_Cummings\" title=\"George Cummings\">George Cummings</a></li>\n<li>John \"Jay\" David</li>\n<li>Rik Elswit</li>\n<li>Jance Garfat</li>\n<li>John Wolters</li>\n<li>Bob 'Willard' Henke</li>\n<li>Rod Smarr</li>\n<li>Walter Hartman</li>\n<li>Leonard Wolfe</li></ul>\n</td></tr><tr><th colspan=\"2\" class=\"infobox-header\" style=\"color: #202122;background-color: #b0c4de\"></th></tr><tr><th scope=\"row\" class=\"infobox-label\">Website</th><td class=\"infobox-data\"><span class=\"url\"><a rel=\"nofollow\" class=\"external text\" href=\"http://drhookofficial.com\">drhookofficial<wbr />.com</a></span></td></tr></tbody></table>\n<p><b>Dr. Hook</b> (known as <b>Dr. Hook &amp; the Medicine Show</b> until 1975) is an American <a href=\"/wiki/Rock_music\" title=\"Rock music\">rock band</a> formed in <a href=\"/wiki/Union_City,_New_Jersey\" title=\"Union City, New Jersey\">Union City, New Jersey</a>. The band had commercial success in the 1970s with <a href=\"/wiki/Hit_single\" class=\"mw-redirect\" title=\"Hit single\">hit singles</a> \"<a href=\"/wiki/Sylvia%27s_Mother\" title=\"Sylvia&#39;s Mother\">Sylvia's Mother</a>\" (1972), \"<a href=\"/wiki/The_Cover_of_%22Rolling_Stone%22\" title=\"The Cover of &quot;Rolling Stone&quot;\">The Cover of 'Rolling Stone'</a>\" (1973), \"<a href=\"/wiki/Only_Sixteen\" title=\"Only Sixteen\">Only Sixteen</a>\" (1976), \"<a href=\"/wiki/A_Little_Bit_More\" title=\"A Little Bit More\">A Little Bit More</a>\" (1976), \"<a href=\"/wiki/Walk_Right_In\" title=\"Walk Right In\">Walk Right In</a>\" (1977), \"<a href=\"/wiki/Sharing_the_Night_Together\" title=\"Sharing the Night Together\">Sharing the Night Together</a>\" (1978), \"<a href=\"/wiki/When_You%27re_in_Love_with_a_Beautiful_Woman\" title=\"When You&#39;re in Love with a Beautiful Woman\">When You're in Love with a Beautiful Woman</a>\" (1979), \"<a href=\"/wiki/Better_Love_Next_Time\" title=\"Better Love Next Time\">Better Love Next Time</a>\" (1979) and \"<a href=\"/wiki/Sexy_Eyes_(Dr._Hook_song)\" title=\"Sexy Eyes (Dr. Hook song)\">Sexy Eyes</a>\" (1980). In addition to its own material, Dr. Hook and the Medicine Show performed songs written by the poet <a href=\"/wiki/Shel_Silverstein\" title=\"Shel Silverstein\">Shel Silverstein</a>.\n</p><p>The band had eight years of hits in the United States. Its music, spanning acoustic <a href=\"/wiki/Sentimental_ballad\" title=\"Sentimental ballad\">ballads</a> and <a href=\"/wiki/Soft_rock\" title=\"Soft rock\">soft rock</a>, was played on Top 40, <a href=\"/wiki/Easy_listening\" title=\"Easy listening\">easy listening</a> and <a href=\"/wiki/Country_music\" title=\"Country music\">country music</a> outlets throughout the <a href=\"/wiki/English-speaking_world\" title=\"English-speaking world\">English-speaking world</a>.  In recent years the band's mellower '70s hits such as \"<a href=\"/wiki/Sharing_the_Night_Together\" title=\"Sharing the Night Together\">Sharing the Night Together</a>\" (1978) and \"<a href=\"/wiki/When_You%27re_in_Love_with_a_Beautiful_Woman\" title=\"When You&#39;re in Love with a Beautiful Woman\">When You're in Love with a Beautiful Woman</a>\" (1979) have also received regular airplay on Yacht Rock Radio on SiriusXM. \n</p>\n\n<div class=\"mw-heading mw-heading2\"><h2 id=\"History\">History</h2></div>\n<div class=\"mw-heading mw-heading3\"><h3 id=\"Founding_of_the_band\">Founding of the band</h3></div>\n<p>The founding core of the band consisted of <a href=\"/wiki/George_Cummings\" title=\"George Cummings\">George Cummings</a>, <a href=\"/wiki/Ray_Sawyer\" title=\"Ray Sawyer\">Ray Sawyer</a> and Billy Francis, who had first worked together circa 1966 in <a href=\"/wiki/Mobile,_Alabama\" title=\"Mobile, Alabama\">Mobile, Alabama</a>, in a band called Chocolate Papers.<sup id=\"cite_ref-1\" class=\"reference\"><a href=\"#cite_note-1\"><span class=\"cite-bracket\">&#91;</span>1<span class=\"cite-bracket\">&#93;</span></a></sup><sup id=\"cite_ref-2\" class=\"reference\"><a href=\"#cite_note-2\"><span class=\"cite-bracket\">&#91;</span>2<span class=\"cite-bracket\">&#93;</span></a></sup> Cummings, Sawyer and Francis started a new band up in <a href=\"/wiki/Union_City,_New_Jersey\" title=\"Union City, New Jersey\">Union City, New Jersey</a>, in 1968 and included primary vocalist <a href=\"/wiki/Dennis_Locorriere\" title=\"Dennis Locorriere\">Dennis Locorriere</a>, who initially joined as a bass player.\n</p><p>By 1969, the new band was named Dr. Hook and the Medicine Show: Tonic for the Soul. The name, thought up by Cummings,  was inspired by Sawyer's <a href=\"/wiki/Eyepatch\" title=\"Eyepatch\">eyepatch</a> and a reference to <a href=\"/wiki/Captain_Hook\" title=\"Captain Hook\">Captain Hook</a> of the <a href=\"/wiki/Peter_Pan_(character)\" title=\"Peter Pan (character)\">Peter Pan</a> fairytale. Sawyer lost his right eye in a near-fatal car crash in Oregon in 1967 and, after that, wore an eyepatch, leading some people to believe that <i>he</i> was Dr. Hook; when asked by fans which band member was Dr. Hook, they would all point to the bus driver.\n</p>\n<div class=\"mw-heading mw-heading3\"><h3 id=\"1968–1971\"><span id=\"1968.E2.80.931971\"></span>1968–1971</h3></div>\n<p>Popeye Phillips, who had been the drummer in Chocolate Papers, left the band to become a <a href=\"/wiki/Session_musician\" title=\"Session musician\">session musician</a>, contributing to the first album by <a href=\"/wiki/The_Flying_Burrito_Brothers\" title=\"The Flying Burrito Brothers\">the Flying Burrito Brothers</a>. Drummer Joseph Olivier was the drummer by the time Cummings, Sawyer and Francis had relocated to New Jersey. Just before Dr. Hook began recording its first demos, Olivier was replaced by session drummer Jay David, who became a band member in 1970.\n</p><p>In 1970, the band's <a href=\"/wiki/Demo_tape\" class=\"mw-redirect\" title=\"Demo tape\">demo tapes</a> were heard by <a href=\"/wiki/Ron_Haffkine\" title=\"Ron Haffkine\">Ron Haffkine</a>, musical director on <i><a href=\"/wiki/Who_Is_Harry_Kellerman_and_Why_Is_He_Saying_Those_Terrible_Things_About_Me%3F\" title=\"Who Is Harry Kellerman and Why Is He Saying Those Terrible Things About Me?\">Who Is Harry Kellerman and Why Is He Saying Those Terrible Things About Me?</a></i>. Haffkine asked the band to record two songs for the film, including \"The Last Morning\" and \"Bunky and Lucille\", which the band can be seen performing in the movie. The film helped Dr. Hook and the Medicine Show secure their first <a href=\"/wiki/Recording_contract\" title=\"Recording contract\">recording contract</a>.\n</p><p>In 1971, the group met with <a href=\"/wiki/Clive_Davis\" title=\"Clive Davis\">Clive Davis</a> of <a href=\"/wiki/Sony_Music\" title=\"Sony Music\">CBS Records</a>. David used a wastebasket in the meeting to keep the beat, and Francis danced on the mogul's desk while Sawyer, Locorriere, and Cummings played and sang. With the CBS Records deal, the band experienced international success with Haffkine as the group's manager and producer.\n</p><p>In 1972, after recording their debut album, the band added a full-time bassist, Jance Garfat, and another guitarist, Rik Elswit.\n</p>\n<div class=\"mw-heading mw-heading3\"><h3 id=\"1972\">1972</h3></div>\n<p>Haffkine, having a knack for picking songs, quickly became Dr. Hook's No. 1 A&amp;R man and their producer and manager. <a href=\"/wiki/Shel_Silverstein\" title=\"Shel Silverstein\">Shel Silverstein</a> wrote all the songs for their self-titled debut album, released in May 1972. <i><a href=\"/wiki/Doctor_Hook_(album)\" title=\"Doctor Hook (album)\">Doctor Hook</a></i> featured lead vocals, guitar, bass and harmonica by Locorriere, steel guitarist Cummings and singer Sawyer, plus drummer David and keyboard player Billy Francis. The album sold over one million copies and was awarded a <a href=\"/wiki/Music_recording_sales_certification\" class=\"mw-redirect\" title=\"Music recording sales certification\">gold disc</a> by the <a href=\"/wiki/Recording_Industry_Association_of_America\" title=\"Recording Industry Association of America\">RIAA</a> on August 2, 1972.<sup id=\"cite_ref-The_Book_of_Golden_Discs_3-0\" class=\"reference\"><a href=\"#cite_note-The_Book_of_Golden_Discs-3\"><span class=\"cite-bracket\">&#91;</span>3<span class=\"cite-bracket\">&#93;</span></a></sup> It has been released 20 times in the US, Canada and Europe. The single \"<a href=\"/wiki/Sylvia%27s_Mother\" title=\"Sylvia&#39;s Mother\">Sylvia's Mother</a>\", a subtle parody of teen-heartbreak weepers, flopped on first release, but with some more promotional muscle, became the band's first million-seller and hit the top five in the summer of 1972.\n</p>\n<figure class=\"mw-default-size\" typeof=\"mw:File/Thumb\"><a href=\"/wiki/File:131hook32973.jpg\" class=\"mw-file-description\"><img src=\"//upload.wikimedia.org/wikipedia/en/thumb/6/62/131hook32973.jpg/250px-131hook32973.jpg\" decoding=\"async\" width=\"250\" height=\"337\" class=\"mw-file-element\" srcset=\"//upload.wikimedia.org/wikipedia/en/6/62/131hook32973.jpg 1.5x\" data-file-width=\"272\" data-file-height=\"367\" /></a><figcaption>After scoring a hit with the song \"<a href=\"/wiki/The_Cover_of_%22Rolling_Stone%22\" title=\"The Cover of &quot;Rolling Stone&quot;\">The Cover of 'Rolling Stone'</a>\" in 1973, the band was featured on the cover of the March 29, 1973 <i><a href=\"/wiki/Rolling_Stone\" title=\"Rolling Stone\">Rolling Stone</a></i></figcaption></figure>\n<p>Silverstein continued to write songs for Dr. Hook, including their entire second album, <i><a href=\"/wiki/Sloppy_Seconds_(album)\" title=\"Sloppy Seconds (album)\">Sloppy Seconds</a></i>, released in the US, Australia, Europe and Canada in February 1973. It featured some of their most famous songs, including \"Freakin' at the Freaker's Ball\" and \"The Cover of 'Rolling Stone'\". The album was listed in the Billboard 200 in 1973.\n</p><p>The band's second single, \"<a href=\"/wiki/The_Cover_of_%22Rolling_Stone%22\" title=\"The Cover of &quot;Rolling Stone&quot;\">The Cover of 'Rolling Stone'</a>\" (December 1972), was another million-selling disc in early 1973,<sup id=\"cite_ref-The_Book_of_Golden_Discs_3-1\" class=\"reference\"><a href=\"#cite_note-The_Book_of_Golden_Discs-3\"><span class=\"cite-bracket\">&#91;</span>3<span class=\"cite-bracket\">&#93;</span></a></sup> poking fun at the idea that a musician had \"made it\" if they had been pictured on the cover of <i><a href=\"/wiki/Rolling_Stone\" title=\"Rolling Stone\">Rolling Stone</a></i> magazine. Haffkine visited <a href=\"/wiki/Jann_Wenner\" title=\"Jann Wenner\">Jann Wenner</a>, one of the founders of <i><a href=\"/wiki/Rolling_Stone\" title=\"Rolling Stone\">Rolling Stone</a></i>, proclaiming, \"I've just given you guys the best commercial for this rag that you'll ever get.\" Wenner then sent <a href=\"/wiki/Cameron_Crowe\" title=\"Cameron Crowe\">Cameron Crowe</a> (who later wrote and directed <i><a href=\"/wiki/Almost_Famous\" title=\"Almost Famous\">Almost Famous</a></i> about his time as a music journalist), then 16 years old, to interview the band for issue 131 (March 1973). Dr. Hook and the Medicine Show appeared on the cover, albeit in caricature rather than in a photograph. In the <a href=\"/wiki/United_Kingdom\" title=\"United Kingdom\">United Kingdom</a>, the <a href=\"/wiki/BBC_Radio\" title=\"BBC Radio\">BBC Radio</a> network refused to play \"The Cover of 'Rolling Stone'\", because it considered doing so would be advertising a trademark name. CBS Records responded by setting up a phone line to play the song to anyone willing to dial in, which helped build the buzz. The BBC found itself able to play the song only after some of its DJs edited themselves shouting the words \"<a href=\"/wiki/Radio_Times\" title=\"Radio Times\">Radio Times</a>\" (a BBC-owned magazine) over \"Rolling Stone\".\n</p>\n<div class=\"mw-heading mw-heading3\"><h3 id=\"1973–1974\"><span id=\"1973.E2.80.931974\"></span>1973–1974</h3></div>\n<link rel=\"mw-deduplicated-inline-style\" href=\"mw-data:TemplateStyles:r1236090951\" /><div role=\"note\" class=\"hatnote navigation-not-searchable\">\"Belly Up!\" redirects here. For the unrelated novel, see <a href=\"/wiki/Belly_Up\" title=\"Belly Up\"><i>Belly Up</i></a>.</div>\n<p>The group had difficulty meeting the high expectations created by <i>Sloppy Seconds</i> and the result was <i>Belly Up!</i> (November 1973), which was unfortunately prophetic. The album was sold in the US, UK, Europe and Canada. Dr. Hook was just as famed for their crazed stage antics, ranging from surreal banter to impersonating their opening acts; the group's disregard for business matters led to bankruptcy. \"If we were in the black when we finished a tour, we'd party into the red,\" says Locorriere. They were forced to file bankruptcy in 1974, although they continued to tour incessantly.\n</p><p>The Medicine Show's lineup changed a few more times over the years. When David left the group in 1973, he was replaced by John Wolters. The next to depart was founding band member Cummings, who left in August 1975 due to illness, plus personal and musical differences. The band did not replace him. When Elswit was diagnosed with <a href=\"/wiki/Cancer\" title=\"Cancer\">cancer</a> in 1976, the band added Bob \"Willard\" Henke (formerly of <a href=\"/wiki/Goose_Creek_Symphony\" title=\"Goose Creek Symphony\">Goose Creek Symphony</a>). Elswit recovered and returned to the lineup, but they kept Henke on for a while.\n</p><p>In 1974, Dr. Hook recorded an album that was to be titled <i>Fried Face</i>; it was not released.\n</p>\n<div class=\"mw-heading mw-heading3\"><h3 id=\"1975–1985\"><span id=\"1975.E2.80.931985\"></span>1975–1985</h3></div>\n<p>The band shortened its name to Dr. Hook in 1975. They signed with <a href=\"/wiki/Capitol_Records\" title=\"Capitol Records\">Capitol Records</a> in 1975, releasing the aptly titled <i>Bankrupt</i>. Unlike previous projects, this album included original material written by the group. The hit from the project was a reworked version of Sam Cooke's \"Only Sixteen\" (US number 6), revitalizing their career and charted in the top ten in 1976.\n</p><p>Haffkine discovered a song titled \"<a href=\"/wiki/A_Little_Bit_More\" title=\"A Little Bit More\">A Little Bit More</a>\" written and originally performed by Bobby Gosh and released on his 1973 album <i>Sitting in the Quiet</i>, on a record he purchased for 35 cents at a flea market in San Francisco. The band recorded and released the song, which reached number 11 on the US <a href=\"/wiki/Billboard_Hot_100\" title=\"Billboard Hot 100\"><i>Billboard</i> Hot 100</a> and spent two weeks at number nine on the <a href=\"/wiki/Cashbox_(magazine)\" title=\"Cashbox (magazine)\"><i>Cash Box</i></a> Top 100. It also reached number two on the <a href=\"/wiki/UK_Singles_Chart\" class=\"mw-redirect\" title=\"UK Singles Chart\">UK Singles Chart</a>, matching \"Sylvia's Mother\".\n</p><p>The band followed <i>Bankrupt</i> with 1976's <i>A Little Bit More</i> (named after the hit), which was certified double gold in Australia in November 1976.<sup id=\"cite_ref-4\" class=\"reference\"><a href=\"#cite_note-4\"><span class=\"cite-bracket\">&#91;</span>4<span class=\"cite-bracket\">&#93;</span></a></sup> It was quickly followed in turn by the 1977 album <i>Making Love And Music</i> which gave them a number 1 hit single in Australia with \"<a href=\"/wiki/Walk_Right_In\" title=\"Walk Right In\">Walk Right In</a>\", then came <i><a href=\"/wiki/Pleasure_and_Pain_(Dr._Hook_album)\" title=\"Pleasure and Pain (Dr. Hook album)\">Pleasure &amp; Pain</a></i> (October 1978), which featured \"<a href=\"/wiki/Sharing_the_Night_Together\" title=\"Sharing the Night Together\">Sharing the Night Together</a>\" (US number 6) and \"<a href=\"/wiki/When_You%27re_in_Love_with_a_Beautiful_Woman\" title=\"When You&#39;re in Love with a Beautiful Woman\">When You're in Love with a Beautiful Woman</a>\" (US number 6). <i>Sometimes You Win</i> (October 1979) brought forth \"Better Love Next Time\" (US number 12) in late 1979 and \"Sexy Eyes\" (US number 5) in 1980. Save for \"A Little Bit More\" (US number 11), these singles were certified million-sellers. \"When You're in Love with a Beautiful Woman\" reached number 1 for several weeks in 1979 in the UK. Though the band toured constantly, they had yet to manage to turn their success with singles into album sales.\n</p>\n<figure class=\"mw-default-size\" typeof=\"mw:File/Thumb\"><a href=\"/wiki/File:Dr.Hook_telethon1977.jpg\" class=\"mw-file-description\"><img src=\"//upload.wikimedia.org/wikipedia/commons/thumb/7/7b/Dr.Hook_telethon1977.jpg/250px-Dr.Hook_telethon1977.jpg\" decoding=\"async\" width=\"250\" height=\"162\" class=\"mw-file-element\" srcset=\"//upload.wikimedia.org/wikipedia/commons/thumb/7/7b/Dr.Hook_telethon1977.jpg/500px-Dr.Hook_telethon1977.jpg 1.5x\" data-file-width=\"2096\" data-file-height=\"1357\" /></a><figcaption>Dr. Hook performing at a <a href=\"/wiki/Telethon\" title=\"Telethon\">telethon</a> in 1977</figcaption></figure>\n<p><i>Pleasure and Pain</i> was Dr. Hook's first gold album in the US. The band changed labels again to <a href=\"/wiki/Casablanca_Records\" title=\"Casablanca Records\">Casablanca Records</a> in 1980, but could not replicate earlier successes. In late 1980, Dr. Hook released \"Girls Can Get It\" (US number 34) and had their final top 40 hit (which peaked in the US at number 25) with \"Baby Makes Her Blue-Jeans Talk\" in 1982.\n</p><p>Guitarist Rod Smarr replaced Henke on guitar in 1980, Walter Hartman subbed for Wolters on drums from 1982–1983 and Leonard Wolfe played keyboards alongside Francis in 1983–1985.\n</p><p>Ray Sawyer left in 1983 to pursue a solo career, while the band continued to tour for another couple of years, ending with Dr. Hook's One and Only Farewell Tour in 1985, with Locorriere as the sole frontman.<sup class=\"noprint Inline-Template Template-Fact\" style=\"white-space:nowrap;\">&#91;<i><a href=\"/wiki/Wikipedia:Citation_needed\" title=\"Wikipedia:Citation needed\"><span title=\"This claim needs references to reliable sources. (April 2019)\">citation needed</span></a></i>&#93;</sup>\n</p>\n<div class=\"mw-heading mw-heading3\"><h3 id=\"After_Dr._Hook:_1985–present\"><span id=\"After_Dr._Hook:_1985.E2.80.93present\"></span>After Dr. Hook: 1985–present</h3></div>\n<p>After Dr. Hook split up, <a href=\"/wiki/Dennis_Locorriere\" title=\"Dennis Locorriere\">Dennis Locorriere</a> retained ownership of the band's name. However, from 1988 to 2015, Sawyer was granted a license to tour separately as \"Ray Sawyer of Dr. Hook\" or \"Dr. Hook featuring Ray Sawyer\" (joined for a time in 2001 by Billy Francis); Sawyer did not perform publicly after his last tour ended in October 2015 and died on December 31, 2018, at the age of 81.<sup id=\"cite_ref-5\" class=\"reference\"><a href=\"#cite_note-5\"><span class=\"cite-bracket\">&#91;</span>5<span class=\"cite-bracket\">&#93;</span></a></sup><sup id=\"cite_ref-6\" class=\"reference\"><a href=\"#cite_note-6\"><span class=\"cite-bracket\">&#91;</span>6<span class=\"cite-bracket\">&#93;</span></a></sup><sup id=\"cite_ref-7\" class=\"reference\"><a href=\"#cite_note-7\"><span class=\"cite-bracket\">&#91;</span>7<span class=\"cite-bracket\">&#93;</span></a></sup><sup id=\"cite_ref-8\" class=\"reference\"><a href=\"#cite_note-8\"><span class=\"cite-bracket\">&#91;</span>8<span class=\"cite-bracket\">&#93;</span></a></sup>\n</p><p>Wolters died of cancer on June 16, 1997, at the age of 52.\n</p><p>Billy Francis, after joining Sawyer in 2001 during his Dr. Hook concerts, died on May 23, 2010, at age 68.\n</p><p>After the original band split, Dennis Locorriere released several solo albums and toured under the names <i>Voice of Dr. Hook</i> and <i>Dennis Locorriere Celebrates Dr. Hook Hits and History Tour</i>. Now fronting the band <i>Dr. Hook starring Dennis Locorriere</i>,<sup id=\"cite_ref-9\" class=\"reference\"><a href=\"#cite_note-9\"><span class=\"cite-bracket\">&#91;</span>9<span class=\"cite-bracket\">&#93;</span></a></sup><sup id=\"cite_ref-10\" class=\"reference\"><a href=\"#cite_note-10\"><span class=\"cite-bracket\">&#91;</span>10<span class=\"cite-bracket\">&#93;</span></a></sup> he started the <i>Dr Hook 50th Anniversary World Tour</i> in 2019, but this was postponed due to Locorriere undergoing a <a href=\"/wiki/Prostate\" title=\"Prostate\">prostate</a> procedure resulting in kidney problems.<sup id=\"cite_ref-11\" class=\"reference\"><a href=\"#cite_note-11\"><span class=\"cite-bracket\">&#91;</span>11<span class=\"cite-bracket\">&#93;</span></a></sup><sup id=\"cite_ref-12\" class=\"reference\"><a href=\"#cite_note-12\"><span class=\"cite-bracket\">&#91;</span>12<span class=\"cite-bracket\">&#93;</span></a></sup> The band resumed their 50th Anniversary Tour on September 3, 2021, with a show at Manchester's Bridgewater Hall and with performances scheduled for Scandinavia, the UK and Ireland in 2022.<sup id=\"cite_ref-13\" class=\"reference\"><a href=\"#cite_note-13\"><span class=\"cite-bracket\">&#91;</span>13<span class=\"cite-bracket\">&#93;</span></a></sup> Currently Locorriere's version of Dr Hook is made up of John Maher, Michelle Cordelli, Damien Cooper, Tim Bye, <a href=\"/wiki/Jon_Poole\" title=\"Jon Poole\">Jon Poole</a> and Ryan Farmery.<sup id=\"cite_ref-14\" class=\"reference\"><a href=\"#cite_note-14\"><span class=\"cite-bracket\">&#91;</span>14<span class=\"cite-bracket\">&#93;</span></a></sup>\n</p><p>Former bass player <a href=\"/wiki/Jance_Garfat\" class=\"mw-redirect\" title=\"Jance Garfat\">Jance Garfat</a> (born March 3, 1944) died in a motorcycle accident on November 6, 2006, at age 62.\n</p><p>Former guitarist and keyboardist Bob \"Willard\" Henke died on February 2, 2023, at the age of 71.<sup id=\"cite_ref-15\" class=\"reference\"><a href=\"#cite_note-15\"><span class=\"cite-bracket\">&#91;</span>15<span class=\"cite-bracket\">&#93;</span></a></sup> \n</p><p>Bassist and vocalist <a href=\"/wiki/George_Cummings\" title=\"George Cummings\">George Cummings</a> died on December 14, 2024.<sup id=\"cite_ref-cummings-obit_16-0\" class=\"reference\"><a href=\"#cite_note-cummings-obit-16\"><span class=\"cite-bracket\">&#91;</span>16<span class=\"cite-bracket\">&#93;</span></a></sup>\n</p>\n<div class=\"mw-heading mw-heading2\"><h2 id=\"Members\">Members</h2></div>\n<ul><li><a href=\"/wiki/Dennis_Locorriere\" title=\"Dennis Locorriere\">Dennis Locorriere</a> – vocals, guitar, bass, harmonica <small>(1969–1985, 2019–present)</small></li>\n<li><a href=\"/wiki/Ray_Sawyer\" title=\"Ray Sawyer\">Ray Sawyer</a> – vocals, guitar, percussion, congas, maracas <small>(1969–1983, 1988–2015, died 2018)</small></li>\n<li>Billy Francis – keyboards, vocals <small>(1969–1985, 2001; died 2010)</small></li>\n<li><a href=\"/wiki/George_Cummings\" title=\"George Cummings\">George Cummings</a> – lead and steel guitars, vocals <small>(1969–1975; died 2024)</small></li>\n<li>John \"Jay\" David – drums, vocals <small>(1970–1973)</small></li>\n<li>Rik Elswit – guitar, vocals <small>(1972–1985)</small></li>\n<li>Jance Garfat – bass <small>(1972–1985; died 2006)</small></li>\n<li>John Wolters – drums <small>(1973–1982, 1983–1985; died 1997)</small></li>\n<li>Bob 'Willard' Henke – guitar, keyboards <small>(1976–1980; died 2023)</small></li>\n<li>Rod Smarr – guitar <small>(1980–1985; died 2012)</small></li>\n<li>Walter Hartman – drums <small>(1982–1983)</small></li>\n<li>Leonard Wolfe – keyboards <small>(1983–1985)</small></li>\n<li>Joseph Olivier – drums <small>(1969-1971)</small></li></ul>\n<div class=\"mw-heading mw-heading3\"><h3 id=\"Timeline\">Timeline</h3></div>\n<div style=\"text-align:center;\">\n<div class=\"timeline-wrapper\"><map name=\"timeline_259f1sjcy4x230d7u88mh7ineumtlz1\"></map><img usemap=\"#timeline_259f1sjcy4x230d7u88mh7ineumtlz1\" src=\"//upload.wikimedia.org/wikipedia/en/timeline/259f1sjcy4x230d7u88mh7ineumtlz1.png\" /></div>\n</div>\n<div class=\"mw-heading mw-heading2\"><h2 id=\"Discography\">Discography</h2></div>\n<link rel=\"mw-deduplicated-inline-style\" href=\"mw-data:TemplateStyles:r1236090951\" /><div role=\"note\" class=\"hatnote navigation-not-searchable\">Main article: <a href=\"/wiki/Dr._Hook_discography\" title=\"Dr. Hook discography\">Dr. Hook discography</a></div>\n<style data-mw-deduplicate=\"TemplateStyles:r1184024115\">.mw-parser-output .div-col{margin-top:0.3em;column-width:30em}.mw-parser-output .div-col-small{font-size:90%}.mw-parser-output .div-col-rules{column-rule:1px solid #aaa}.mw-parser-output .div-col dl,.mw-parser-output .div-col ol,.mw-parser-output .div-col ul{margin-top:0}.mw-parser-output .div-col li,.mw-parser-output .div-col dd{page-break-inside:avoid;break-inside:avoid-column}</style><div class=\"div-col\">\n<ul><li><i><a href=\"/wiki/Doctor_Hook_(album)\" title=\"Doctor Hook (album)\">Doctor Hook</a></i> (1972) <small>(as Dr. Hook &amp; the Medicine Show)</small></li>\n<li><i><a href=\"/wiki/Sloppy_Seconds_(album)\" title=\"Sloppy Seconds (album)\">Sloppy Seconds</a></i> (1973) <small>(as Dr. Hook &amp; the Medicine Show)</small></li>\n<li><i>Belly Up!</i> (1973) <small>(as Dr. Hook &amp; the Medicine Show)</small></li>\n<li><i>Bankrupt</i> (1975)</li>\n<li><i>A Little Bit More</i> (1976)</li>\n<li><i>Makin' Love and Music (1977)</i></li>\n<li><i><a href=\"/wiki/Pleasure_and_Pain_(Dr._Hook_album)\" title=\"Pleasure and Pain (Dr. Hook album)\">Pleasure and Pain</a></i> (1978)</li>\n<li><i><a href=\"/wiki/Sometimes_You_Win\" title=\"Sometimes You Win\">Sometimes You Win</a></i> (1979)</li>\n<li><i>Rising</i> (1980)</li>\n<li><i>Players in the Dark</i> (1982)</li>\n<li><i>Let Me Drink from Your Well</i> (1983)</li></ul>\n</div>\n<div class=\"mw-heading mw-heading2\"><h2 id=\"References\">References</h2></div>\n<style data-mw-deduplicate=\"TemplateStyles:r1239543626\">.mw-parser-output .reflist{margin-bottom:0.5em;list-style-type:decimal}@media screen{.mw-parser-output .reflist{font-size:90%}}.mw-parser-output .reflist .references{font-size:100%;margin-bottom:0;list-style-type:inherit}.mw-parser-output .reflist-columns-2{column-width:30em}.mw-parser-output .reflist-columns-3{column-width:25em}.mw-parser-output .reflist-columns{margin-top:0.3em}.mw-parser-output .reflist-columns ol{margin-top:0}.mw-parser-output .reflist-columns li{page-break-inside:avoid;break-inside:avoid-column}.mw-parser-output .reflist-upper-alpha{list-style-type:upper-alpha}.mw-parser-output .reflist-upper-roman{list-style-type:upper-roman}.mw-parser-output .reflist-lower-alpha{list-style-type:lower-alpha}.mw-parser-output .reflist-lower-greek{list-style-type:lower-greek}.mw-parser-output .reflist-lower-roman{list-style-type:lower-roman}</style><div class=\"reflist\">\n<div class=\"mw-references-wrap mw-references-columns\"><ol class=\"references\">\n<li id=\"cite_note-1\"><span class=\"mw-cite-backlink\"><b><a href=\"#cite_ref-1\">^</a></b></span> <span class=\"reference-text\"><style data-mw-deduplicate=\"TemplateStyles:r1238218222\">.mw-parser-output cite.citation{font-style:inherit;word-wrap:break-word}.mw-parser-output .citation q{quotes:\"\\\"\"\"\\\"\"\"'\"\"'\"}.mw-parser-output .citation:target{background-color:rgba(0,127,255,0.133)}.mw-parser-output .id-lock-free.id-lock-free a{background:url(\"//upload.wikimedia.org/wikipedia/commons/6/65/Lock-green.svg\")right 0.1em center/9px no-repeat}.mw-parser-output .id-lock-limited.id-lock-limited a,.mw-parser-output .id-lock-registration.id-lock-registration a{background:url(\"//upload.wikimedia.org/wikipedia/commons/d/d6/Lock-gray-alt-2.svg\")right 0.1em center/9px no-repeat}.mw-parser-output .id-lock-subscription.id-lock-subscription a{background:url(\"//upload.wikimedia.org/wikipedia/commons/a/aa/Lock-red-alt-2.svg\")right 0.1em center/9px no-repeat}.mw-parser-output .cs1-ws-icon a{background:url(\"//upload.wikimedia.org/wikipedia/commons/4/4c/Wikisource-logo.svg\")right 0.1em center/12px no-repeat}body:not(.skin-timeless):not(.skin-minerva) .mw-parser-output .id-lock-free a,body:not(.skin-timeless):not(.skin-minerva) .mw-parser-output .id-lock-limited a,body:not(.skin-timeless):not(.skin-minerva) .mw-parser-output .id-lock-registration a,body:not(.skin-timeless):not(.skin-minerva) .mw-parser-output .id-lock-subscription a,body:not(.skin-timeless):not(.skin-minerva) .mw-parser-output .cs1-ws-icon a{background-size:contain;padding:0 1em 0 0}.mw-parser-output .cs1-code{color:inherit;background:inherit;border:none;padding:inherit}.mw-parser-output .cs1-hidden-error{display:none;color:var(--color-error,#d33)}.mw-parser-output .cs1-visible-error{color:var(--color-error,#d33)}.mw-parser-output .cs1-maint{display:none;color:#085;margin-left:0.3em}.mw-parser-output .cs1-kern-left{padding-left:0.2em}.mw-parser-output .cs1-kern-right{padding-right:0.2em}.mw-parser-output .citation .mw-selflink{font-weight:inherit}@media screen{.mw-parser-output .cs1-format{font-size:95%}html.skin-theme-clientpref-night .mw-parser-output .cs1-maint{color:#18911f}}@media screen and (prefers-color-scheme:dark){html.skin-theme-clientpref-os .mw-parser-output .cs1-maint{color:#18911f}}</style><cite class=\"citation web cs1\"><a rel=\"nofollow\" class=\"external text\" href=\"https://www.allmusic.com/artist/ray-sawyer-mn0000414800\">\"Ray Sawyer - Biography, Albums, Streaming Links\"</a>. <i>AllMusic</i><span class=\"reference-accessdate\">. Retrieved <span class=\"nowrap\">December 31,</span> 2018</span>.</cite><span title=\"ctx_ver=Z39.88-2004&amp;rft_val_fmt=info%3Aofi%2Ffmt%3Akev%3Amtx%3Ajournal&amp;rft.genre=unknown&amp;rft.jtitle=AllMusic&amp;rft.atitle=Ray+Sawyer+-+Biography%2C+Albums%2C+Streaming+Links&amp;rft_id=https%3A%2F%2Fwww.allmusic.com%2Fartist%2Fray-sawyer-mn0000414800&amp;rfr_id=info%3Asid%2Fen.wikipedia.org%3ADr.+Hook\" class=\"Z3988\"></span></span>\n</li>\n<li id=\"cite_note-2\"><span class=\"mw-cite-backlink\"><b><a href=\"#cite_ref-2\">^</a></b></span> <span class=\"reference-text\"><link rel=\"mw-deduplicated-inline-style\" href=\"mw-data:TemplateStyles:r1238218222\" /><cite class=\"citation news cs1\"><a rel=\"nofollow\" class=\"external text\" href=\"https://www.holmanhowe.com/obituaries/William-Allen-Francis-622511/#!/Obituary\">\"William Allen Francis January 16, 1942 - May 23, 2010\"</a>. <i>holmanhowe.com</i><span class=\"reference-accessdate\">. Retrieved <span class=\"nowrap\">May 13,</span> 2020</span>.</cite><span title=\"ctx_ver=Z39.88-2004&amp;rft_val_fmt=info%3Aofi%2Ffmt%3Akev%3Amtx%3Ajournal&amp;rft.genre=article&amp;rft.jtitle=holmanhowe.com&amp;rft.atitle=William+Allen+Francis+January+16%2C+1942+-+May+23%2C+2010&amp;rft_id=https%3A%2F%2Fwww.holmanhowe.com%2Fobituaries%2FWilliam-Allen-Francis-622511%2F%23%21%2FObituary&amp;rfr_id=info%3Asid%2Fen.wikipedia.org%3ADr.+Hook\" class=\"Z3988\"></span></span>\n</li>\n<li id=\"cite_note-The_Book_of_Golden_Discs-3\"><span class=\"mw-cite-backlink\">^ <a href=\"#cite_ref-The_Book_of_Golden_Discs_3-0\"><sup><i><b>a</b></i></sup></a> <a href=\"#cite_ref-The_Book_of_Golden_Discs_3-1\"><sup><i><b>b</b></i></sup></a></span> <span class=\"reference-text\"><link rel=\"mw-deduplicated-inline-style\" href=\"mw-data:TemplateStyles:r1238218222\" /><cite id=\"CITEREFMurrells1978\" class=\"citation book cs1\">Murrells, Joseph (1978). <span class=\"id-lock-registration\" title=\"Free registration required\"><a rel=\"nofollow\" class=\"external text\" href=\"https://archive.org/details/bookofgoldendisc00murr/page/311\"><i>The Book of Golden Discs</i></a></span> (2nd&#160;ed.). London: Barrie and Jenkins Ltd. p.&#160;311. <a href=\"/wiki/ISBN_(identifier)\" class=\"mw-redirect\" title=\"ISBN (identifier)\">ISBN</a>&#160;<a href=\"/wiki/Special:BookSources/0-214-20512-6\" title=\"Special:BookSources/0-214-20512-6\"><bdi>0-214-20512-6</bdi></a>.</cite><span title=\"ctx_ver=Z39.88-2004&amp;rft_val_fmt=info%3Aofi%2Ffmt%3Akev%3Amtx%3Abook&amp;rft.genre=book&amp;rft.btitle=The+Book+of+Golden+Discs&amp;rft.place=London&amp;rft.pages=311&amp;rft.edition=2nd&amp;rft.pub=Barrie+and+Jenkins+Ltd&amp;rft.date=1978&amp;rft.isbn=0-214-20512-6&amp;rft.aulast=Murrells&amp;rft.aufirst=Joseph&amp;rft_id=https%3A%2F%2Farchive.org%2Fdetails%2Fbookofgoldendisc00murr%2Fpage%2F311&amp;rfr_id=info%3Asid%2Fen.wikipedia.org%3ADr.+Hook\" class=\"Z3988\"></span></span>\n</li>\n<li id=\"cite_note-4\"><span class=\"mw-cite-backlink\"><b><a href=\"#cite_ref-4\">^</a></b></span> <span class=\"reference-text\"><link rel=\"mw-deduplicated-inline-style\" href=\"mw-data:TemplateStyles:r1238218222\" /><cite class=\"citation magazine cs1\"><a rel=\"nofollow\" class=\"external text\" href=\"https://worldradiohistory.com/Archive-All-Music/Cash-Box/70s/1976/Cash-Box-1976-11-27.pdf\">\"Cashbox Magazine\"</a> <span class=\"cs1-format\">(PDF)</span>. <i><a href=\"/wiki/Billboard_(magazine)\" title=\"Billboard (magazine)\">Billboard</a></i>. November 27, 1976. p.&#160;36<span class=\"reference-accessdate\">. Retrieved <span class=\"nowrap\">November 12,</span> 2021</span> &#8211; via World Radio History.</cite><span title=\"ctx_ver=Z39.88-2004&amp;rft_val_fmt=info%3Aofi%2Ffmt%3Akev%3Amtx%3Ajournal&amp;rft.genre=article&amp;rft.jtitle=Billboard&amp;rft.atitle=Cashbox+Magazine&amp;rft.pages=36&amp;rft.date=1976-11-27&amp;rft_id=https%3A%2F%2Fworldradiohistory.com%2FArchive-All-Music%2FCash-Box%2F70s%2F1976%2FCash-Box-1976-11-27.pdf&amp;rfr_id=info%3Asid%2Fen.wikipedia.org%3ADr.+Hook\" class=\"Z3988\"></span></span>\n</li>\n<li id=\"cite_note-5\"><span class=\"mw-cite-backlink\"><b><a href=\"#cite_ref-5\">^</a></b></span> <span class=\"reference-text\"><link rel=\"mw-deduplicated-inline-style\" href=\"mw-data:TemplateStyles:r1238218222\" /><cite class=\"citation news cs1\"><a rel=\"nofollow\" class=\"external text\" href=\"https://www.bbc.co.uk/news/world-us-canada-46724288\">\"Dr Hook's Ray Sawyer dies aged 81\"</a>. <i>BBC News</i>. January 2019.</cite><span title=\"ctx_ver=Z39.88-2004&amp;rft_val_fmt=info%3Aofi%2Ffmt%3Akev%3Amtx%3Ajournal&amp;rft.genre=article&amp;rft.jtitle=BBC+News&amp;rft.atitle=Dr+Hook%27s+Ray+Sawyer+dies+aged+81&amp;rft.date=2019-01&amp;rft_id=https%3A%2F%2Fwww.bbc.co.uk%2Fnews%2Fworld-us-canada-46724288&amp;rfr_id=info%3Asid%2Fen.wikipedia.org%3ADr.+Hook\" class=\"Z3988\"></span></span>\n</li>\n<li id=\"cite_note-6\"><span class=\"mw-cite-backlink\"><b><a href=\"#cite_ref-6\">^</a></b></span> <span class=\"reference-text\"><link rel=\"mw-deduplicated-inline-style\" href=\"mw-data:TemplateStyles:r1238218222\" /><cite class=\"citation web cs1\"><a rel=\"nofollow\" class=\"external text\" href=\"https://www.theguardian.com/music/2019/jan/02/ray-sawyer-obituary\">\"Ray Sawyer obituary\"</a>. <i><a href=\"/wiki/TheGuardian.com\" class=\"mw-redirect\" title=\"TheGuardian.com\">TheGuardian.com</a></i>. January 2, 2019.</cite><span title=\"ctx_ver=Z39.88-2004&amp;rft_val_fmt=info%3Aofi%2Ffmt%3Akev%3Amtx%3Ajournal&amp;rft.genre=unknown&amp;rft.jtitle=TheGuardian.com&amp;rft.atitle=Ray+Sawyer+obituary&amp;rft.date=2019-01-02&amp;rft_id=https%3A%2F%2Fwww.theguardian.com%2Fmusic%2F2019%2Fjan%2F02%2Fray-sawyer-obituary&amp;rfr_id=info%3Asid%2Fen.wikipedia.org%3ADr.+Hook\" class=\"Z3988\"></span></span>\n</li>\n<li id=\"cite_note-7\"><span class=\"mw-cite-backlink\"><b><a href=\"#cite_ref-7\">^</a></b></span> <span class=\"reference-text\"><link rel=\"mw-deduplicated-inline-style\" href=\"mw-data:TemplateStyles:r1238218222\" /><cite class=\"citation web cs1\"><a rel=\"nofollow\" class=\"external text\" href=\"https://web.archive.org/web/20170703031240/http://magazine.100percentrock.com/interviews/201510/140822\">\"INTERVIEW: DENNIS LOCORRIERE, DR HOOK – September 2015\"</a>. <i>Magazine.100percentrock.com</i>. October 15, 2015. Archived from <a rel=\"nofollow\" class=\"external text\" href=\"http://magazine.100percentrock.com/interviews/201510/140822\">the original</a> on July 3, 2017<span class=\"reference-accessdate\">. Retrieved <span class=\"nowrap\">October 27,</span> 2017</span>.</cite><span title=\"ctx_ver=Z39.88-2004&amp;rft_val_fmt=info%3Aofi%2Ffmt%3Akev%3Amtx%3Ajournal&amp;rft.genre=unknown&amp;rft.jtitle=Magazine.100percentrock.com&amp;rft.atitle=INTERVIEW%3A+DENNIS+LOCORRIERE%2C+DR+HOOK+%E2%80%93+September+2015&amp;rft.date=2015-10-15&amp;rft_id=http%3A%2F%2Fmagazine.100percentrock.com%2Finterviews%2F201510%2F140822&amp;rfr_id=info%3Asid%2Fen.wikipedia.org%3ADr.+Hook\" class=\"Z3988\"></span></span>\n</li>\n<li id=\"cite_note-8\"><span class=\"mw-cite-backlink\"><b><a href=\"#cite_ref-8\">^</a></b></span> <span class=\"reference-text\"><link rel=\"mw-deduplicated-inline-style\" href=\"mw-data:TemplateStyles:r1238218222\" /><cite id=\"CITEREFKreps2019\" class=\"citation magazine cs1\">Kreps, Daniel (January 1, 2019). <a rel=\"nofollow\" class=\"external text\" href=\"https://www.rollingstone.com/music/music-news/dr-hook-ray-sawyer-dead-773938/\">\"Dr. Hook's Ray Sawyer, 'Cover of Rolling Stone' Singer, Dead at 81\"</a>. <i>Rolling Stone</i><span class=\"reference-accessdate\">. Retrieved <span class=\"nowrap\">January 7,</span> 2019</span>.</cite><span title=\"ctx_ver=Z39.88-2004&amp;rft_val_fmt=info%3Aofi%2Ffmt%3Akev%3Amtx%3Ajournal&amp;rft.genre=article&amp;rft.jtitle=Rolling+Stone&amp;rft.atitle=Dr.+Hook%27s+Ray+Sawyer%2C+%27Cover+of+Rolling+Stone%27+Singer%2C+Dead+at+81&amp;rft.date=2019-01-01&amp;rft.aulast=Kreps&amp;rft.aufirst=Daniel&amp;rft_id=https%3A%2F%2Fwww.rollingstone.com%2Fmusic%2Fmusic-news%2Fdr-hook-ray-sawyer-dead-773938%2F&amp;rfr_id=info%3Asid%2Fen.wikipedia.org%3ADr.+Hook\" class=\"Z3988\"></span></span>\n</li>\n<li id=\"cite_note-9\"><span class=\"mw-cite-backlink\"><b><a href=\"#cite_ref-9\">^</a></b></span> <span class=\"reference-text\"><link rel=\"mw-deduplicated-inline-style\" href=\"mw-data:TemplateStyles:r1238218222\" /><cite class=\"citation web cs1\"><a rel=\"nofollow\" class=\"external text\" href=\"https://drhookofficial.com\">\"Dr Hook &#124; Dennis Locorriere &#124; The official Dr Hook touring information site\"</a>. Drhookofficial.com<span class=\"reference-accessdate\">. Retrieved <span class=\"nowrap\">August 6,</span> 2022</span>.</cite><span title=\"ctx_ver=Z39.88-2004&amp;rft_val_fmt=info%3Aofi%2Ffmt%3Akev%3Amtx%3Abook&amp;rft.genre=unknown&amp;rft.btitle=Dr+Hook+%26%23124%3B+Dennis+Locorriere+%26%23124%3B+The+official+Dr+Hook+touring+information+site&amp;rft.pub=Drhookofficial.com&amp;rft_id=https%3A%2F%2Fdrhookofficial.com&amp;rfr_id=info%3Asid%2Fen.wikipedia.org%3ADr.+Hook\" class=\"Z3988\"></span></span>\n</li>\n<li id=\"cite_note-10\"><span class=\"mw-cite-backlink\"><b><a href=\"#cite_ref-10\">^</a></b></span> <span class=\"reference-text\"><link rel=\"mw-deduplicated-inline-style\" href=\"mw-data:TemplateStyles:r1238218222\" /><cite class=\"citation web cs1\"><a rel=\"nofollow\" class=\"external text\" href=\"https://www.dennislocorriere.com/dr-hook-latest-news-blog\">\"Dr Hook Starring Dennis Locorriere | Latest News | Blog\"</a>.</cite><span title=\"ctx_ver=Z39.88-2004&amp;rft_val_fmt=info%3Aofi%2Ffmt%3Akev%3Amtx%3Abook&amp;rft.genre=unknown&amp;rft.btitle=Dr+Hook+Starring+Dennis+Locorriere+%7C+Latest+News+%7C+Blog&amp;rft_id=https%3A%2F%2Fwww.dennislocorriere.com%2Fdr-hook-latest-news-blog&amp;rfr_id=info%3Asid%2Fen.wikipedia.org%3ADr.+Hook\" class=\"Z3988\"></span></span>\n</li>\n<li id=\"cite_note-11\"><span class=\"mw-cite-backlink\"><b><a href=\"#cite_ref-11\">^</a></b></span> <span class=\"reference-text\"><link rel=\"mw-deduplicated-inline-style\" href=\"mw-data:TemplateStyles:r1238218222\" /><cite class=\"citation web cs1\"><a rel=\"nofollow\" class=\"external text\" href=\"https://ghostarchive.org/iarchive/facebook/689548261154473/2077542265688392\">\"DR HOOK Starring Dennis Locorriere\"</a>. <i>Facebook.com</i>. Archived from <span class=\"id-lock-limited\" title=\"Free access subject to limited trial, subscription normally required\"><a rel=\"nofollow\" class=\"external text\" href=\"https://www.facebook.com/DrHookOfficial/photos/a.718053461637286/2077542265688392/?type=3\">the original</a></span> on February 26, 2022.</cite><span title=\"ctx_ver=Z39.88-2004&amp;rft_val_fmt=info%3Aofi%2Ffmt%3Akev%3Amtx%3Ajournal&amp;rft.genre=unknown&amp;rft.jtitle=Facebook.com&amp;rft.atitle=DR+HOOK+Starring+Dennis+Locorriere&amp;rft_id=https%3A%2F%2Fwww.facebook.com%2FDrHookOfficial%2Fphotos%2Fa.718053461637286%2F2077542265688392%2F%3Ftype%3D3&amp;rfr_id=info%3Asid%2Fen.wikipedia.org%3ADr.+Hook\" class=\"Z3988\"></span></span>\n</li>\n<li id=\"cite_note-12\"><span class=\"mw-cite-backlink\"><b><a href=\"#cite_ref-12\">^</a></b></span> <span class=\"reference-text\"><link rel=\"mw-deduplicated-inline-style\" href=\"mw-data:TemplateStyles:r1238218222\" /><cite class=\"citation web cs1\"><a rel=\"nofollow\" class=\"external text\" href=\"https://ghostarchive.org/iarchive/facebook/689548261154473/2274467355995881\">\"DR HOOK Starring Dennis Locorriere\"</a>. <i>Facebook.com</i>. Archived from <span class=\"id-lock-limited\" title=\"Free access subject to limited trial, subscription normally required\"><a rel=\"nofollow\" class=\"external text\" href=\"https://www.facebook.com/DrHookOfficial/posts/2274467355995881\">the original</a></span> on February 26, 2022.</cite><span title=\"ctx_ver=Z39.88-2004&amp;rft_val_fmt=info%3Aofi%2Ffmt%3Akev%3Amtx%3Ajournal&amp;rft.genre=unknown&amp;rft.jtitle=Facebook.com&amp;rft.atitle=DR+HOOK+Starring+Dennis+Locorriere&amp;rft_id=https%3A%2F%2Fwww.facebook.com%2FDrHookOfficial%2Fposts%2F2274467355995881&amp;rfr_id=info%3Asid%2Fen.wikipedia.org%3ADr.+Hook\" class=\"Z3988\"></span></span>\n</li>\n<li id=\"cite_note-13\"><span class=\"mw-cite-backlink\"><b><a href=\"#cite_ref-13\">^</a></b></span> <span class=\"reference-text\"><link rel=\"mw-deduplicated-inline-style\" href=\"mw-data:TemplateStyles:r1238218222\" /><cite class=\"citation web cs1\"><a rel=\"nofollow\" class=\"external text\" href=\"https://drhookofficial.com/tour-dates/\">\"Tour Dates | Dr Hook | Dennis Locorriere\"</a>.</cite><span title=\"ctx_ver=Z39.88-2004&amp;rft_val_fmt=info%3Aofi%2Ffmt%3Akev%3Amtx%3Abook&amp;rft.genre=unknown&amp;rft.btitle=Tour+Dates+%7C+Dr+Hook+%7C+Dennis+Locorriere&amp;rft_id=https%3A%2F%2Fdrhookofficial.com%2Ftour-dates%2F&amp;rfr_id=info%3Asid%2Fen.wikipedia.org%3ADr.+Hook\" class=\"Z3988\"></span></span>\n</li>\n<li id=\"cite_note-14\"><span class=\"mw-cite-backlink\"><b><a href=\"#cite_ref-14\">^</a></b></span> <span class=\"reference-text\"><link rel=\"mw-deduplicated-inline-style\" href=\"mw-data:TemplateStyles:r1238218222\" /><cite class=\"citation web cs1\"><a rel=\"nofollow\" class=\"external text\" href=\"https://drhookofficial.com/the-band/\">\"The Band | Dr Hook | Dennis Locorriere\"</a>.</cite><span title=\"ctx_ver=Z39.88-2004&amp;rft_val_fmt=info%3Aofi%2Ffmt%3Akev%3Amtx%3Abook&amp;rft.genre=unknown&amp;rft.btitle=The+Band+%7C+Dr+Hook+%7C+Dennis+Locorriere&amp;rft_id=https%3A%2F%2Fdrhookofficial.com%2Fthe-band%2F&amp;rfr_id=info%3Asid%2Fen.wikipedia.org%3ADr.+Hook\" class=\"Z3988\"></span></span>\n</li>\n<li id=\"cite_note-15\"><span class=\"mw-cite-backlink\"><b><a href=\"#cite_ref-15\">^</a></b></span> <span class=\"reference-text\"><link rel=\"mw-deduplicated-inline-style\" href=\"mw-data:TemplateStyles:r1238218222\" /><cite class=\"citation web cs1\"><a rel=\"nofollow\" class=\"external text\" href=\"https://www.facebook.com/permalink.php?story_fbid=pfbid02vi7gEH4hnEQw1rDdAGRhmkeZ4ZA7i2T3Gjynu6Wjm3bZudx8G4S92gbXWGbEeq8l&amp;id=100057469457500\">\"Bob \"Willard\" Henke – April 29th, 1951 – February 3, 2023\"</a>. <i>Arizona's Great Vintage Music on Facebook</i><span class=\"reference-accessdate\">. Retrieved <span class=\"nowrap\">February 7,</span> 2023</span>.</cite><span title=\"ctx_ver=Z39.88-2004&amp;rft_val_fmt=info%3Aofi%2Ffmt%3Akev%3Amtx%3Ajournal&amp;rft.genre=unknown&amp;rft.jtitle=Arizona%27s+Great+Vintage+Music+on+Facebook&amp;rft.atitle=Bob+%22Willard%22+Henke+%E2%80%93+April+29th%2C+1951+%E2%80%93+February+3%2C+2023&amp;rft_id=https%3A%2F%2Fwww.facebook.com%2Fpermalink.php%3Fstory_fbid%3Dpfbid02vi7gEH4hnEQw1rDdAGRhmkeZ4ZA7i2T3Gjynu6Wjm3bZudx8G4S92gbXWGbEeq8l%26id%3D100057469457500&amp;rfr_id=info%3Asid%2Fen.wikipedia.org%3ADr.+Hook\" class=\"Z3988\"></span></span>\n</li>\n<li id=\"cite_note-cummings-obit-16\"><span class=\"mw-cite-backlink\"><b><a href=\"#cite_ref-cummings-obit_16-0\">^</a></b></span> <span class=\"reference-text\"><link rel=\"mw-deduplicated-inline-style\" href=\"mw-data:TemplateStyles:r1238218222\" /><cite class=\"citation web cs1\"><a rel=\"nofollow\" class=\"external text\" href=\"https://www.legacy.com/us/obituaries/name/george-cummings-obituary?id=57047919\">\"George H. Cummings Jr\"</a>. <i>Legacy</i><span class=\"reference-accessdate\">. Retrieved <span class=\"nowrap\">December 20,</span> 2024</span>.</cite><span title=\"ctx_ver=Z39.88-2004&amp;rft_val_fmt=info%3Aofi%2Ffmt%3Akev%3Amtx%3Ajournal&amp;rft.genre=unknown&amp;rft.jtitle=Legacy&amp;rft.atitle=George+H.+Cummings+Jr.&amp;rft_id=https%3A%2F%2Fwww.legacy.com%2Fus%2Fobituaries%2Fname%2Fgeorge-cummings-obituary%3Fid%3D57047919&amp;rfr_id=info%3Asid%2Fen.wikipedia.org%3ADr.+Hook\" class=\"Z3988\"></span></span>\n</li>\n</ol></div></div>\n<div class=\"mw-heading mw-heading2\"><h2 id=\"External_links\">External links</h2></div>\n<ul><li><a rel=\"nofollow\" class=\"external text\" href=\"https://www.discogs.com/artist/Dr.+Hook+%26+The+Medicine+Show\">Dr. Hook</a> discography at <a href=\"/wiki/Discogs\" title=\"Discogs\">Discogs</a></li>\n<li><a rel=\"nofollow\" class=\"external text\" href=\"https://www.discogs.com/artist/Dr.+Hook\">Dr. Hook</a> discography at <a href=\"/wiki/Discogs\" title=\"Discogs\">Discogs</a></li></ul>\n<div class=\"navbox-styles\"><link rel=\"mw-deduplicated-inline-style\" href=\"mw-data:TemplateStyles:r1129693374\" /><style data-mw-deduplicate=\"TemplateStyles:r1236075235\">.mw-parser-output .navbox{box-sizing:border-box;border:1px solid #a2a9b1;width:100%;clear:both;font-size:88%;text-align:center;padding:1px;margin:1em auto 0}.mw-parser-output .navbox .navbox{margin-top:0}.mw-parser-output .navbox+.navbox,.mw-parser-output .navbox+.navbox-styles+.navbox{margin-top:-1px}.mw-parser-output .navbox-inner,.mw-parser-output .navbox-subgroup{width:100%}.mw-parser-output .navbox-group,.mw-parser-output .navbox-title,.mw-parser-output .navbox-abovebelow{padding:0.25em 1em;line-height:1.5em;text-align:center}.mw-parser-output .navbox-group{white-space:nowrap;text-align:right}.mw-parser-output .navbox,.mw-parser-output .navbox-subgroup{background-color:#fdfdfd}.mw-parser-output .navbox-list{line-height:1.5em;border-color:#fdfdfd}.mw-parser-output .navbox-list-with-group{text-align:left;border-left-width:2px;border-left-style:solid}.mw-parser-output tr+tr>.navbox-abovebelow,.mw-parser-output tr+tr>.navbox-group,.mw-parser-output tr+tr>.navbox-image,.mw-parser-output tr+tr>.navbox-list{border-top:2px solid #fdfdfd}.mw-parser-output .navbox-title{background-color:#ccf}.mw-parser-output .navbox-abovebelow,.mw-parser-output .navbox-group,.mw-parser-output .navbox-subgroup .navbox-title{background-color:#ddf}.mw-parser-output .navbox-subgroup .navbox-group,.mw-parser-output .navbox-subgroup .navbox-abovebelow{background-color:#e6e6ff}.mw-parser-output .navbox-even{background-color:#f7f7f7}.mw-parser-output .navbox-odd{background-color:transparent}.mw-parser-output .navbox .hlist td dl,.mw-parser-output .navbox .hlist td ol,.mw-parser-output .navbox .hlist td ul,.mw-parser-output .navbox td.hlist dl,.mw-parser-output .navbox td.hlist ol,.mw-parser-output .navbox td.hlist ul{padding:0.125em 0}.mw-parser-output .navbox .navbar{display:block;font-size:100%}.mw-parser-output .navbox-title .navbar{float:left;text-align:left;margin-right:0.5em}body.skin--responsive .mw-parser-output .navbox-image img{max-width:none!important}@media print{body.ns-0 .mw-parser-output .navbox{display:none!important}}</style><style data-mw-deduplicate=\"TemplateStyles:r1256394678\">@media screen{.mw-parser-output .navbox-musical-artist-solo .navbox-title{background-color:#f0e68c}.mw-parser-output .navbox-musical-artist-non-vocal .navbox-title{background-color:#f4bf92}.mw-parser-output .navbox-musical-artist-non-perform .navbox-title{background-color:#bfe0bf}.mw-parser-output .navbox-musical-artist-group .navbox-title{background-color:#b0c4de}.mw-parser-output .navbox-musical-artist-cover .navbox-title{background-color:#d8bfd8}.mw-parser-output .navbox-musical-artist-classical .navbox-title{background-color:#b0e0e6}.mw-parser-output .navbox-musical-artist-temp .navbox-title{background-color:#d3d3d3}.mw-parser-output .navbox-musical-artist .navbox-group,.mw-parser-output .navbox-musical-artist .navbox-abovebelow{background-color:var(--background-color-neutral,#eaecf0)}html.skin-theme-clienpref-night .mw-parser-output .navbox-musical-artist .navbox-title{background-color:inherit}}@media screen and (prefers-color-scheme:dark){html.skin-theme-clienpref-os .mw-parser-output .navbox-musical-artist .navbox-title{background-color:inherit}}</style></div><div role=\"navigation\" class=\"navbox navbox-musical-artist navbox-musical-artist-group\" aria-labelledby=\"Dr._Hook1304\" style=\"padding:3px\"><table class=\"nowraplinks vcard hlist mw-collapsible autocollapse navbox-inner\" style=\"border-spacing:0;background:transparent;color:inherit\"><tbody><tr><th scope=\"col\" class=\"navbox-title\" colspan=\"2\"><link rel=\"mw-deduplicated-inline-style\" href=\"mw-data:TemplateStyles:r1129693374\" /><style data-mw-deduplicate=\"TemplateStyles:r1239400231\">.mw-parser-output .navbar{display:inline;font-size:88%;font-weight:normal}.mw-parser-output .navbar-collapse{float:left;text-align:left}.mw-parser-output .navbar-boxtext{word-spacing:0}.mw-parser-output .navbar ul{display:inline-block;white-space:nowrap;line-height:inherit}.mw-parser-output .navbar-brackets::before{margin-right:-0.125em;content:\"[ \"}.mw-parser-output .navbar-brackets::after{margin-left:-0.125em;content:\" ]\"}.mw-parser-output .navbar li{word-spacing:-0.125em}.mw-parser-output .navbar a>span,.mw-parser-output .navbar a>abbr{text-decoration:inherit}.mw-parser-output .navbar-mini abbr{font-variant:small-caps;border-bottom:none;text-decoration:none;cursor:inherit}.mw-parser-output .navbar-ct-full{font-size:114%;margin:0 7em}.mw-parser-output .navbar-ct-mini{font-size:114%;margin:0 4em}html.skin-theme-clientpref-night .mw-parser-output .navbar li a abbr{color:var(--color-base)!important}@media(prefers-color-scheme:dark){html.skin-theme-clientpref-os .mw-parser-output .navbar li a abbr{color:var(--color-base)!important}}@media print{.mw-parser-output .navbar{display:none!important}}</style><div class=\"navbar plainlinks hlist navbar-mini\"><ul><li class=\"nv-view\"><a href=\"/wiki/Template:Dr._Hook\" title=\"Template:Dr. Hook\"><abbr title=\"View this template\">v</abbr></a></li><li class=\"nv-talk\"><a href=\"/wiki/Template_talk:Dr._Hook\" title=\"Template talk:Dr. Hook\"><abbr title=\"Discuss this template\">t</abbr></a></li><li class=\"nv-edit\"><a href=\"/wiki/Special:EditPage/Template:Dr._Hook\" title=\"Special:EditPage/Template:Dr. Hook\"><abbr title=\"Edit this template\">e</abbr></a></li></ul></div><div id=\"Dr._Hook1304\" class=\"fn org\" style=\"font-size:114%;margin:0 4em\"><a class=\"mw-selflink selflink\">Dr. Hook</a></div></th></tr><tr><td class=\"navbox-abovebelow\" colspan=\"2\"><div>\n<ul><li>Billy Francis</li>\n<li><a href=\"/wiki/Ray_Sawyer\" title=\"Ray Sawyer\">Ray Sawyer</a></li>\n<li><a href=\"/wiki/George_Cummings\" title=\"George Cummings\">George Cummings</a></li>\n<li>Bobby Dominguez</li>\n<li>Jimmy Allen</li>\n<li><a href=\"/wiki/Dennis_Locorriere\" title=\"Dennis Locorriere\">Dennis Locorriere</a></li>\n<li>Popeye Phillips</li>\n<li>Joseph Oliver</li>\n<li>John David</li>\n<li>Rik Elswit</li>\n<li>Jance Garfat</li>\n<li>John Wolters</li>\n<li>Bob \"Willard\" Henke</li>\n<li>Rod Smarr</li>\n<li>Walter Hartman</li></ul>\n</div></td></tr><tr><th scope=\"row\" class=\"navbox-group\" style=\"width:1%\">Studio albums</th><td class=\"navbox-list-with-group navbox-list navbox-odd\" style=\"width:100%;padding:0\"><div style=\"padding:0 0.25em\">\n<ul><li><i><a href=\"/wiki/Doctor_Hook_(album)\" title=\"Doctor Hook (album)\">Doctor Hook</a></i> (1972)</li>\n<li><i><a href=\"/wiki/Sloppy_Seconds_(album)\" title=\"Sloppy Seconds (album)\">Sloppy Seconds</a></i> (1973)</li>\n<li><i><a href=\"/wiki/Pleasure_and_Pain_(Dr._Hook_album)\" title=\"Pleasure and Pain (Dr. Hook album)\">Pleasure and Pain</a></i> (1978)</li>\n<li><i><a href=\"/wiki/Sometimes_You_Win\" title=\"Sometimes You Win\">Sometimes You Win</a></i> (1979)</li></ul>\n</div></td></tr><tr><th scope=\"row\" class=\"navbox-group\" style=\"width:1%\">Compilations</th><td class=\"navbox-list-with-group navbox-list navbox-even\" style=\"width:100%;padding:0\"><div style=\"padding:0 0.25em\">\n<ul><li><i><a href=\"/wiki/Dr._Hook_Revisited\" title=\"Dr. Hook Revisited\">Dr. Hook Revisited</a></i> (1976)</li>\n<li><i><a href=\"/wiki/Greatest_Hits_(Dr._Hook_album)\" title=\"Greatest Hits (Dr. Hook album)\">Greatest Hits</a></i> (1980)</li>\n<li><i><a href=\"/wiki/The_Essential_Dr._Hook_%26_The_Medicine_Show\" title=\"The Essential Dr. Hook &amp; The Medicine Show\">The Essential Dr. Hook &amp; The Medicine Show</a></i> (2003)</li></ul>\n</div></td></tr><tr><th scope=\"row\" class=\"navbox-group\" style=\"width:1%\">Singles</th><td class=\"navbox-list-with-group navbox-list navbox-odd\" style=\"width:100%;padding:0\"><div style=\"padding:0 0.25em\">\n<ul><li>\"<a href=\"/wiki/Sylvia%27s_Mother\" title=\"Sylvia&#39;s Mother\">Sylvia's Mother</a>\"</li>\n<li>\"<a href=\"/wiki/Carry_Me_Carrie\" title=\"Carry Me Carrie\">Carry Me Carrie</a></li>\n<li>\"<a href=\"/wiki/The_Cover_of_%22Rolling_Stone%22\" title=\"The Cover of &quot;Rolling Stone&quot;\">The Cover of 'Rolling Stone'</a>\"</li>\n<li>\"<a href=\"/wiki/The_Ballad_of_Lucy_Jordan\" title=\"The Ballad of Lucy Jordan\">The Ballad of Lucy Jordan</a>\"</li>\n<li>\"<a href=\"/wiki/Only_Sixteen#Dr._Hook_version\" title=\"Only Sixteen\">Only Sixteen</a>\"</li>\n<li>\"<a href=\"/wiki/A_Little_Bit_More\" title=\"A Little Bit More\">A Little Bit More</a>\"</li>\n<li>\"<a href=\"/wiki/Walk_Right_In\" title=\"Walk Right In\">Walk Right In</a>\"</li>\n<li>\"<a href=\"/wiki/Sharing_the_Night_Together\" title=\"Sharing the Night Together\">Sharing the Night Together</a>\"</li>\n<li>\"<a href=\"/wiki/All_the_Time_in_the_World_(song)\" title=\"All the Time in the World (song)\">All the Time in the World</a>\"</li>\n<li>\"<a href=\"/wiki/When_You%27re_in_Love_with_a_Beautiful_Woman\" title=\"When You&#39;re in Love with a Beautiful Woman\">When You're in Love with a Beautiful Woman</a>\"</li>\n<li>\"<a href=\"/wiki/Better_Love_Next_Time\" title=\"Better Love Next Time\">Better Love Next Time</a>\"</li>\n<li>\"<a href=\"/wiki/Sexy_Eyes_(Dr._Hook_song)\" title=\"Sexy Eyes (Dr. Hook song)\">Sexy Eyes</a>\"</li></ul>\n</div></td></tr><tr><th scope=\"row\" class=\"navbox-group\" style=\"width:1%\">Related articles</th><td class=\"navbox-list-with-group navbox-list navbox-even\" style=\"width:100%;padding:0\"><div style=\"padding:0 0.25em\">\n<ul><li><a href=\"/wiki/Dr._Hook_discography\" title=\"Dr. Hook discography\">Discography</a></li></ul>\n</div></td></tr></tbody></table></div>\n<div class=\"navbox-styles\"><link rel=\"mw-deduplicated-inline-style\" href=\"mw-data:TemplateStyles:r1129693374\" /><link rel=\"mw-deduplicated-inline-style\" href=\"mw-data:TemplateStyles:r1236075235\" /><style data-mw-deduplicate=\"TemplateStyles:r1038841319\">.mw-parser-output .tooltip-dotted{border-bottom:1px dotted;cursor:help}</style><link rel=\"mw-deduplicated-inline-style\" href=\"mw-data:TemplateStyles:r1038841319\" /></div><div role=\"navigation\" class=\"navbox authority-control\" aria-labelledby=\"Authority_control_databases_frameless&amp;#124;text-top&amp;#124;10px&amp;#124;alt=Edit_this_at_Wikidata&amp;#124;link=https&amp;#58;//www.wikidata.org/wiki/Q1253921#identifiers&amp;#124;class=noprint&amp;#124;Edit_this_at_Wikidata1590\" style=\"padding:3px\"><table class=\"nowraplinks hlist mw-collapsible autocollapse navbox-inner\" style=\"border-spacing:0;background:transparent;color:inherit\"><tbody><tr><th scope=\"col\" class=\"navbox-title\" colspan=\"2\"><div id=\"Authority_control_databases_frameless&amp;#124;text-top&amp;#124;10px&amp;#124;alt=Edit_this_at_Wikidata&amp;#124;link=https&amp;#58;//www.wikidata.org/wiki/Q1253921#identifiers&amp;#124;class=noprint&amp;#124;Edit_this_at_Wikidata1590\" style=\"font-size:114%;margin:0 4em\"><a href=\"/wiki/Help:Authority_control\" title=\"Help:Authority control\">Authority control databases</a> <span class=\"mw-valign-text-top noprint\" typeof=\"mw:File/Frameless\"><a href=\"https://www.wikidata.org/wiki/Q1253921#identifiers\" title=\"Edit this at Wikidata\"><img alt=\"Edit this at Wikidata\" src=\"//upload.wikimedia.org/wikipedia/en/thumb/8/8a/OOjs_UI_icon_edit-ltr-progressive.svg/20px-OOjs_UI_icon_edit-ltr-progressive.svg.png\" decoding=\"async\" width=\"10\" height=\"10\" class=\"mw-file-element\" data-file-width=\"20\" data-file-height=\"20\" /></a></span></div></th></tr><tr><th scope=\"row\" class=\"navbox-group\" style=\"width:1%\">International</th><td class=\"navbox-list-with-group navbox-list navbox-odd\" style=\"width:100%;padding:0\"><div style=\"padding:0 0.25em\"><ul><li><span class=\"uid\"><a rel=\"nofollow\" class=\"external text\" href=\"https://isni.org/isni/0000000121689589\">ISNI</a></span></li><li><span class=\"uid\"><a rel=\"nofollow\" class=\"external text\" href=\"https://viaf.org/viaf/139068171\">VIAF</a></span></li></ul></div></td></tr><tr><th scope=\"row\" class=\"navbox-group\" style=\"width:1%\">National</th><td class=\"navbox-list-with-group navbox-list navbox-even\" style=\"width:100%;padding:0\"><div style=\"padding:0 0.25em\"><ul><li><span class=\"uid\"><a rel=\"nofollow\" class=\"external text\" href=\"https://id.loc.gov/authorities/n93037437\">United States</a></span></li><li><span class=\"uid\"><a rel=\"nofollow\" class=\"external text\" href=\"https://catalogue.bnf.fr/ark:/12148/cb13903063r\">France</a></span></li><li><span class=\"uid\"><a rel=\"nofollow\" class=\"external text\" href=\"https://data.bnf.fr/ark:/12148/cb13903063r\">BnF data</a></span></li><li><span class=\"uid\"><span class=\"rt-commentedText tooltip tooltip-dotted\" title=\"Dr. Hook &amp; the Medicine Show (hudební skupina)\"><a rel=\"nofollow\" class=\"external text\" href=\"https://aleph.nkp.cz/F/?func=find-c&amp;local_base=aut&amp;ccl_term=ica=xx0149992&amp;CON_LNG=ENG\">Czech Republic</a></span></span><ul><li><span class=\"uid\"><span class=\"rt-commentedText tooltip tooltip-dotted\" title=\"Dr. Hook (hudební skupina)\"><a rel=\"nofollow\" class=\"external text\" href=\"https://aleph.nkp.cz/F/?func=find-c&amp;local_base=aut&amp;ccl_term=ica=xx0149991&amp;CON_LNG=ENG\">2</a></span></span></li></ul></li></ul></div></td></tr><tr><th scope=\"row\" class=\"navbox-group\" style=\"width:1%\">Artists</th><td class=\"navbox-list-with-group navbox-list navbox-odd\" style=\"width:100%;padding:0\"><div style=\"padding:0 0.25em\"><ul><li><span class=\"uid\"><a rel=\"nofollow\" class=\"external text\" href=\"https://musicbrainz.org/artist/1c893468-37a9-4fb7-909f-929751a8ebed\">MusicBrainz</a></span></li></ul></div></td></tr><tr><th scope=\"row\" class=\"navbox-group\" style=\"width:1%\">Other</th><td class=\"navbox-list-with-group navbox-list navbox-even\" style=\"width:100%;padding:0\"><div style=\"padding:0 0.25em\"><ul><li><span class=\"uid\"><a rel=\"nofollow\" class=\"external text\" href=\"https://lux.collections.yale.edu/view/group/07992020-a2cb-4bda-81e3-f6b7a9a7b09b\">Yale LUX</a></span></li></ul></div></td></tr></tbody></table></div>\n<!-- \nNewPP limit report\nParsed by mw‐web.codfw.main‐9c75744‐b8nrz\nCached time: 20250928045842\nCache expiry: 2592000\nReduced expiry: false\nComplications: [vary‐revision‐sha1, show‐toc]\nCPU time usage: 0.633 seconds\nReal time usage: 0.814 seconds\nPreprocessor visited node count: 2458/1000000\nRevision size: 23123/2097152 bytes\nPost‐expand include size: 56589/2097152 bytes\nTemplate argument size: 5080/2097152 bytes\nHighest expansion depth: 12/100\nExpensive parser function count: 8/500\nUnstrip recursion depth: 1/20\nUnstrip post‐expand size: 79002/5000000 bytes\nLua time usage: 0.388/10.000 seconds\nLua memory usage: 7093087/52428800 bytes\nNumber of Wikibase entities loaded: 1/500\n-->\n<!--\nTransclusion expansion time report (%,ms,calls,template)\n100.00%  741.865      1 -total\n 26.81%  198.903      1 Template:Reflist\n 18.45%  136.889     11 Template:Cite_web\n 15.99%  118.656      1 Template:Infobox_musical_artist\n 15.05%  111.656      1 Template:Infobox\n 11.77%   87.342      1 Template:Short_description\n  9.19%   68.155      1 Template:Dr._Hook\n  8.83%   65.510      1 Template:Navbox_musical_artist\n  7.15%   53.065      2 Template:Pagetype\n  6.88%   51.016      1 Template:Authority_control\n-->\n\n<!-- Saved in parser cache with key enwiki:pcache:1231144:|#|:idhash:canonical and timestamp 20250928045842 and revision id 1313188089. Rendering was triggered because: page_view\n -->\n</div>"
        }
    }
}