{
    "parse": {
        "title": "England Dan & John Ford Coley",
        "pageid": 5635290,
        "text": {
            "*": "<div class=\"mw-content-ltr mw-parser-output\" lang=\"en\" dir=\"ltr\"><div class=\"shortdescription nomobile noexcerpt noprint searchaux\" style=\"display:none\">American soft rock duo</div>\n<p class=\"mw-empty-elt\">\n</p>\n<style data-mw-deduplicate=\"TemplateStyles:r1126788409\">.mw-parser-output .plainlist ol,.mw-parser-output .plainlist ul{line-height:inherit;list-style:none;margin:0;padding:0}.mw-parser-output .plainlist ol li,.mw-parser-output .plainlist ul li{margin-bottom:0}</style><style data-mw-deduplicate=\"TemplateStyles:r1295905060\">.mw-parser-output .infobox-subbox{padding:0;border:none;margin:-3px;width:auto;min-width:100%;font-size:100%;clear:none;float:none;background-color:transparent}.mw-parser-output .infobox-3cols-child{margin:auto}.mw-parser-output .infobox .navbar{font-size:100%}@media screen{html.skin-theme-clientpref-night .mw-parser-output .infobox-full-data:not(.notheme)>div:not(.notheme)[style]{background:#1f1f23!important;color:#f8f9fa}}@media screen and (prefers-color-scheme:dark){html.skin-theme-clientpref-os .mw-parser-output .infobox-full-data:not(.notheme)>div:not(.notheme)[style]{background:#1f1f23!important;color:#f8f9fa}}@media(min-width:640px){body.skin--responsive .mw-parser-output .infobox-table{display:table!important}body.skin--responsive .mw-parser-output .infobox-table>caption{display:table-caption!important}body.skin--responsive .mw-parser-output .infobox-table>tbody{display:table-row-group}body.skin--responsive .mw-parser-output .infobox-table th,body.skin--responsive .mw-parser-output .infobox-table td{padding-left:inherit;padding-right:inherit}}</style><table class=\"infobox vcard plainlist\"><tbody><tr><th colspan=\"2\" class=\"infobox-above\" style=\"color: #202122;background-color: #b0c4de; font-size: 125%;\"><div class=\"fn org\">England Dan &amp; John Ford Coley</div></th></tr><tr><td colspan=\"2\" class=\"infobox-image\"><span class=\"mw-default-size\" typeof=\"mw:File/Frameless\"><a href=\"/wiki/File:England_Dan_and_John_Ford_Coley_1976.jpg\" class=\"mw-file-description\" title=\"England Dan (left) and John Ford Coley, 1976\"><img alt=\"England Dan (left) and John Ford Coley, 1976\" src=\"//upload.wikimedia.org/wikipedia/commons/thumb/2/24/England_Dan_and_John_Ford_Coley_1976.jpg/250px-England_Dan_and_John_Ford_Coley_1976.jpg\" decoding=\"async\" width=\"250\" height=\"234\" class=\"mw-file-element\" srcset=\"//upload.wikimedia.org/wikipedia/commons/thumb/2/24/England_Dan_and_John_Ford_Coley_1976.jpg/500px-England_Dan_and_John_Ford_Coley_1976.jpg 1.5x\" data-file-width=\"503\" data-file-height=\"470\" /></a></span><div class=\"infobox-caption\">England Dan (left) and John Ford Coley, 1976</div></td></tr><tr><th colspan=\"2\" class=\"infobox-header\" style=\"color: #202122;background-color: #b0c4de\">Background information</th></tr><tr><th scope=\"row\" class=\"infobox-label\">Origin</th><td class=\"infobox-data\"><a href=\"/wiki/Dallas\" title=\"Dallas\">Dallas</a>, <a href=\"/wiki/Texas\" title=\"Texas\">Texas</a>, U.S.</td></tr><tr><th scope=\"row\" class=\"infobox-label\">Genres</th><td class=\"infobox-data\"><a href=\"/wiki/Pop_rock\" title=\"Pop rock\">Pop rock</a>, <a href=\"/wiki/Soft_rock\" title=\"Soft rock\">soft rock</a>, <a href=\"/wiki/Country_rock\" title=\"Country rock\">country rock</a></td></tr><tr><th scope=\"row\" class=\"infobox-label\"><span class=\"nowrap\">Years active</span></th><td class=\"infobox-data\">1970–1980</td></tr><tr><th scope=\"row\" class=\"infobox-label\">Labels</th><td class=\"infobox-data\"><a href=\"/wiki/A%26M_Records\" title=\"A&amp;M Records\">A&amp;M</a>, <a href=\"/wiki/Big_Tree_Records\" title=\"Big Tree Records\">Big Tree Records</a></td></tr><tr><th colspan=\"2\" class=\"infobox-header\" style=\"color: #202122;background-color: #b0c4de\"></th></tr><tr><th scope=\"row\" class=\"infobox-label\"><span class=\"nowrap\">Past members</span></th><td class=\"infobox-data\"><a href=\"/wiki/Dan_Seals\" title=\"Dan Seals\">Dan Seals</a><br /><a href=\"/wiki/John_Ford_Coley\" title=\"John Ford Coley\">John Ford Coley</a></td></tr></tbody></table>\n<p><b>England Dan &amp; John Ford Coley</b> were an American <a href=\"/wiki/Soft_rock\" title=\"Soft rock\">soft rock</a> duo composed of <a href=\"/wiki/Dan_Seals\" title=\"Dan Seals\">Dan Seals</a> and <a href=\"/wiki/John_Ford_Coley\" title=\"John Ford Coley\">John Ford Coley</a>, active throughout the 1970s. Native <a href=\"/wiki/Texas\" title=\"Texas\">Texans</a>, they are best known for their 1976 single \"<a href=\"/wiki/I%27d_Really_Love_to_See_You_Tonight\" title=\"I&#39;d Really Love to See You Tonight\">I'd Really Love to See You Tonight</a>\", a No.&#160;2 hit on the <a href=\"/wiki/Billboard_Hot_100\" title=\"Billboard Hot 100\"><i>Billboard</i> Hot 100</a><sup id=\"cite_ref-1\" class=\"reference\"><a href=\"#cite_note-1\"><span class=\"cite-bracket\">&#91;</span>1<span class=\"cite-bracket\">&#93;</span></a></sup> and a No.&#160;1 <a href=\"/wiki/Hot_Adult_Contemporary_Tracks\" class=\"mw-redirect\" title=\"Hot Adult Contemporary Tracks\">Adult Contemporary</a> hit. After they disbanded, Seals began performing as Dan Seals and launched a <a href=\"/wiki/Country_music\" title=\"Country music\">country music</a> career through the 1980s which produced 11 No.&#160;1 country hits.<sup id=\"cite_ref-2\" class=\"reference\"><a href=\"#cite_note-2\"><span class=\"cite-bracket\">&#91;</span>2<span class=\"cite-bracket\">&#93;</span></a></sup>\n</p>\n\n<div class=\"mw-heading mw-heading2\"><h2 id=\"Career\">Career</h2></div>\n<div class=\"mw-heading mw-heading3\"><h3 id=\"Early_years\">Early years</h3></div>\n<p>The duo began while they were friends and classmates at <a href=\"/wiki/W._W._Samuell_High_School\" title=\"W. W. Samuell High School\">W. W. Samuell High School</a> in <a href=\"/wiki/Dallas\" title=\"Dallas\">Dallas</a>, <a href=\"/wiki/Texas\" title=\"Texas\">Texas</a>, United States. Seals and Coley performed first as part of local cover bands, including Playboys Five and Theze Few. They recorded a series of demos in Nashville as The Shimmerers, but their prospects ended with the death of their producer, before he could secure a recording deal for them. Their next grouping was Dallas pop/psych group <a href=\"/wiki/Southwest_F.O.B.\" title=\"Southwest F.O.B.\">Southwest F.O.B.</a> (\"Freight on Board\"),<sup id=\"cite_ref-Larkin_3-0\" class=\"reference\"><a href=\"#cite_note-Larkin-3\"><span class=\"cite-bracket\">&#91;</span>3<span class=\"cite-bracket\">&#93;</span></a></sup> whose material has been re-released on CD by the <a href=\"/wiki/Sundazed_Music\" title=\"Sundazed Music\">Sundazed</a> label.\n</p><p>Seals was the younger brother of <a href=\"/wiki/Jim_Seals\" title=\"Jim Seals\">Jim Seals</a> of the 1970s <a href=\"/wiki/Soft_rock\" title=\"Soft rock\">soft rock</a> duo <a href=\"/wiki/Seals_and_Crofts\" title=\"Seals and Crofts\">Seals and Crofts</a>.<sup id=\"cite_ref-Larkin_3-1\" class=\"reference\"><a href=\"#cite_note-Larkin-3\"><span class=\"cite-bracket\">&#91;</span>3<span class=\"cite-bracket\">&#93;</span></a></sup> Dan's childhood nickname, given to him by his brother Jim, was \"England Dan\" because he was a <a href=\"/wiki/Fan_(person)\" title=\"Fan (person)\">fan</a> of <a href=\"/wiki/England\" title=\"England\">English</a> rock band <a href=\"/wiki/The_Beatles\" title=\"The Beatles\">The Beatles</a>, and he occasionally adopted an affected <a href=\"/wiki/British_English\" title=\"British English\">English</a> accent. John Colley's last name was re-spelled \"Coley\" for ease of pronunciation; \"Ford\" was added as his middle name for flow purposes, thus England Dan and John Ford Coley.<sup id=\"cite_ref-4\" class=\"reference\"><a href=\"#cite_note-4\"><span class=\"cite-bracket\">&#91;</span>4<span class=\"cite-bracket\">&#93;</span></a></sup>\n</p><p>Both toured the Texas music scene where Southwest F.O.B. had one charting song, \"The Smell of Incense\", which rose to No.&#160;56<sup id=\"cite_ref-5\" class=\"reference\"><a href=\"#cite_note-5\"><span class=\"cite-bracket\">&#91;</span>5<span class=\"cite-bracket\">&#93;</span></a></sup> on the pop chart in 1968. This band played on the bill with such acts as <a href=\"/wiki/Led_Zeppelin\" title=\"Led Zeppelin\">Led Zeppelin</a>. While in the group, Seals and Coley began their own acoustic act, <b>Colley and Wayland</b>. The act was renamed England Dan &amp; John Ford Coley, and the duo signed with <a href=\"/wiki/A%26M_Records\" title=\"A&amp;M Records\">A&amp;M Records</a> in 1970.<sup id=\"cite_ref-Larkin_3-2\" class=\"reference\"><a href=\"#cite_note-Larkin-3\"><span class=\"cite-bracket\">&#91;</span>3<span class=\"cite-bracket\">&#93;</span></a></sup> In 1971 they moved to <a href=\"/wiki/Los_Angeles\" title=\"Los Angeles\">Los Angeles</a> where they opened for numerous bands. Their first break came in 1972, with the song \"Simone\". It became a No.&#160;1 hit in <a href=\"/wiki/Japan\" title=\"Japan\">Japan</a> and also charted in <a href=\"/wiki/France\" title=\"France\">France</a>, but not in the US.\n</p>\n<div class=\"mw-heading mw-heading3\"><h3 id=\"Big_Tree_and_peak_success\">Big Tree and peak success</h3></div>\n<p>The duo was released in 1972 from its contract with A&amp;M after two albums. Undaunted, the pair continued to press on, stumbling upon the song \"<a href=\"/wiki/I%27d_Really_Love_to_See_You_Tonight\" title=\"I&#39;d Really Love to See You Tonight\">I'd Really Love to See You Tonight</a>\", written by a young <a href=\"/wiki/Mississippi\" title=\"Mississippi\">Mississippi</a>-based songwriter, <a href=\"/wiki/Parker_McGee\" title=\"Parker McGee\">Parker McGee</a>.  They recorded a demo and played it in the office of Bob Greenberg, a senior VP at <a href=\"/wiki/Atlantic_Records\" title=\"Atlantic Records\">Atlantic Records</a>. Atlantic had a subsidiary label named <a href=\"/wiki/Big_Tree_Records\" title=\"Big Tree Records\">Big Tree</a> in the same office and Big Tree's founder, <a href=\"/wiki/Doug_Morris\" title=\"Doug Morris\">Doug Morris</a>, had heard the song through the wall and came into the room. When Greenberg decided against it, Morris said \"We want it,\" and offered them a deal.<sup id=\"cite_ref-6\" class=\"reference\"><a href=\"#cite_note-6\"><span class=\"cite-bracket\">&#91;</span>6<span class=\"cite-bracket\">&#93;</span></a></sup>\n</p><p>Dan and John were paired with producer <a href=\"/wiki/Kyle_Lehning\" title=\"Kyle Lehning\">Kyle Lehning</a>, who had also produced McGee's demo. The result was a US #2 hit single in September 1976, which ultimately sold two million copies. July 1976 saw the release of England Dan &amp; John Ford Coley's debut album for Big Tree, <i><a href=\"/wiki/Nights_Are_Forever\" title=\"Nights Are Forever\">Nights Are Forever</a></i>, also produced by Lehning.<sup id=\"cite_ref-Larkin_3-3\" class=\"reference\"><a href=\"#cite_note-Larkin-3\"><span class=\"cite-bracket\">&#91;</span>3<span class=\"cite-bracket\">&#93;</span></a></sup> Their second Big Tree single, \"Nights Are Forever Without You\", also written by Parker McGee, also made the Billboard Top 10.<sup id=\"cite_ref-Larkin_3-4\" class=\"reference\"><a href=\"#cite_note-Larkin-3\"><span class=\"cite-bracket\">&#91;</span>3<span class=\"cite-bracket\">&#93;</span></a></sup> After seeing the duo score a huge hit, A&amp;M capitalized on the success by releasing a compilation album in 1976, <i><a href=\"/wiki/I_Hear_Music_(England_Dan_%26_John_Ford_Coley_album)\" title=\"I Hear Music (England Dan &amp; John Ford Coley album)\">I Hear Music</a></i>, using songs recorded years earlier.\n</p><p>Both Seals and Coley embraced the <a href=\"/wiki/Bah%C3%A1%CA%BC%C3%AD_Faith\" title=\"Baháʼí Faith\">Baháʼí Faith</a> after Seals tried to \"talk some sense\" with his brother Jim, circa 1972.<sup id=\"cite_ref-7\" class=\"reference\"><a href=\"#cite_note-7\"><span class=\"cite-bracket\">&#91;</span>7<span class=\"cite-bracket\">&#93;</span></a></sup> Years later, Coley returned to Christianity,<sup id=\"cite_ref-8\" class=\"reference\"><a href=\"#cite_note-8\"><span class=\"cite-bracket\">&#91;</span>8<span class=\"cite-bracket\">&#93;</span></a></sup> but Seals remained Baháʼí until his death.\n</p><p>Their second Big Tree LP, <i><a href=\"/wiki/Dowdy_Ferry_Road\" title=\"Dowdy Ferry Road\">Dowdy Ferry Road</a></i>, followed in March 1977, yielding the hit singles, \"It's Sad To Belong (To Someone Else)\" (#21) (written by <a href=\"/wiki/Randy_Goodrum\" title=\"Randy Goodrum\">Randy Goodrum</a>) and Coley's \"Gone Too Far\" (#23).<sup id=\"cite_ref-Larkin_3-5\" class=\"reference\"><a href=\"#cite_note-Larkin-3\"><span class=\"cite-bracket\">&#91;</span>3<span class=\"cite-bracket\">&#93;</span></a></sup> The pair are also credited with writing and performing \"It's All Up To You\", the theme song to the 1977 NBC teen drama series <i><a href=\"/wiki/James_at_15\" title=\"James at 15\">James at 15</a></i>.  \n</p><p><i><a href=\"/wiki/Some_Things_Don%27t_Come_Easy\" title=\"Some Things Don&#39;t Come Easy\">Some Things Don't Come Easy</a></i> (March 1978) provided \"<a href=\"/wiki/We%27ll_Never_Have_to_Say_Goodbye_Again\" title=\"We&#39;ll Never Have to Say Goodbye Again\">We'll Never Have to Say Goodbye Again</a>\", which peaked at No. 9 and <i><a href=\"/wiki/Dr._Heckle_and_Mr._Jive_(England_Dan_%26_John_Ford_Coley_album)\" title=\"Dr. Heckle and Mr. Jive (England Dan &amp; John Ford Coley album)\">Dr. Heckle and Mr. Jive</a></i> (March 1979) brought forth \"<a href=\"/wiki/Love_Is_the_Answer_(Utopia_song)\" title=\"Love Is the Answer (Utopia song)\">Love Is the Answer</a>\" (written by <a href=\"/wiki/Todd_Rundgren\" title=\"Todd Rundgren\">Todd Rundgren</a>), which was their last Top 10 hit and their final time in the Top 40 altogether, as follow-up \"What Can I Do With This Broken Heart\" stalled at No. 50 in late 1979.\n</p><p>During their early years on the road, the two performers played as an acoustic duo, but during their \"hit years\" on Big Tree they toured with a backup band that included Danny Gorman (drums, percussion), Bubba Keith (guitar, backing vocals), John Leland (bass), Ovid Stevens (guitar) and Michael Vernacchio (keyboards, synthesizers).        \n</p><p>In March 1980, \"In It For Love\", one of two new recordings added to <i><a href=\"/wiki/The_Best_of_England_Dan_and_John_Ford_Coley\" title=\"The Best of England Dan and John Ford Coley\">The Best of England Dan and John Ford Coley</a></i> (December 1979), managed to reach only #53 as a single. After contributing songs to the movie <i><a href=\"/wiki/Just_Tell_Me_You_Love_Me\" title=\"Just Tell Me You Love Me\">Just Tell Me You Love Me</a></i> in 1980, the pair went their separate ways.\n</p>\n<div class=\"mw-heading mw-heading3\"><h3 id=\"Aftermath\">Aftermath</h3></div>\n<p>The duo split in 1980 when Seals decided to pursue a career in <a href=\"/wiki/Country_music\" title=\"Country music\">country music</a>, where he found success throughout the 1980s,<sup id=\"cite_ref-Larkin_3-6\" class=\"reference\"><a href=\"#cite_note-Larkin-3\"><span class=\"cite-bracket\">&#91;</span>3<span class=\"cite-bracket\">&#93;</span></a></sup> scoring hits such as \"<a href=\"/wiki/Meet_Me_in_Montana\" title=\"Meet Me in Montana\">Meet Me in Montana</a>\" (with <a href=\"/wiki/Marie_Osmond\" title=\"Marie Osmond\">Marie Osmond</a>) and \"<a href=\"/wiki/Bop_(Dan_Seals_song)\" title=\"Bop (Dan Seals song)\">Bop</a>\". Seals died on March 25, 2009, following treatment for <a href=\"/wiki/Mantle_cell_lymphoma\" title=\"Mantle cell lymphoma\">mantle cell lymphoma</a>.\n</p><p>Coley formed another group that released an album on A&amp;M Records: Leslie, Kelly and John Ford Coley (featuring sisters Leslie and Kelly Bulkin),<sup id=\"cite_ref-Larkin_3-7\" class=\"reference\"><a href=\"#cite_note-Larkin-3\"><span class=\"cite-bracket\">&#91;</span>3<span class=\"cite-bracket\">&#93;</span></a></sup> then went on to do television and film appearances in the 1980s. He returned to an active touring schedule in the 1990s and 2000s and was also co-producer for acts such as <a href=\"/wiki/Eddie_Money\" title=\"Eddie Money\">Eddie Money</a> (with <a href=\"/wiki/Vince_Gill\" title=\"Vince Gill\">Vince Gill</a>) and Tom Wurth.\n</p>\n<div class=\"mw-heading mw-heading2\"><h2 id=\"Discography\">Discography</h2></div>\n<div class=\"mw-heading mw-heading3\"><h3 id=\"Albums\">Albums</h3></div>\n<table class=\"wikitable\" border=\"1\">\n\n<tbody><tr>\n<th rowspan=\"2\">Year\n</th>\n<th rowspan=\"2\">Album\n</th>\n<th colspan=\"3\">Chart Positions\n</th>\n<th rowspan=\"2\"><a href=\"/wiki/Recording_Industry_Association_of_America\" title=\"Recording Industry Association of America\">RIAA</a>\n</th>\n<th rowspan=\"2\">Label\n</th></tr>\n<tr>\n<th width=\"50\"><small><a href=\"/wiki/Billboard_200\" title=\"Billboard 200\">US</a></small>\n</th>\n<th width=\"50\"><small><a href=\"/wiki/Kent_Music_Report\" title=\"Kent Music Report\">AUS</a></small><br /><sup id=\"cite_ref-aus_9-0\" class=\"reference\"><a href=\"#cite_note-aus-9\"><span class=\"cite-bracket\">&#91;</span>9<span class=\"cite-bracket\">&#93;</span></a></sup>\n</th>\n<th width=\"50\"><small>CAN</small>\n</th></tr>\n<tr>\n<td>1971\n</td>\n<td><i><a href=\"/wiki/England_Dan_%26_John_Ford_Coley_(album)\" title=\"England Dan &amp; John Ford Coley (album)\">England Dan &amp; John Ford Coley</a></i>\n</td>\n<td align=\"center\">—\n</td>\n<td align=\"center\">—\n</td>\n<td align=\"center\">—\n</td>\n<td align=\"center\">—\n</td>\n<td rowspan=\"3\">A&amp;M\n</td></tr>\n<tr>\n<td>1972\n</td>\n<td><i><a href=\"/wiki/Fables_(England_Dan_%26_John_Ford_Coley_album)\" title=\"Fables (England Dan &amp; John Ford Coley album)\">Fables</a></i>\n</td>\n<td align=\"center\">—\n</td>\n<td align=\"center\">—\n</td>\n<td align=\"center\">—\n</td>\n<td align=\"center\">—\n</td></tr>\n<tr>\n<td rowspan=\"2\">1976\n</td>\n<td><i><a href=\"/wiki/I_Hear_Music_(England_Dan_%26_John_Ford_Coley_album)\" title=\"I Hear Music (England Dan &amp; John Ford Coley album)\">I Hear Music</a></i>\n</td>\n<td align=\"center\">202\n</td>\n<td align=\"center\">—\n</td>\n<td align=\"center\">—\n</td>\n<td align=\"center\">—\n</td></tr>\n<tr>\n<td><i><a href=\"/wiki/Nights_Are_Forever\" title=\"Nights Are Forever\">Nights Are Forever</a></i>\n</td>\n<td align=\"center\">17\n</td>\n<td align=\"center\">68\n</td>\n<td align=\"center\">11\n</td>\n<td align=\"center\">Gold\n</td>\n<td rowspan=\"7\">Big Tree\n</td></tr>\n<tr>\n<td>1977\n</td>\n<td><i><a href=\"/wiki/Dowdy_Ferry_Road\" title=\"Dowdy Ferry Road\">Dowdy Ferry Road</a></i>\n</td>\n<td align=\"center\">80\n</td>\n<td align=\"center\">—\n</td>\n<td align=\"center\">—\n</td>\n<td align=\"center\">—\n</td></tr>\n<tr>\n<td>1978\n</td>\n<td><i><a href=\"/wiki/Some_Things_Don%27t_Come_Easy\" title=\"Some Things Don&#39;t Come Easy\">Some Things Don't Come Easy</a></i>\n</td>\n<td align=\"center\">61\n</td>\n<td align=\"center\">—\n</td>\n<td align=\"center\">73\n</td>\n<td align=\"center\">—\n</td></tr>\n<tr>\n<td rowspan=\"2\">1979\n</td>\n<td><i><a href=\"/wiki/Dr._Heckle_and_Mr._Jive_(England_Dan_%26_John_Ford_Coley_album)\" title=\"Dr. Heckle and Mr. Jive (England Dan &amp; John Ford Coley album)\">Dr. Heckle and Mr. Jive</a></i>\n</td>\n<td align=\"center\">106\n</td>\n<td align=\"center\">69\n</td>\n<td align=\"center\">—\n</td>\n<td align=\"center\">—\n</td></tr>\n<tr>\n<td><i><a href=\"/wiki/The_Best_of_England_Dan_and_John_Ford_Coley\" title=\"The Best of England Dan and John Ford Coley\">The Best of England Dan and John Ford Coley</a></i>\n</td>\n<td align=\"center\">194\n</td>\n<td align=\"center\">—\n</td>\n<td align=\"center\">—\n</td>\n<td align=\"center\">—\n</td></tr>\n<tr>\n<td>1980\n</td>\n<td><i><a href=\"/wiki/Just_Tell_Me_You_Love_Me\" title=\"Just Tell Me You Love Me\">Just Tell Me You Love Me</a></i> <small>(soundtrack)</small> <sup id=\"cite_ref-10\" class=\"reference\"><a href=\"#cite_note-10\"><span class=\"cite-bracket\">&#91;</span>10<span class=\"cite-bracket\">&#93;</span></a></sup>\n</td>\n<td align=\"center\">—\n</td>\n<td align=\"center\">—\n</td>\n<td align=\"center\">—\n</td>\n<td align=\"center\">—\n</td></tr>\n<tr>\n<td>1981\n</td>\n<td><i><a href=\"/wiki/The_Best_of_England_Dan_and_John_Ford_Coley_Vol._2\" title=\"The Best of England Dan and John Ford Coley Vol. 2\">The Best of England Dan and John Ford Coley Vol. 2</a></i>\n</td>\n<td align=\"center\">—\n</td>\n<td align=\"center\">—\n</td>\n<td align=\"center\">—\n</td>\n<td align=\"center\">—\n</td></tr>\n<tr>\n<td>1996\n</td>\n<td><i>The Very Best of England Dan and John Ford Coley</i>\n</td>\n<td align=\"center\">—\n</td>\n<td align=\"center\">—\n</td>\n<td align=\"center\">—\n</td>\n<td align=\"center\">—\n</td>\n<td>Rhino\n</td></tr>\n<tr>\n<td>2015\n</td>\n<td><i>The Atlantic Albums +</i>\n</td>\n<td align=\"center\">—\n</td>\n<td align=\"center\">—\n</td>\n<td align=\"center\">—\n</td>\n<td align=\"center\">—\n</td>\n<td>Edsel\n</td></tr>\n</tbody></table>\n<div class=\"mw-heading mw-heading3\"><h3 id=\"Singles\">Singles</h3></div>\n<table class=\"wikitable\" border=\"1\">\n\n<tbody><tr>\n<th rowspan=\"2\">Year\n</th>\n<th rowspan=\"2\">Single\n</th>\n<th colspan=\"5\">Peak chart positions\n</th>\n<th rowspan=\"2\"><a href=\"/wiki/Recording_Industry_Association_of_America\" title=\"Recording Industry Association of America\">RIAA</a>\n</th>\n<th rowspan=\"2\">Album\n</th></tr>\n<tr>\n<th width=\"45\"><small><a href=\"/wiki/Billboard_Hot_100\" title=\"Billboard Hot 100\">US</a></small>\n</th>\n<th width=\"45\"><small><a href=\"/wiki/Adult_Contemporary_(chart)\" title=\"Adult Contemporary (chart)\">US AC</a></small>\n</th>\n<th width=\"45\"><small>CA</small>\n</th>\n<th width=\"45\"><small>CA AC</small>\n</th>\n<th width=\"45\"><small><a href=\"/wiki/Kent_Music_Report\" title=\"Kent Music Report\">AUS</a></small><sup id=\"cite_ref-aus_9-1\" class=\"reference\"><a href=\"#cite_note-aus-9\"><span class=\"cite-bracket\">&#91;</span>9<span class=\"cite-bracket\">&#93;</span></a></sup>\n</th></tr>\n<tr>\n<td rowspan=\"2\">1972\n</td>\n<td>\"New Jersey\"\n</td>\n<td align=\"center\">103\n</td>\n<td align=\"center\">—\n</td>\n<td align=\"center\">—\n</td>\n<td align=\"center\">—\n</td>\n<td align=\"center\">—\n</td>\n<td align=\"center\">—\n</td>\n<td rowspan=\"2\"><i>Fables</i>\n</td></tr>\n<tr>\n<td>\"Simone\"\n</td>\n<td align=\"center\">—\n</td>\n<td align=\"center\">—\n</td>\n<td align=\"center\">—\n</td>\n<td align=\"center\">—\n</td>\n<td align=\"center\">—\n</td>\n<td align=\"center\">—\n</td></tr>\n<tr>\n<td rowspan=\"2\">1976\n</td>\n<td>\"<a href=\"/wiki/I%27d_Really_Love_to_See_You_Tonight\" title=\"I&#39;d Really Love to See You Tonight\">I'd Really Love to See You Tonight</a>\"\n</td>\n<td align=\"center\">2\n</td>\n<td align=\"center\">1\n</td>\n<td align=\"center\">5\n</td>\n<td align=\"center\">1\n</td>\n<td align=\"center\">25\n</td>\n<td align=\"center\">Gold\n</td>\n<td rowspan=\"2\"><i>Nights Are Forever</i>\n</td></tr>\n<tr>\n<td>\"<a href=\"/wiki/Nights_Are_Forever_Without_You\" title=\"Nights Are Forever Without You\">Nights Are Forever Without You</a>\"\n</td>\n<td align=\"center\">10\n</td>\n<td align=\"center\">6\n</td>\n<td align=\"center\">10\n</td>\n<td align=\"center\">4\n</td>\n<td align=\"center\">92\n</td>\n<td align=\"center\">—\n</td></tr>\n<tr>\n<td rowspan=\"2\">1977\n</td>\n<td>\"<a href=\"/wiki/It%27s_Sad_to_Belong\" title=\"It&#39;s Sad to Belong\">It's Sad to Belong</a>\"\n</td>\n<td align=\"center\">21\n</td>\n<td align=\"center\">1\n</td>\n<td align=\"center\">9\n</td>\n<td align=\"center\">1\n</td>\n<td align=\"center\">90\n</td>\n<td align=\"center\">—\n</td>\n<td rowspan=\"2\"><i>Dowdy Ferry Road</i>\n</td></tr>\n<tr>\n<td>\"Gone Too Far\"\n</td>\n<td align=\"center\">23\n</td>\n<td align=\"center\">8\n</td>\n<td align=\"center\">15\n</td>\n<td align=\"center\">11\n</td>\n<td align=\"center\">71\n</td>\n<td align=\"center\">—\n</td></tr>\n<tr>\n<td rowspan=\"4\">1978\n</td>\n<td>\"<a href=\"/wiki/We%27ll_Never_Have_to_Say_Goodbye_Again\" title=\"We&#39;ll Never Have to Say Goodbye Again\">We'll Never Have to Say Goodbye Again</a>\"\n</td>\n<td align=\"center\">9\n</td>\n<td align=\"center\">1\n</td>\n<td align=\"center\">11\n</td>\n<td align=\"center\">2\n</td>\n<td align=\"center\">—\n</td>\n<td align=\"center\">—\n</td>\n<td rowspan=\"3\"><i>Some Things Don't Come Easy</i>\n</td></tr>\n<tr>\n<td>\"You Can't Dance\"\n</td>\n<td align=\"center\">49\n</td>\n<td align=\"center\">22\n</td>\n<td align=\"center\">62\n</td>\n<td align=\"center\">34\n</td>\n<td align=\"center\">—\n</td>\n<td align=\"center\">—\n</td></tr>\n<tr>\n<td>\"If the World Ran Out of Love Tonight\"\n</td>\n<td align=\"center\">—\n</td>\n<td align=\"center\">41\n</td>\n<td align=\"center\">—\n</td>\n<td align=\"center\">—\n</td>\n<td align=\"center\">—\n</td>\n<td align=\"center\">—\n</td></tr>\n<tr>\n<td>\"Westward Wind\"\n</td>\n<td align=\"center\">—\n</td>\n<td align=\"center\">30\n</td>\n<td align=\"center\">—\n</td>\n<td align=\"center\">—\n</td>\n<td align=\"center\">—\n</td>\n<td align=\"center\">—\n</td>\n<td><i>Nights Are Forever</i>\n</td></tr>\n<tr>\n<td rowspan=\"2\">1979\n</td>\n<td>\"<a href=\"/wiki/Love_Is_the_Answer_(Utopia_song)\" title=\"Love Is the Answer (Utopia song)\">Love Is the Answer</a>\"\n</td>\n<td align=\"center\">10\n</td>\n<td align=\"center\">1\n</td>\n<td align=\"center\">33\n</td>\n<td align=\"center\">18\n</td>\n<td align=\"center\">79\n</td>\n<td align=\"center\">—\n</td>\n<td rowspan=\"2\"><i>Dr. Heckle &amp; Mr. Jive</i>\n</td></tr>\n<tr>\n<td>\"What Can I Do with This Broken Heart\"\n</td>\n<td align=\"center\">50\n</td>\n<td align=\"center\">12\n</td>\n<td align=\"center\">—\n</td>\n<td align=\"center\">—\n</td>\n<td align=\"center\">—\n</td>\n<td align=\"center\">—\n</td></tr>\n<tr>\n<td>1980\n</td>\n<td>\"In It for Love\"\n</td>\n<td align=\"center\">75\n</td>\n<td align=\"center\">45\n</td>\n<td align=\"center\">—\n</td>\n<td align=\"center\">—\n</td>\n<td align=\"center\">—\n</td>\n<td align=\"center\">—\n</td>\n<td><i><a href=\"/wiki/The_Best_of_England_Dan_and_John_Ford_Coley\" title=\"The Best of England Dan and John Ford Coley\">The Best of England Dan and John Ford Coley</a></i>\n</td></tr>\n<tr>\n<td>1981\n</td>\n<td>\"Part of Me Part of You\"\n</td>\n<td align=\"center\">—\n</td>\n<td align=\"center\">42\n</td>\n<td align=\"center\">—\n</td>\n<td align=\"center\">—\n</td>\n<td align=\"center\">—\n</td>\n<td align=\"center\">—\n</td>\n<td><i><a href=\"/wiki/Just_Tell_Me_You_Love_Me\" title=\"Just Tell Me You Love Me\">Just Tell Me You Love Me</a></i> <small>(soundtrack)</small>\n</td></tr></tbody></table>\n<div class=\"mw-heading mw-heading2\"><h2 id=\"References\">References</h2></div>\n<style data-mw-deduplicate=\"TemplateStyles:r1239543626\">.mw-parser-output .reflist{margin-bottom:0.5em;list-style-type:decimal}@media screen{.mw-parser-output .reflist{font-size:90%}}.mw-parser-output .reflist .references{font-size:100%;margin-bottom:0;list-style-type:inherit}.mw-parser-output .reflist-columns-2{column-width:30em}.mw-parser-output .reflist-columns-3{column-width:25em}.mw-parser-output .reflist-columns{margin-top:0.3em}.mw-parser-output .reflist-columns ol{margin-top:0}.mw-parser-output .reflist-columns li{page-break-inside:avoid;break-inside:avoid-column}.mw-parser-output .reflist-upper-alpha{list-style-type:upper-alpha}.mw-parser-output .reflist-upper-roman{list-style-type:upper-roman}.mw-parser-output .reflist-lower-alpha{list-style-type:lower-alpha}.mw-parser-output .reflist-lower-greek{list-style-type:lower-greek}.mw-parser-output .reflist-lower-roman{list-style-type:lower-roman}</style><div class=\"reflist\">\n<div class=\"mw-references-wrap\"><ol class=\"references\">\n<li id=\"cite_note-1\"><span class=\"mw-cite-backlink\"><b><a href=\"#cite_ref-1\">^</a></b></span> <span class=\"reference-text\"><style data-mw-deduplicate=\"TemplateStyles:r1238218222\">.mw-parser-output cite.citation{font-style:inherit;word-wrap:break-word}.mw-parser-output .citation q{quotes:\"\\\"\"\"\\\"\"\"'\"\"'\"}.mw-parser-output .citation:target{background-color:rgba(0,127,255,0.133)}.mw-parser-output .id-lock-free.id-lock-free a{background:url(\"//upload.wikimedia.org/wikipedia/commons/6/65/Lock-green.svg\")right 0.1em center/9px no-repeat}.mw-parser-output .id-lock-limited.id-lock-limited a,.mw-parser-output .id-lock-registration.id-lock-registration a{background:url(\"//upload.wikimedia.org/wikipedia/commons/d/d6/Lock-gray-alt-2.svg\")right 0.1em center/9px no-repeat}.mw-parser-output .id-lock-subscription.id-lock-subscription a{background:url(\"//upload.wikimedia.org/wikipedia/commons/a/aa/Lock-red-alt-2.svg\")right 0.1em center/9px no-repeat}.mw-parser-output .cs1-ws-icon a{background:url(\"//upload.wikimedia.org/wikipedia/commons/4/4c/Wikisource-logo.svg\")right 0.1em center/12px no-repeat}body:not(.skin-timeless):not(.skin-minerva) .mw-parser-output .id-lock-free a,body:not(.skin-timeless):not(.skin-minerva) .mw-parser-output .id-lock-limited a,body:not(.skin-timeless):not(.skin-minerva) .mw-parser-output .id-lock-registration a,body:not(.skin-timeless):not(.skin-minerva) .mw-parser-output .id-lock-subscription a,body:not(.skin-timeless):not(.skin-minerva) .mw-parser-output .cs1-ws-icon a{background-size:contain;padding:0 1em 0 0}.mw-parser-output .cs1-code{color:inherit;background:inherit;border:none;padding:inherit}.mw-parser-output .cs1-hidden-error{display:none;color:var(--color-error,#d33)}.mw-parser-output .cs1-visible-error{color:var(--color-error,#d33)}.mw-parser-output .cs1-maint{display:none;color:#085;margin-left:0.3em}.mw-parser-output .cs1-kern-left{padding-left:0.2em}.mw-parser-output .cs1-kern-right{padding-right:0.2em}.mw-parser-output .citation .mw-selflink{font-weight:inherit}@media screen{.mw-parser-output .cs1-format{font-size:95%}html.skin-theme-clientpref-night .mw-parser-output .cs1-maint{color:#18911f}}@media screen and (prefers-color-scheme:dark){html.skin-theme-clientpref-os .mw-parser-output .cs1-maint{color:#18911f}}</style><cite class=\"citation web cs1\"><a rel=\"nofollow\" class=\"external text\" href=\"https://www.billboard.com/music/england-dan-john-ford-coley\">\"England Dan &amp; John Ford Coley&#160;: Chart history\"</a>. <i>Billboard.com</i><span class=\"reference-accessdate\">. Retrieved <span class=\"nowrap\">October 12,</span> 2019</span>.</cite><span title=\"ctx_ver=Z39.88-2004&amp;rft_val_fmt=info%3Aofi%2Ffmt%3Akev%3Amtx%3Ajournal&amp;rft.genre=unknown&amp;rft.jtitle=Billboard.com&amp;rft.atitle=England+Dan+%26+John+Ford+Coley+%3A+Chart+history&amp;rft_id=https%3A%2F%2Fwww.billboard.com%2Fmusic%2Fengland-dan-john-ford-coley&amp;rfr_id=info%3Asid%2Fen.wikipedia.org%3AEngland+Dan+%26+John+Ford+Coley\" class=\"Z3988\"></span></span>\n</li>\n<li id=\"cite_note-2\"><span class=\"mw-cite-backlink\"><b><a href=\"#cite_ref-2\">^</a></b></span> <span class=\"reference-text\"><link rel=\"mw-deduplicated-inline-style\" href=\"mw-data:TemplateStyles:r1238218222\" /><cite class=\"citation web cs1\"><a rel=\"nofollow\" class=\"external text\" href=\"https://www.allmusic.com/artist/england-dan-john-ford-coley-mn0000196993/biography\">\"England Dan &amp; John Ford Coley&#160;: Biography\"</a>. <i><a href=\"/wiki/AllMusic\" title=\"AllMusic\">AllMusic</a></i><span class=\"reference-accessdate\">. Retrieved <span class=\"nowrap\">October 12,</span> 2019</span>.</cite><span title=\"ctx_ver=Z39.88-2004&amp;rft_val_fmt=info%3Aofi%2Ffmt%3Akev%3Amtx%3Ajournal&amp;rft.genre=unknown&amp;rft.jtitle=AllMusic&amp;rft.atitle=England+Dan+%26+John+Ford+Coley+%3A+Biography&amp;rft_id=https%3A%2F%2Fwww.allmusic.com%2Fartist%2Fengland-dan-john-ford-coley-mn0000196993%2Fbiography&amp;rfr_id=info%3Asid%2Fen.wikipedia.org%3AEngland+Dan+%26+John+Ford+Coley\" class=\"Z3988\"></span></span>\n</li>\n<li id=\"cite_note-Larkin-3\"><span class=\"mw-cite-backlink\">^ <a href=\"#cite_ref-Larkin_3-0\"><sup><i><b>a</b></i></sup></a> <a href=\"#cite_ref-Larkin_3-1\"><sup><i><b>b</b></i></sup></a> <a href=\"#cite_ref-Larkin_3-2\"><sup><i><b>c</b></i></sup></a> <a href=\"#cite_ref-Larkin_3-3\"><sup><i><b>d</b></i></sup></a> <a href=\"#cite_ref-Larkin_3-4\"><sup><i><b>e</b></i></sup></a> <a href=\"#cite_ref-Larkin_3-5\"><sup><i><b>f</b></i></sup></a> <a href=\"#cite_ref-Larkin_3-6\"><sup><i><b>g</b></i></sup></a> <a href=\"#cite_ref-Larkin_3-7\"><sup><i><b>h</b></i></sup></a></span> <span class=\"reference-text\"><link rel=\"mw-deduplicated-inline-style\" href=\"mw-data:TemplateStyles:r1238218222\" /><cite id=\"CITEREFColin_Larkin1997\" class=\"citation book cs1\"><a href=\"/wiki/Colin_Larkin_(writer)\" class=\"mw-redirect\" title=\"Colin Larkin (writer)\">Colin Larkin</a>, ed. (1997). <i><a href=\"/wiki/Encyclopedia_of_Popular_Music\" class=\"mw-redirect\" title=\"Encyclopedia of Popular Music\">The Virgin Encyclopedia of Popular Music</a></i> (Concise&#160;ed.). <a href=\"/wiki/Virgin_Books\" title=\"Virgin Books\">Virgin Books</a>. p.&#160;431. <a href=\"/wiki/ISBN_(identifier)\" class=\"mw-redirect\" title=\"ISBN (identifier)\">ISBN</a>&#160;<a href=\"/wiki/Special:BookSources/1-85227-745-9\" title=\"Special:BookSources/1-85227-745-9\"><bdi>1-85227-745-9</bdi></a>.</cite><span title=\"ctx_ver=Z39.88-2004&amp;rft_val_fmt=info%3Aofi%2Ffmt%3Akev%3Amtx%3Abook&amp;rft.genre=book&amp;rft.btitle=The+Virgin+Encyclopedia+of+Popular+Music&amp;rft.pages=431&amp;rft.edition=Concise&amp;rft.pub=Virgin+Books&amp;rft.date=1997&amp;rft.isbn=1-85227-745-9&amp;rfr_id=info%3Asid%2Fen.wikipedia.org%3AEngland+Dan+%26+John+Ford+Coley\" class=\"Z3988\"></span></span>\n</li>\n<li id=\"cite_note-4\"><span class=\"mw-cite-backlink\"><b><a href=\"#cite_ref-4\">^</a></b></span> <span class=\"reference-text\"><link rel=\"mw-deduplicated-inline-style\" href=\"mw-data:TemplateStyles:r1238218222\" /><cite class=\"citation web cs1\"><a rel=\"nofollow\" class=\"external text\" href=\"http://www.bluedesert.dk/dancoley.html\">\"ENGLAND DAN &amp; JOHN FORD COLEY\"</a>. <i>Bluedesert.dk</i><span class=\"reference-accessdate\">. Retrieved <span class=\"nowrap\">October 12,</span> 2019</span>.</cite><span title=\"ctx_ver=Z39.88-2004&amp;rft_val_fmt=info%3Aofi%2Ffmt%3Akev%3Amtx%3Ajournal&amp;rft.genre=unknown&amp;rft.jtitle=Bluedesert.dk&amp;rft.atitle=ENGLAND+DAN+%26+JOHN+FORD+COLEY&amp;rft_id=http%3A%2F%2Fwww.bluedesert.dk%2Fdancoley.html&amp;rfr_id=info%3Asid%2Fen.wikipedia.org%3AEngland+Dan+%26+John+Ford+Coley\" class=\"Z3988\"></span></span>\n</li>\n<li id=\"cite_note-5\"><span class=\"mw-cite-backlink\"><b><a href=\"#cite_ref-5\">^</a></b></span> <span class=\"reference-text\"><link rel=\"mw-deduplicated-inline-style\" href=\"mw-data:TemplateStyles:r1238218222\" /><cite id=\"CITEREFWhitburn1997\" class=\"citation book cs1\"><a href=\"/wiki/Joel_Whitburn\" title=\"Joel Whitburn\">Whitburn, Joel</a> (1997). <i>Joel Whitburn's Top Pop Singles 1955-1996</i>. Record Research Inc. p.&#160;572. <a href=\"/wiki/ISBN_(identifier)\" class=\"mw-redirect\" title=\"ISBN (identifier)\">ISBN</a>&#160;<a href=\"/wiki/Special:BookSources/0-89820-123-3\" title=\"Special:BookSources/0-89820-123-3\"><bdi>0-89820-123-3</bdi></a>.</cite><span title=\"ctx_ver=Z39.88-2004&amp;rft_val_fmt=info%3Aofi%2Ffmt%3Akev%3Amtx%3Abook&amp;rft.genre=book&amp;rft.btitle=Joel+Whitburn%27s+Top+Pop+Singles+1955-1996&amp;rft.pages=572&amp;rft.pub=Record+Research+Inc.&amp;rft.date=1997&amp;rft.isbn=0-89820-123-3&amp;rft.aulast=Whitburn&amp;rft.aufirst=Joel&amp;rfr_id=info%3Asid%2Fen.wikipedia.org%3AEngland+Dan+%26+John+Ford+Coley\" class=\"Z3988\"></span></span>\n</li>\n<li id=\"cite_note-6\"><span class=\"mw-cite-backlink\"><b><a href=\"#cite_ref-6\">^</a></b></span> <span class=\"reference-text\">Barry Alfonso, essay in the booklet for <i>The Very Best of England Dan &amp; John Ford Coley</i>, Rhino Records, 1996, p. 5</span>\n</li>\n<li id=\"cite_note-7\"><span class=\"mw-cite-backlink\"><b><a href=\"#cite_ref-7\">^</a></b></span> <span class=\"reference-text\"><a href=\"/wiki/Casey_Kasem\" title=\"Casey Kasem\">Casey Kasem</a>, <a href=\"/wiki/American_Top_40\" title=\"American Top 40\">American Top 40</a>, 30 July 1977</span>\n</li>\n<li id=\"cite_note-8\"><span class=\"mw-cite-backlink\"><b><a href=\"#cite_ref-8\">^</a></b></span> <span class=\"reference-text\"><link rel=\"mw-deduplicated-inline-style\" href=\"mw-data:TemplateStyles:r1238218222\" /><cite class=\"citation web cs1\"><a rel=\"nofollow\" class=\"external text\" href=\"http://kool1017.com/john-ford-coley-comes-full-circle-to-play-what-got-him-started-but-with-lessons-on-the-way/\">\"John Ford Coley Comes Full Circle to Play What Got Him Started But with Lessons on the Way\"</a>. Kool 101.7. July 9, 2013<span class=\"reference-accessdate\">. Retrieved <span class=\"nowrap\">July 28,</span> 2018</span>.</cite><span title=\"ctx_ver=Z39.88-2004&amp;rft_val_fmt=info%3Aofi%2Ffmt%3Akev%3Amtx%3Abook&amp;rft.genre=unknown&amp;rft.btitle=John+Ford+Coley+Comes+Full+Circle+to+Play+What+Got+Him+Started+But+with+Lessons+on+the+Way&amp;rft.pub=Kool+101.7&amp;rft.date=2013-07-09&amp;rft_id=http%3A%2F%2Fkool1017.com%2Fjohn-ford-coley-comes-full-circle-to-play-what-got-him-started-but-with-lessons-on-the-way%2F&amp;rfr_id=info%3Asid%2Fen.wikipedia.org%3AEngland+Dan+%26+John+Ford+Coley\" class=\"Z3988\"></span></span>\n</li>\n<li id=\"cite_note-aus-9\"><span class=\"mw-cite-backlink\">^ <a href=\"#cite_ref-aus_9-0\"><sup><i><b>a</b></i></sup></a> <a href=\"#cite_ref-aus_9-1\"><sup><i><b>b</b></i></sup></a></span> <span class=\"reference-text\"><link rel=\"mw-deduplicated-inline-style\" href=\"mw-data:TemplateStyles:r1238218222\" /><cite id=\"CITEREFKent1993\" class=\"citation book cs1\"><a href=\"/wiki/David_Kent_(historian)\" title=\"David Kent (historian)\">Kent, David</a> (1993). <i>Australian Chart Book 1970–1992</i> (illustrated&#160;ed.). St Ives, N.S.W.: Australian Chart Book. p.&#160;103. <a href=\"/wiki/ISBN_(identifier)\" class=\"mw-redirect\" title=\"ISBN (identifier)\">ISBN</a>&#160;<a href=\"/wiki/Special:BookSources/0-646-11917-6\" title=\"Special:BookSources/0-646-11917-6\"><bdi>0-646-11917-6</bdi></a>.</cite><span title=\"ctx_ver=Z39.88-2004&amp;rft_val_fmt=info%3Aofi%2Ffmt%3Akev%3Amtx%3Abook&amp;rft.genre=book&amp;rft.btitle=Australian+Chart+Book+1970%E2%80%931992&amp;rft.place=St+Ives%2C+N.S.W.&amp;rft.pages=103&amp;rft.edition=illustrated&amp;rft.pub=Australian+Chart+Book&amp;rft.date=1993&amp;rft.isbn=0-646-11917-6&amp;rft.aulast=Kent&amp;rft.aufirst=David&amp;rfr_id=info%3Asid%2Fen.wikipedia.org%3AEngland+Dan+%26+John+Ford+Coley\" class=\"Z3988\"></span></span>\n</li>\n<li id=\"cite_note-10\"><span class=\"mw-cite-backlink\"><b><a href=\"#cite_ref-10\">^</a></b></span> <span class=\"reference-text\"><link rel=\"mw-deduplicated-inline-style\" href=\"mw-data:TemplateStyles:r1238218222\" /><cite class=\"citation web cs1\"><a rel=\"nofollow\" class=\"external text\" href=\"https://web.archive.org/web/20201010065514/https://www.varesesarabande.com/products/england-dan-john-ford-coley\">\"England Dan &amp; John Ford Coley&#160;: Original Motion Picture Soundtrack\"</a>. <i>Varesesarabande.com</i>. Archived from <a rel=\"nofollow\" class=\"external text\" href=\"https://www.varesesarabande.com/products/england-dan-john-ford-coley\">the original</a> on October 10, 2020<span class=\"reference-accessdate\">. Retrieved <span class=\"nowrap\">October 12,</span> 2019</span>.</cite><span title=\"ctx_ver=Z39.88-2004&amp;rft_val_fmt=info%3Aofi%2Ffmt%3Akev%3Amtx%3Ajournal&amp;rft.genre=unknown&amp;rft.jtitle=Varesesarabande.com&amp;rft.atitle=England+Dan+%26+John+Ford+Coley+%3A+Original+Motion+Picture+Soundtrack&amp;rft_id=https%3A%2F%2Fwww.varesesarabande.com%2Fproducts%2Fengland-dan-john-ford-coley&amp;rfr_id=info%3Asid%2Fen.wikipedia.org%3AEngland+Dan+%26+John+Ford+Coley\" class=\"Z3988\"></span></span>\n</li>\n</ol></div></div>\n<div class=\"mw-heading mw-heading2\"><h2 id=\"Other_sources\">Other sources</h2></div>\n<ul><li><a href=\"/wiki/Norm_N._Nite\" title=\"Norm N. Nite\">Nite, Norm N.</a> and Newman, Ralph M.: <i>ROCK ON: The Illustrated Encyclopedia Of Rock N' Roll; Volume II</i>: Thomas Y. Crowell: 1978, p.&#160;152. <link rel=\"mw-deduplicated-inline-style\" href=\"mw-data:TemplateStyles:r1238218222\" /><a href=\"/wiki/ISBN_(identifier)\" class=\"mw-redirect\" title=\"ISBN (identifier)\">ISBN</a>&#160;<a href=\"/wiki/Special:BookSources/9780690011968\" title=\"Special:BookSources/9780690011968\"><bdi>9780690011968</bdi></a></li></ul>\n<div class=\"mw-heading mw-heading2\"><h2 id=\"External_links\">External links</h2></div>\n<ul><li><a rel=\"nofollow\" class=\"external text\" href=\"http://www.johnfordcoley.com\">Official website of John Ford Coley</a></li>\n<li><a rel=\"nofollow\" class=\"external text\" href=\"http://www.classicbands.com/england.html\">England Dan and John Ford Coley biography</a> at ClassicBands.com</li>\n<li><a rel=\"nofollow\" class=\"external text\" href=\"https://www.youtube.com/channel/UCvDQz5K-EtXNlNFdZ0BdKYg\">Official YouTube channel</a></li></ul>\n<div class=\"navbox-styles\"><style data-mw-deduplicate=\"TemplateStyles:r1129693374\">.mw-parser-output .hlist dl,.mw-parser-output .hlist ol,.mw-parser-output .hlist ul{margin:0;padding:0}.mw-parser-output .hlist dd,.mw-parser-output .hlist dt,.mw-parser-output .hlist li{margin:0;display:inline}.mw-parser-output .hlist.inline,.mw-parser-output .hlist.inline dl,.mw-parser-output .hlist.inline ol,.mw-parser-output .hlist.inline ul,.mw-parser-output .hlist dl dl,.mw-parser-output .hlist dl ol,.mw-parser-output .hlist dl ul,.mw-parser-output .hlist ol dl,.mw-parser-output .hlist ol ol,.mw-parser-output .hlist ol ul,.mw-parser-output .hlist ul dl,.mw-parser-output .hlist ul ol,.mw-parser-output .hlist ul ul{display:inline}.mw-parser-output .hlist .mw-empty-li{display:none}.mw-parser-output .hlist dt::after{content:\": \"}.mw-parser-output .hlist dd::after,.mw-parser-output .hlist li::after{content:\" · \";font-weight:bold}.mw-parser-output .hlist dd:last-child::after,.mw-parser-output .hlist dt:last-child::after,.mw-parser-output .hlist li:last-child::after{content:none}.mw-parser-output .hlist dd dd:first-child::before,.mw-parser-output .hlist dd dt:first-child::before,.mw-parser-output .hlist dd li:first-child::before,.mw-parser-output .hlist dt dd:first-child::before,.mw-parser-output .hlist dt dt:first-child::before,.mw-parser-output .hlist dt li:first-child::before,.mw-parser-output .hlist li dd:first-child::before,.mw-parser-output .hlist li dt:first-child::before,.mw-parser-output .hlist li li:first-child::before{content:\" (\";font-weight:normal}.mw-parser-output .hlist dd dd:last-child::after,.mw-parser-output .hlist dd dt:last-child::after,.mw-parser-output .hlist dd li:last-child::after,.mw-parser-output .hlist dt dd:last-child::after,.mw-parser-output .hlist dt dt:last-child::after,.mw-parser-output .hlist dt li:last-child::after,.mw-parser-output .hlist li dd:last-child::after,.mw-parser-output .hlist li dt:last-child::after,.mw-parser-output .hlist li li:last-child::after{content:\")\";font-weight:normal}.mw-parser-output .hlist ol{counter-reset:listitem}.mw-parser-output .hlist ol>li{counter-increment:listitem}.mw-parser-output .hlist ol>li::before{content:\" \"counter(listitem)\"\\a0 \"}.mw-parser-output .hlist dd ol>li:first-child::before,.mw-parser-output .hlist dt ol>li:first-child::before,.mw-parser-output .hlist li ol>li:first-child::before{content:\" (\"counter(listitem)\"\\a0 \"}</style><style data-mw-deduplicate=\"TemplateStyles:r1236075235\">.mw-parser-output .navbox{box-sizing:border-box;border:1px solid #a2a9b1;width:100%;clear:both;font-size:88%;text-align:center;padding:1px;margin:1em auto 0}.mw-parser-output .navbox .navbox{margin-top:0}.mw-parser-output .navbox+.navbox,.mw-parser-output .navbox+.navbox-styles+.navbox{margin-top:-1px}.mw-parser-output .navbox-inner,.mw-parser-output .navbox-subgroup{width:100%}.mw-parser-output .navbox-group,.mw-parser-output .navbox-title,.mw-parser-output .navbox-abovebelow{padding:0.25em 1em;line-height:1.5em;text-align:center}.mw-parser-output .navbox-group{white-space:nowrap;text-align:right}.mw-parser-output .navbox,.mw-parser-output .navbox-subgroup{background-color:#fdfdfd}.mw-parser-output .navbox-list{line-height:1.5em;border-color:#fdfdfd}.mw-parser-output .navbox-list-with-group{text-align:left;border-left-width:2px;border-left-style:solid}.mw-parser-output tr+tr>.navbox-abovebelow,.mw-parser-output tr+tr>.navbox-group,.mw-parser-output tr+tr>.navbox-image,.mw-parser-output tr+tr>.navbox-list{border-top:2px solid #fdfdfd}.mw-parser-output .navbox-title{background-color:#ccf}.mw-parser-output .navbox-abovebelow,.mw-parser-output .navbox-group,.mw-parser-output .navbox-subgroup .navbox-title{background-color:#ddf}.mw-parser-output .navbox-subgroup .navbox-group,.mw-parser-output .navbox-subgroup .navbox-abovebelow{background-color:#e6e6ff}.mw-parser-output .navbox-even{background-color:#f7f7f7}.mw-parser-output .navbox-odd{background-color:transparent}.mw-parser-output .navbox .hlist td dl,.mw-parser-output .navbox .hlist td ol,.mw-parser-output .navbox .hlist td ul,.mw-parser-output .navbox td.hlist dl,.mw-parser-output .navbox td.hlist ol,.mw-parser-output .navbox td.hlist ul{padding:0.125em 0}.mw-parser-output .navbox .navbar{display:block;font-size:100%}.mw-parser-output .navbox-title .navbar{float:left;text-align:left;margin-right:0.5em}body.skin--responsive .mw-parser-output .navbox-image img{max-width:none!important}@media print{body.ns-0 .mw-parser-output .navbox{display:none!important}}</style><style data-mw-deduplicate=\"TemplateStyles:r1256394678\">@media screen{.mw-parser-output .navbox-musical-artist-solo .navbox-title{background-color:#f0e68c}.mw-parser-output .navbox-musical-artist-non-vocal .navbox-title{background-color:#f4bf92}.mw-parser-output .navbox-musical-artist-non-perform .navbox-title{background-color:#bfe0bf}.mw-parser-output .navbox-musical-artist-group .navbox-title{background-color:#b0c4de}.mw-parser-output .navbox-musical-artist-cover .navbox-title{background-color:#d8bfd8}.mw-parser-output .navbox-musical-artist-classical .navbox-title{background-color:#b0e0e6}.mw-parser-output .navbox-musical-artist-temp .navbox-title{background-color:#d3d3d3}.mw-parser-output .navbox-musical-artist .navbox-group,.mw-parser-output .navbox-musical-artist .navbox-abovebelow{background-color:var(--background-color-neutral,#eaecf0)}html.skin-theme-clienpref-night .mw-parser-output .navbox-musical-artist .navbox-title{background-color:inherit}}@media screen and (prefers-color-scheme:dark){html.skin-theme-clienpref-os .mw-parser-output .navbox-musical-artist .navbox-title{background-color:inherit}}</style></div><div role=\"navigation\" class=\"navbox navbox-musical-artist navbox-musical-artist-group\" aria-labelledby=\"England_Dan_&amp;amp;_John_Ford_Coley1060\" style=\"padding:3px\"><table class=\"nowraplinks vcard hlist mw-collapsible autocollapse navbox-inner\" style=\"border-spacing:0;background:transparent;color:inherit\"><tbody><tr><th scope=\"col\" class=\"navbox-title\" colspan=\"2\"><link rel=\"mw-deduplicated-inline-style\" href=\"mw-data:TemplateStyles:r1129693374\" /><style data-mw-deduplicate=\"TemplateStyles:r1239400231\">.mw-parser-output .navbar{display:inline;font-size:88%;font-weight:normal}.mw-parser-output .navbar-collapse{float:left;text-align:left}.mw-parser-output .navbar-boxtext{word-spacing:0}.mw-parser-output .navbar ul{display:inline-block;white-space:nowrap;line-height:inherit}.mw-parser-output .navbar-brackets::before{margin-right:-0.125em;content:\"[ \"}.mw-parser-output .navbar-brackets::after{margin-left:-0.125em;content:\" ]\"}.mw-parser-output .navbar li{word-spacing:-0.125em}.mw-parser-output .navbar a>span,.mw-parser-output .navbar a>abbr{text-decoration:inherit}.mw-parser-output .navbar-mini abbr{font-variant:small-caps;border-bottom:none;text-decoration:none;cursor:inherit}.mw-parser-output .navbar-ct-full{font-size:114%;margin:0 7em}.mw-parser-output .navbar-ct-mini{font-size:114%;margin:0 4em}html.skin-theme-clientpref-night .mw-parser-output .navbar li a abbr{color:var(--color-base)!important}@media(prefers-color-scheme:dark){html.skin-theme-clientpref-os .mw-parser-output .navbar li a abbr{color:var(--color-base)!important}}@media print{.mw-parser-output .navbar{display:none!important}}</style><div class=\"navbar plainlinks hlist navbar-mini\"><ul><li class=\"nv-view\"><a href=\"/wiki/Template:England_Dan_%26_John_Ford_Coley\" title=\"Template:England Dan &amp; John Ford Coley\"><abbr title=\"View this template\">v</abbr></a></li><li class=\"nv-talk\"><a href=\"/wiki/Template_talk:England_Dan_%26_John_Ford_Coley\" title=\"Template talk:England Dan &amp; John Ford Coley\"><abbr title=\"Discuss this template\">t</abbr></a></li><li class=\"nv-edit\"><a href=\"/wiki/Special:EditPage/Template:England_Dan_%26_John_Ford_Coley\" title=\"Special:EditPage/Template:England Dan &amp; John Ford Coley\"><abbr title=\"Edit this template\">e</abbr></a></li></ul></div><div id=\"England_Dan_&amp;amp;_John_Ford_Coley1060\" class=\"fn org\" style=\"font-size:114%;margin:0 4em\"><a class=\"mw-selflink selflink\">England Dan &amp; John Ford Coley</a></div></th></tr><tr><td class=\"navbox-abovebelow\" colspan=\"2\"><div>\n<ul><li><a href=\"/wiki/John_Ford_Coley\" title=\"John Ford Coley\">John Ford Coley</a></li>\n<li><a href=\"/wiki/Dan_Seals\" title=\"Dan Seals\">Dan Seals</a></li></ul>\n</div></td></tr><tr><th scope=\"row\" class=\"navbox-group\" style=\"width:1%\">Studio albums</th><td class=\"navbox-list-with-group navbox-list navbox-odd\" style=\"width:100%;padding:0\"><div style=\"padding:0 0.25em\">\n<ul><li><i><a href=\"/wiki/England_Dan_%26_John_Ford_Coley_(album)\" title=\"England Dan &amp; John Ford Coley (album)\">England Dan &amp; John Ford Coley</a></i> (1971)</li>\n<li><i><a href=\"/wiki/Fables_(England_Dan_%26_John_Ford_Coley_album)\" title=\"Fables (England Dan &amp; John Ford Coley album)\">Fables</a></i> (1972)</li>\n<li><i><a href=\"/wiki/I_Hear_Music_(England_Dan_%26_John_Ford_Coley_album)\" title=\"I Hear Music (England Dan &amp; John Ford Coley album)\">I Hear Music</a></i> (1976)</li>\n<li><i><a href=\"/wiki/Nights_Are_Forever\" title=\"Nights Are Forever\">Nights Are Forever</a></i> (1976)</li>\n<li><i><a href=\"/wiki/Dowdy_Ferry_Road\" title=\"Dowdy Ferry Road\">Dowdy Ferry Road</a></i> (1977)</li>\n<li><i><a href=\"/wiki/Some_Things_Don%27t_Come_Easy\" title=\"Some Things Don&#39;t Come Easy\">Some Things Don't Come Easy</a></i> (1978)</li>\n<li><i><a href=\"/wiki/Dr._Heckle_and_Mr._Jive_(England_Dan_%26_John_Ford_Coley_album)\" title=\"Dr. Heckle and Mr. Jive (England Dan &amp; John Ford Coley album)\">Dr. Heckle and Mr. Jive</a></i> (1979)</li>\n<li><i><a href=\"/wiki/Just_Tell_Me_You_Love_Me\" title=\"Just Tell Me You Love Me\">Just Tell Me You Love Me</a></i> (1980)</li></ul>\n</div></td></tr><tr><th scope=\"row\" class=\"navbox-group\" style=\"width:1%\">Compilations</th><td class=\"navbox-list-with-group navbox-list navbox-even\" style=\"width:100%;padding:0\"><div style=\"padding:0 0.25em\">\n<ul><li><i><a href=\"/wiki/The_Best_of_England_Dan_and_John_Ford_Coley\" title=\"The Best of England Dan and John Ford Coley\">The Best of England Dan and John Ford Coley</a></i> (1979)</li>\n<li><i><a href=\"/wiki/The_Best_of_England_Dan_and_John_Ford_Coley_Vol._2\" title=\"The Best of England Dan and John Ford Coley Vol. 2\">The Best of England Dan and John Ford Coley Vol. 2</a></i> (1981)</li></ul>\n</div></td></tr><tr><th scope=\"row\" class=\"navbox-group\" style=\"width:1%\">Singles</th><td class=\"navbox-list-with-group navbox-list navbox-odd\" style=\"width:100%;padding:0\"><div style=\"padding:0 0.25em\">\n<ul><li>\"<a href=\"/wiki/I%27d_Really_Love_to_See_You_Tonight\" title=\"I&#39;d Really Love to See You Tonight\">I'd Really Love to See You Tonight</a>\"</li>\n<li>\"<a href=\"/wiki/Nights_Are_Forever_Without_You\" title=\"Nights Are Forever Without You\">Nights Are Forever Without You</a>\"</li>\n<li>\"<a href=\"/wiki/It%27s_Sad_to_Belong\" title=\"It&#39;s Sad to Belong\">It's Sad to Belong</a>\"</li>\n<li>\"<a href=\"/wiki/We%27ll_Never_Have_to_Say_Goodbye_Again\" title=\"We&#39;ll Never Have to Say Goodbye Again\">We'll Never Have to Say Goodbye Again</a>\"</li>\n<li>\"<a href=\"/wiki/Love_Is_the_Answer_(Utopia_song)\" title=\"Love Is the Answer (Utopia song)\">Love Is the Answer</a>\"</li></ul>\n</div></td></tr></tbody></table></div>\n<div class=\"navbox-styles\"><link rel=\"mw-deduplicated-inline-style\" href=\"mw-data:TemplateStyles:r1129693374\" /><link rel=\"mw-deduplicated-inline-style\" href=\"mw-data:TemplateStyles:r1236075235\" /></div><div role=\"navigation\" class=\"navbox authority-control\" aria-labelledby=\"Authority_control_databases_frameless&amp;#124;text-top&amp;#124;10px&amp;#124;alt=Edit_this_at_Wikidata&amp;#124;link=https&amp;#58;//www.wikidata.org/wiki/Q5377971#identifiers&amp;#124;class=noprint&amp;#124;Edit_this_at_Wikidata601\" style=\"padding:3px\"><table class=\"nowraplinks hlist mw-collapsible autocollapse navbox-inner\" style=\"border-spacing:0;background:transparent;color:inherit\"><tbody><tr><th scope=\"col\" class=\"navbox-title\" colspan=\"2\"><div id=\"Authority_control_databases_frameless&amp;#124;text-top&amp;#124;10px&amp;#124;alt=Edit_this_at_Wikidata&amp;#124;link=https&amp;#58;//www.wikidata.org/wiki/Q5377971#identifiers&amp;#124;class=noprint&amp;#124;Edit_this_at_Wikidata601\" style=\"font-size:114%;margin:0 4em\"><a href=\"/wiki/Help:Authority_control\" title=\"Help:Authority control\">Authority control databases</a> <span class=\"mw-valign-text-top noprint\" typeof=\"mw:File/Frameless\"><a href=\"https://www.wikidata.org/wiki/Q5377971#identifiers\" title=\"Edit this at Wikidata\"><img alt=\"Edit this at Wikidata\" src=\"//upload.wikimedia.org/wikipedia/en/thumb/8/8a/OOjs_UI_icon_edit-ltr-progressive.svg/20px-OOjs_UI_icon_edit-ltr-progressive.svg.png\" decoding=\"async\" width=\"10\" height=\"10\" class=\"mw-file-element\" data-file-width=\"20\" data-file-height=\"20\" /></a></span></div></th></tr><tr><th scope=\"row\" class=\"navbox-group\" style=\"width:1%\">International</th><td class=\"navbox-list-with-group navbox-list navbox-odd\" style=\"width:100%;padding:0\"><div style=\"padding:0 0.25em\"><ul><li><span class=\"uid\"><a rel=\"nofollow\" class=\"external text\" href=\"https://isni.org/isni/0000000079328674\">ISNI</a></span></li><li><span class=\"uid\"><a rel=\"nofollow\" class=\"external text\" href=\"https://viaf.org/viaf/120705804\">VIAF</a></span></li></ul></div></td></tr><tr><th scope=\"row\" class=\"navbox-group\" style=\"width:1%\">Artists</th><td class=\"navbox-list-with-group navbox-list navbox-even\" style=\"width:100%;padding:0\"><div style=\"padding:0 0.25em\"><ul><li><span class=\"uid\"><a rel=\"nofollow\" class=\"external text\" href=\"https://musicbrainz.org/artist/2bca31d7-0cba-45da-a8e6-3d6e3a0fa10f\">MusicBrainz</a></span></li></ul></div></td></tr></tbody></table></div>\n<!-- \nNewPP limit report\nParsed by mw‐web.codfw.main‐9c75744‐gdkw9\nCached time: 20250928045846\nCache expiry: 2592000\nReduced expiry: false\nComplications: [vary‐revision‐sha1, show‐toc]\nCPU time usage: 0.378 seconds\nReal time usage: 0.471 seconds\nPreprocessor visited node count: 1577/1000000\nRevision size: 15539/2097152 bytes\nPost‐expand include size: 31621/2097152 bytes\nTemplate argument size: 2255/2097152 bytes\nHighest expansion depth: 12/100\nExpensive parser function count: 2/500\nUnstrip recursion depth: 1/20\nUnstrip post‐expand size: 47793/5000000 bytes\nLua time usage: 0.229/10.000 seconds\nLua memory usage: 5789254/52428800 bytes\nNumber of Wikibase entities loaded: 1/500\n-->\n<!--\nTransclusion expansion time report (%,ms,calls,template)\n100.00%  406.782      1 -total\n 28.61%  116.368      1 Template:Reflist\n 23.10%   93.971      1 Template:England_Dan_&amp;_John_Ford_Coley\n 22.52%   91.600      1 Template:Navbox_musical_artist\n 20.50%   83.409      5 Template:Cite_web\n 19.71%   80.165      1 Template:Short_description\n 13.89%   56.483      1 Template:Infobox_musical_artist\n 12.87%   52.346      1 Template:Infobox\n 11.51%   46.836      2 Template:Pagetype\n  7.31%   29.749      1 Template:Authority_control\n-->\n\n<!-- Saved in parser cache with key enwiki:pcache:5635290:|#|:idhash:canonical and timestamp 20250928045846 and revision id 1305875023. Rendering was triggered because: page_view\n -->\n</div>"
        }
    }
}