{
    "parse": {
        "title": "Extreme (band)",
        "pageid": 231287,
        "text": {
            "*": "<div class=\"mw-content-ltr mw-parser-output\" lang=\"en\" dir=\"ltr\"><div class=\"shortdescription nomobile noexcerpt noprint searchaux\" style=\"display:none\">American rock band</div>\n<style data-mw-deduplicate=\"TemplateStyles:r1236090951\">.mw-parser-output .hatnote{font-style:italic}.mw-parser-output div.hatnote{padding-left:1.6em;margin-bottom:0.5em}.mw-parser-output .hatnote i{font-style:normal}.mw-parser-output .hatnote+link+.hatnote{margin-top:-0.5em}@media print{body.ns-0 .mw-parser-output .hatnote{display:none!important}}</style><div role=\"note\" class=\"hatnote navigation-not-searchable\">For the American bachata group, see <a href=\"/wiki/Xtreme_(group)\" title=\"Xtreme (group)\">Xtreme (group)</a>. For the Italian thrash metal band, see <a href=\"/wiki/Extrema_(band)\" title=\"Extrema (band)\">Extrema (band)</a>.</div>\n<style data-mw-deduplicate=\"TemplateStyles:r1305433154\">.mw-parser-output .ambox{border:1px solid #a2a9b1;border-left:10px solid #36c;background-color:#fbfbfb;box-sizing:border-box}.mw-parser-output .ambox+link+.ambox,.mw-parser-output .ambox+link+style+.ambox,.mw-parser-output .ambox+link+link+.ambox,.mw-parser-output .ambox+.mw-empty-elt+link+.ambox,.mw-parser-output .ambox+.mw-empty-elt+link+style+.ambox,.mw-parser-output .ambox+.mw-empty-elt+link+link+.ambox{margin-top:-1px}html body.mediawiki .mw-parser-output .ambox.mbox-small-left{margin:4px 1em 4px 0;overflow:hidden;width:238px;border-collapse:collapse;font-size:88%;line-height:1.25em}.mw-parser-output .ambox-speedy{border-left:10px solid #b32424;background-color:#fee7e6}.mw-parser-output .ambox-delete{border-left:10px solid #b32424}.mw-parser-output .ambox-content{border-left:10px solid #f28500}.mw-parser-output .ambox-style{border-left:10px solid #fc3}.mw-parser-output .ambox-move{border-left:10px solid #9932cc}.mw-parser-output .ambox-protection{border-left:10px solid #a2a9b1}.mw-parser-output .ambox .mbox-text{border:none;padding:0.25em 0.5em;width:100%}.mw-parser-output .ambox .mbox-image{border:none;padding:2px 0 2px 0.5em;text-align:center}.mw-parser-output .ambox .mbox-imageright{border:none;padding:2px 0.5em 2px 0;text-align:center}.mw-parser-output .ambox .mbox-empty-cell{border:none;padding:0;width:1px}.mw-parser-output .ambox .mbox-image-div{width:52px}@media(min-width:720px){.mw-parser-output .ambox{margin:0 10%}}@media print{body.ns-0 .mw-parser-output .ambox{display:none!important}}</style><table class=\"box-More_citations_needed plainlinks metadata ambox ambox-content ambox-Refimprove\" role=\"presentation\"><tbody><tr><td class=\"mbox-image\"><div class=\"mbox-image-div\"><span typeof=\"mw:File\"><a href=\"/wiki/File:Question_book-new.svg\" class=\"mw-file-description\"><img alt=\"\" src=\"//upload.wikimedia.org/wikipedia/en/thumb/9/99/Question_book-new.svg/60px-Question_book-new.svg.png\" decoding=\"async\" width=\"50\" height=\"39\" class=\"mw-file-element\" srcset=\"//upload.wikimedia.org/wikipedia/en/thumb/9/99/Question_book-new.svg/120px-Question_book-new.svg.png 1.5x\" data-file-width=\"512\" data-file-height=\"399\" /></a></span></div></td><td class=\"mbox-text\"><div class=\"mbox-text-span\">This article <b>needs additional citations for <a href=\"/wiki/Wikipedia:Verifiability\" title=\"Wikipedia:Verifiability\">verification</a></b>.<span class=\"hide-when-compact\"> Please help <a href=\"/wiki/Special:EditPage/Extreme_(band)\" title=\"Special:EditPage/Extreme (band)\">improve this article</a> by <a href=\"/wiki/Help:Referencing_for_beginners\" title=\"Help:Referencing for beginners\">adding citations to reliable sources</a>. Unsourced material may be challenged and removed.<br /><small><span class=\"plainlinks\"><i>Find sources:</i>&#160;<a rel=\"nofollow\" class=\"external text\" href=\"https://www.google.com/search?as_eq=wikipedia&amp;q=%22Extreme%22+band\">\"Extreme\"&#160;band</a>&#160;–&#160;<a rel=\"nofollow\" class=\"external text\" href=\"https://www.google.com/search?tbm=nws&amp;q=%22Extreme%22+band+-wikipedia&amp;tbs=ar:1\">news</a>&#160;<b>·</b> <a rel=\"nofollow\" class=\"external text\" href=\"https://www.google.com/search?&amp;q=%22Extreme%22+band&amp;tbs=bkt:s&amp;tbm=bks\">newspapers</a>&#160;<b>·</b> <a rel=\"nofollow\" class=\"external text\" href=\"https://www.google.com/search?tbs=bks:1&amp;q=%22Extreme%22+band+-wikipedia\">books</a>&#160;<b>·</b> <a rel=\"nofollow\" class=\"external text\" href=\"https://scholar.google.com/scholar?q=%22Extreme%22+band\">scholar</a>&#160;<b>·</b> <a rel=\"nofollow\" class=\"external text\" href=\"https://www.jstor.org/action/doBasicSearch?Query=%22Extreme%22+band&amp;acc=on&amp;wc=on\">JSTOR</a></span></small></span>  <span class=\"date-container\"><i>(<span class=\"date\">July 2010</span>)</i></span><span class=\"hide-when-compact\"><i> (<small><a href=\"/wiki/Help:Maintenance_template_removal\" title=\"Help:Maintenance template removal\">Learn how and when to remove this message</a></small>)</i></span></div></td></tr></tbody></table>\n<p class=\"mw-empty-elt\">\n</p>\n<style data-mw-deduplicate=\"TemplateStyles:r1126788409\">.mw-parser-output .plainlist ol,.mw-parser-output .plainlist ul{line-height:inherit;list-style:none;margin:0;padding:0}.mw-parser-output .plainlist ol li,.mw-parser-output .plainlist ul li{margin-bottom:0}</style><style data-mw-deduplicate=\"TemplateStyles:r1295905060\">.mw-parser-output .infobox-subbox{padding:0;border:none;margin:-3px;width:auto;min-width:100%;font-size:100%;clear:none;float:none;background-color:transparent}.mw-parser-output .infobox-3cols-child{margin:auto}.mw-parser-output .infobox .navbar{font-size:100%}@media screen{html.skin-theme-clientpref-night .mw-parser-output .infobox-full-data:not(.notheme)>div:not(.notheme)[style]{background:#1f1f23!important;color:#f8f9fa}}@media screen and (prefers-color-scheme:dark){html.skin-theme-clientpref-os .mw-parser-output .infobox-full-data:not(.notheme)>div:not(.notheme)[style]{background:#1f1f23!important;color:#f8f9fa}}@media(min-width:640px){body.skin--responsive .mw-parser-output .infobox-table{display:table!important}body.skin--responsive .mw-parser-output .infobox-table>caption{display:table-caption!important}body.skin--responsive .mw-parser-output .infobox-table>tbody{display:table-row-group}body.skin--responsive .mw-parser-output .infobox-table th,body.skin--responsive .mw-parser-output .infobox-table td{padding-left:inherit;padding-right:inherit}}</style><table class=\"infobox vcard plainlist\"><tbody><tr><th colspan=\"2\" class=\"infobox-above\" style=\"color: #202122;background-color: #b0c4de; font-size: 125%;\"><div class=\"fn org\">Extreme</div></th></tr><tr><td colspan=\"2\" class=\"infobox-image\"><span typeof=\"mw:File\"><a href=\"/wiki/File:Extreme_en_2017.jpg\" class=\"mw-file-description\" title=\"Extreme performing at Garage Sound Fest, 2017\"><img alt=\"Extreme performing at Garage Sound Fest, 2017\" src=\"//upload.wikimedia.org/wikipedia/commons/thumb/8/89/Extreme_en_2017.jpg/330px-Extreme_en_2017.jpg\" decoding=\"async\" width=\"300\" height=\"169\" class=\"mw-file-element\" srcset=\"//upload.wikimedia.org/wikipedia/commons/thumb/8/89/Extreme_en_2017.jpg/500px-Extreme_en_2017.jpg 1.5x, //upload.wikimedia.org/wikipedia/commons/thumb/8/89/Extreme_en_2017.jpg/600px-Extreme_en_2017.jpg 2x\" data-file-width=\"640\" data-file-height=\"360\" /></a></span><div class=\"infobox-caption\">Extreme performing at Garage Sound Fest, 2017</div></td></tr><tr><th colspan=\"2\" class=\"infobox-header\" style=\"color: #202122;background-color: #b0c4de\">Background information</th></tr><tr><th scope=\"row\" class=\"infobox-label\"><span class=\"nowrap\">Also known as</span></th><td class=\"infobox-data nickname\">The Dream</td></tr><tr><th scope=\"row\" class=\"infobox-label\">Origin</th><td class=\"infobox-data\"><a href=\"/wiki/Boston\" title=\"Boston\">Boston</a>, <a href=\"/wiki/Massachusetts\" title=\"Massachusetts\">Massachusetts</a>, U.S.</td></tr><tr><th scope=\"row\" class=\"infobox-label\">Genres</th><td class=\"infobox-data\"><style data-mw-deduplicate=\"TemplateStyles:r1129693374\">.mw-parser-output .hlist dl,.mw-parser-output .hlist ol,.mw-parser-output .hlist ul{margin:0;padding:0}.mw-parser-output .hlist dd,.mw-parser-output .hlist dt,.mw-parser-output .hlist li{margin:0;display:inline}.mw-parser-output .hlist.inline,.mw-parser-output .hlist.inline dl,.mw-parser-output .hlist.inline ol,.mw-parser-output .hlist.inline ul,.mw-parser-output .hlist dl dl,.mw-parser-output .hlist dl ol,.mw-parser-output .hlist dl ul,.mw-parser-output .hlist ol dl,.mw-parser-output .hlist ol ol,.mw-parser-output .hlist ol ul,.mw-parser-output .hlist ul dl,.mw-parser-output .hlist ul ol,.mw-parser-output .hlist ul ul{display:inline}.mw-parser-output .hlist .mw-empty-li{display:none}.mw-parser-output .hlist dt::after{content:\": \"}.mw-parser-output .hlist dd::after,.mw-parser-output .hlist li::after{content:\" · \";font-weight:bold}.mw-parser-output .hlist dd:last-child::after,.mw-parser-output .hlist dt:last-child::after,.mw-parser-output .hlist li:last-child::after{content:none}.mw-parser-output .hlist dd dd:first-child::before,.mw-parser-output .hlist dd dt:first-child::before,.mw-parser-output .hlist dd li:first-child::before,.mw-parser-output .hlist dt dd:first-child::before,.mw-parser-output .hlist dt dt:first-child::before,.mw-parser-output .hlist dt li:first-child::before,.mw-parser-output .hlist li dd:first-child::before,.mw-parser-output .hlist li dt:first-child::before,.mw-parser-output .hlist li li:first-child::before{content:\" (\";font-weight:normal}.mw-parser-output .hlist dd dd:last-child::after,.mw-parser-output .hlist dd dt:last-child::after,.mw-parser-output .hlist dd li:last-child::after,.mw-parser-output .hlist dt dd:last-child::after,.mw-parser-output .hlist dt dt:last-child::after,.mw-parser-output .hlist dt li:last-child::after,.mw-parser-output .hlist li dd:last-child::after,.mw-parser-output .hlist li dt:last-child::after,.mw-parser-output .hlist li li:last-child::after{content:\")\";font-weight:normal}.mw-parser-output .hlist ol{counter-reset:listitem}.mw-parser-output .hlist ol>li{counter-increment:listitem}.mw-parser-output .hlist ol>li::before{content:\" \"counter(listitem)\"\\a0 \"}.mw-parser-output .hlist dd ol>li:first-child::before,.mw-parser-output .hlist dt ol>li:first-child::before,.mw-parser-output .hlist li ol>li:first-child::before{content:\" (\"counter(listitem)\"\\a0 \"}</style><div class=\"hlist\">\n<ul><li><a href=\"/wiki/Hard_rock\" title=\"Hard rock\">Hard rock</a><sup id=\"cite_ref-1\" class=\"reference\"><a href=\"#cite_note-1\"><span class=\"cite-bracket\">&#91;</span>1<span class=\"cite-bracket\">&#93;</span></a></sup></li>\n<li><a href=\"/wiki/Funk_metal\" title=\"Funk metal\">funk metal</a><sup id=\"cite_ref-2\" class=\"reference\"><a href=\"#cite_note-2\"><span class=\"cite-bracket\">&#91;</span>2<span class=\"cite-bracket\">&#93;</span></a></sup></li>\n<li><span class=\"nowrap\"><a href=\"/wiki/Glam_metal\" title=\"Glam metal\">glam metal</a></span><sup id=\"cite_ref-3\" class=\"reference\"><a href=\"#cite_note-3\"><span class=\"cite-bracket\">&#91;</span>3<span class=\"cite-bracket\">&#93;</span></a></sup></li></ul>\n</div></td></tr><tr><th scope=\"row\" class=\"infobox-label\"><span class=\"nowrap\">Years active</span></th><td class=\"infobox-data\"><link rel=\"mw-deduplicated-inline-style\" href=\"mw-data:TemplateStyles:r1129693374\" /><div class=\"hlist\">\n<ul><li>1985–1996</li>\n<li>2007–present (reunions: 2004–2006)</li></ul>\n</div></td></tr><tr><th scope=\"row\" class=\"infobox-label\">Labels</th><td class=\"infobox-data\"><link rel=\"mw-deduplicated-inline-style\" href=\"mw-data:TemplateStyles:r1129693374\" /><div class=\"hlist\">\n<ul><li><a href=\"/wiki/A%26M_Records\" title=\"A&amp;M Records\">A&amp;M</a></li>\n<li><a href=\"/wiki/Frontiers_Records\" class=\"mw-redirect\" title=\"Frontiers Records\">Frontiers</a></li></ul>\n</div></td></tr><tr><th scope=\"row\" class=\"infobox-label\">Spinoffs</th><td class=\"infobox-data\"><a href=\"/wiki/DramaGods\" title=\"DramaGods\">DramaGods</a></td></tr><tr><th colspan=\"2\" class=\"infobox-header\" style=\"color: #202122;background-color: #b0c4de\"></th></tr><tr><th scope=\"row\" class=\"infobox-label\">Members</th><td class=\"infobox-data\">\n<ul><li><a href=\"/wiki/Gary_Cherone\" title=\"Gary Cherone\">Gary Cherone</a></li>\n<li><a href=\"/wiki/Nuno_Bettencourt\" title=\"Nuno Bettencourt\">Nuno Bettencourt</a></li>\n<li><a href=\"/wiki/Pat_Badger\" title=\"Pat Badger\">Pat Badger</a></li>\n<li><a href=\"/wiki/Kevin_Figueiredo\" title=\"Kevin Figueiredo\">Kevin Figueiredo</a></li></ul>\n</td></tr><tr><th colspan=\"2\" class=\"infobox-header\" style=\"color: #202122;background-color: #b0c4de\"></th></tr><tr><th scope=\"row\" class=\"infobox-label\"><span class=\"nowrap\">Past members</span></th><td class=\"infobox-data\">\n<ul><li><a href=\"/wiki/Paul_Geary\" title=\"Paul Geary\">Paul Geary</a></li>\n<li><a href=\"/wiki/Mike_Mangini\" title=\"Mike Mangini\">Mike Mangini</a></li>\n<li><a href=\"/wiki/Carl_Restivo\" title=\"Carl Restivo\">Carl Restivo</a></li>\n<li>Laurent Duval</li></ul>\n</td></tr><tr><th colspan=\"2\" class=\"infobox-header\" style=\"color: #202122;background-color: #b0c4de\"></th></tr><tr><th scope=\"row\" class=\"infobox-label\">Website</th><td class=\"infobox-data\"><span class=\"url\"><a rel=\"nofollow\" class=\"external text\" href=\"http://extreme-band.com\">extreme-band<wbr />.com</a></span></td></tr></tbody></table>\n<p><b>Extreme</b> is an American <a href=\"/wiki/Rock_music\" title=\"Rock music\">rock</a> band formed in <a href=\"/wiki/Boston\" title=\"Boston\">Boston</a>, <a href=\"/wiki/Massachusetts\" title=\"Massachusetts\">Massachusetts</a>, in 1985, that reached the height of their popularity in the late 1980s and early 1990s. They have released six studio albums, two EPs (in Japan) and two compilation albums since their formation. The band was one of the most successful rock acts of the early 1990s, selling over 10 million albums worldwide.<sup id=\"cite_ref-4\" class=\"reference\"><a href=\"#cite_note-4\"><span class=\"cite-bracket\">&#91;</span>4<span class=\"cite-bracket\">&#93;</span></a></sup>\n</p><p>Extreme achieved its greatest success with their second album <i><a href=\"/wiki/Pornograffitti\" class=\"mw-redirect\" title=\"Pornograffitti\">Pornograffitti</a></i> (1990), which peaked at number 10 on the <a href=\"/wiki/Billboard_200\" title=\"Billboard 200\"><i>Billboard</i> 200</a>, and was certified gold in May 1991 and double platinum in October 1992.<sup id=\"cite_ref-5\" class=\"reference\"><a href=\"#cite_note-5\"><span class=\"cite-bracket\">&#91;</span>5<span class=\"cite-bracket\">&#93;</span></a></sup> The album featured the <a href=\"/wiki/Steel-string_acoustic_guitar\" title=\"Steel-string acoustic guitar\">acoustic</a> <a href=\"/wiki/Ballad\" title=\"Ballad\">ballad</a> single \"<a href=\"/wiki/More_Than_Words\" title=\"More Than Words\">More Than Words</a>\", which reached No. 1 on the <a href=\"/wiki/Billboard_Hot_100\" title=\"Billboard Hot 100\"><i>Billboard</i> Hot 100</a> in the United States.\n</p>\n\n<div class=\"mw-heading mw-heading2\"><h2 id=\"History\">History</h2></div>\n<div class=\"mw-heading mw-heading3\"><h3 id=\"1985–1989:_Formation_and_debut_album\"><span id=\"1985.E2.80.931989:_Formation_and_debut_album\"></span>1985–1989: Formation and debut album</h3></div>\n<p>Extreme was formed in <a href=\"/wiki/Boston\" title=\"Boston\">Boston</a>, <a href=\"/wiki/Massachusetts\" title=\"Massachusetts\">Massachusetts</a>, in 1985.<sup id=\"cite_ref-6\" class=\"reference\"><a href=\"#cite_note-6\"><span class=\"cite-bracket\">&#91;</span>6<span class=\"cite-bracket\">&#93;</span></a></sup> Vocalist Gary Cherone and drummer Paul Geary were in a band together called \"Adrenalin\" in 1979.  Then they were also members of a band called The Dream, in 1980.  CBS Television bought the rights to the name, \"The Dream\" for a short lived television series called, \"Dreams.\"  So, they had to rename the band.<sup id=\"cite_ref-Larkin_7-0\" class=\"reference\"><a href=\"#cite_note-Larkin-7\"><span class=\"cite-bracket\">&#91;</span>7<span class=\"cite-bracket\">&#93;</span></a></sup> Guitarist Nuno Bettencourt was in a band called Sinful, and bassist Pat Badger was playing with a Berklee College-based act called In The Pink. Bettencourt joined Cherone and Geary in a new group in 1985, followed by Badger in 1986. The four chose the name \"Extreme\" as it sounded like \"ex-Dream,\" a reference to Geary &amp; Cherone's past band, \"The Dream.\"  Gary &amp; Nuno crossed paths numerous times as Gary's brother Mark &amp; Nuno's brother Paulo were in a well known local Boston band together called, \"Flesh.\"\n</p><p>Cherone and Bettencourt began writing songs together and the band performed continuously in the New England area. Extreme grew a large regional following and were named \"Outstanding Hard Rock/Heavy Metal Act\" at the <a href=\"/wiki/Boston_Music_Awards\" title=\"Boston Music Awards\">Boston Music Awards</a> in 1986 and 1987.\n</p><p>The band had accumulated several original songs by the time A&amp;R director Bryan Huttenhower signed them to <a href=\"/wiki/A%26M_Records\" title=\"A&amp;M Records\">A&amp;M Records</a> in 1987 (which was soon sold to <a href=\"/wiki/PolyGram\" title=\"PolyGram\">PolyGram</a> in 1988). The band recorded their <a href=\"/wiki/Extreme_(Extreme_album)\" title=\"Extreme (Extreme album)\">self-titled debut</a> album which was issued in March 1989.<sup id=\"cite_ref-Larkin_7-1\" class=\"reference\"><a href=\"#cite_note-Larkin-7\"><span class=\"cite-bracket\">&#91;</span>7<span class=\"cite-bracket\">&#93;</span></a></sup> The first single was \"Kid Ego\", a song that Cherone would later admit made him cringe. The final track on the album, \"Play with Me\", was used as the \"mall chase\" song in the film <i><a href=\"/wiki/Bill_%26_Ted%27s_Excellent_Adventure\" title=\"Bill &amp; Ted&#39;s Excellent Adventure\">Bill &amp; Ted's Excellent Adventure</a></i>.<sup id=\"cite_ref-Larkin_7-2\" class=\"reference\"><a href=\"#cite_note-Larkin-7\"><span class=\"cite-bracket\">&#91;</span>7<span class=\"cite-bracket\">&#93;</span></a></sup>\n</p>\n<div class=\"mw-heading mw-heading3\"><h3 id=\"1990–1993:_Pornograffitti,_III_Sides_to_Every_Story,_and_mainstream_success\"><span id=\"1990.E2.80.931993:_Pornograffitti.2C_III_Sides_to_Every_Story.2C_and_mainstream_success\"></span>1990–1993: <i>Pornograffitti</i>, <i>III Sides to Every Story</i>, and mainstream success</h3></div>\n<p>Sales of Extreme's first record were sufficient to support a second release. <a href=\"/wiki/Michael_Wagener\" title=\"Michael Wagener\">Michael Wagener</a>, who had previously worked with <a href=\"/wiki/Dokken\" title=\"Dokken\">Dokken</a> and <a href=\"/wiki/White_Lion\" title=\"White Lion\">White Lion</a>, was hired to produce the band's <i><a href=\"/wiki/Pornograffitti\" class=\"mw-redirect\" title=\"Pornograffitti\">Extreme II: Pornograffitti</a></i> album in 1990.<sup id=\"cite_ref-Larkin_7-3\" class=\"reference\"><a href=\"#cite_note-Larkin-7\"><span class=\"cite-bracket\">&#91;</span>7<span class=\"cite-bracket\">&#93;</span></a></sup>\n</p><p>The record, which showcased Cherone's lyrics, and Bettencourt's guitar-playing, was a mixture of funk, pop and glam metal sounds. \"Decadence Dance\" and \"<a href=\"/wiki/Get_the_Funk_Out\" title=\"Get the Funk Out\">Get the Funk Out</a>\" were released as singles. \"Get the Funk Out\" reached No. 19 in the UK charts in June 1991. Neither single was initially successful in the United States, however, and the album had fallen off the charts when A&amp;M sent the third single to a number of US radio stations.<sup class=\"noprint Inline-Template Template-Fact\" style=\"white-space:nowrap;\">&#91;<i><a href=\"/wiki/Wikipedia:Citation_needed\" title=\"Wikipedia:Citation needed\"><span title=\"This claim needs references to reliable sources. (December 2017)\">citation needed</span></a></i>&#93;</sup>\n</p><p>The <a href=\"/wiki/Steel-string_acoustic_guitar\" title=\"Steel-string acoustic guitar\">acoustic</a> <a href=\"/wiki/Ballad\" title=\"Ballad\">ballad</a> \"<a href=\"/wiki/More_Than_Words\" title=\"More Than Words\">More Than Words</a>\" entered the <a href=\"/wiki/Billboard_Hot_100\" title=\"Billboard Hot 100\">Hot 100</a> on March 23, 1991, at No. 81. It later became a huge smash, hitting No. 1 on the <a href=\"/wiki/Billboard_Hot_100\" title=\"Billboard Hot 100\"><i>Billboard</i> Hot 100</a> in the United States.<sup id=\"cite_ref-Larkin_7-4\" class=\"reference\"><a href=\"#cite_note-Larkin-7\"><span class=\"cite-bracket\">&#91;</span>7<span class=\"cite-bracket\">&#93;</span></a></sup> The subsequent single, \"<a href=\"/wiki/Hole_Hearted\" title=\"Hole Hearted\">Hole Hearted</a>\", another acoustic track, was also successful, rising to No. 4 on the same pop chart.\n</p><p>The band began recording their third album in 1992. Their appearance at <a href=\"/wiki/The_Freddie_Mercury_Tribute_Concert\" title=\"The Freddie Mercury Tribute Concert\">the Freddie Mercury Tribute Concert</a> in April 1992 interrupted the recording sessions, but it gave the band considerable exposure beyond the heavy metal fraternity.<sup id=\"cite_ref-Larkin_7-5\" class=\"reference\"><a href=\"#cite_note-Larkin-7\"><span class=\"cite-bracket\">&#91;</span>7<span class=\"cite-bracket\">&#93;</span></a></sup> By playing a medley at the tribute, as well as \"Love of My Life\" and \"More Than Words\" acoustically, Extreme gained a considerable number of fans along with the Queen fan base. At the introductory speech before they played, <a href=\"/wiki/Brian_May\" title=\"Brian May\">Brian May</a> noted that they were \"possibly more than any other group on this planet, the people that understand exactly what <a href=\"/wiki/Queen_(band)\" title=\"Queen (band)\">Queen</a> have been about all these years, and what Freddie was about all these years\".<sup id=\"cite_ref-8\" class=\"reference\"><a href=\"#cite_note-8\"><span class=\"cite-bracket\">&#91;</span>8<span class=\"cite-bracket\">&#93;</span></a></sup>\n</p><p><i><a href=\"/wiki/III_Sides_to_Every_Story\" title=\"III Sides to Every Story\">III Sides to Every Story</a></i> was released on September 22, 1992.<sup id=\"cite_ref-Larkin_7-6\" class=\"reference\"><a href=\"#cite_note-Larkin-7\"><span class=\"cite-bracket\">&#91;</span>7<span class=\"cite-bracket\">&#93;</span></a></sup> The first single from the album, \"Rest in Peace\", had an accompanying video clip inspired by a film short by the <a href=\"/wiki/National_Film_Board_of_Canada\" title=\"National Film Board of Canada\">National Film Board of Canada</a> called <i><a href=\"/wiki/Neighbours_(1952_film)\" title=\"Neighbours (1952 film)\">Neighbours</a></i>.<sup id=\"cite_ref-9\" class=\"reference\"><a href=\"#cite_note-9\"><span class=\"cite-bracket\">&#91;</span>9<span class=\"cite-bracket\">&#93;</span></a></sup>\n</p>\n<div class=\"mw-heading mw-heading3\"><h3 id=\"1994–1996:_Lineup_change_and_Waiting_for_the_Punchline\"><span id=\"1994.E2.80.931996:_Lineup_change_and_Waiting_for_the_Punchline\"></span>1994–1996: Lineup change and <i>Waiting for the Punchline</i></h3></div>\n<p>Prior to the band's appearance at <a href=\"/wiki/Monsters_of_Rock\" title=\"Monsters of Rock\">Donington's Monsters of Rock</a> festival in the summer of 1994, Geary left the band to pursue a career in artist management. Mike Mangini succeeded him on drums.<sup id=\"cite_ref-Larkin_7-7\" class=\"reference\"><a href=\"#cite_note-Larkin-7\"><span class=\"cite-bracket\">&#91;</span>7<span class=\"cite-bracket\">&#93;</span></a></sup>\n</p><p><i><a href=\"/wiki/Waiting_for_the_Punchline\" title=\"Waiting for the Punchline\">Waiting for the Punchline</a></i>, the first record to feature Mangini on three tracks (Paul Geary played on the rest of the album before departing), was released on February 7, 1995. The singles \"<a href=\"/wiki/Hip_Today\" title=\"Hip Today\">Hip Today</a>\", \"Unconditionally\", and \"<a href=\"/wiki/Cynical_(song)\" class=\"mw-redirect\" title=\"Cynical (song)\">Cynical</a>\" were released, but the album was not a commercial sales success. Extreme disbanded after the tour in 1996, on amicable terms, when Bettencourt decided to leave to pursue a solo career.<sup id=\"cite_ref-Larkin_7-8\" class=\"reference\"><a href=\"#cite_note-Larkin-7\"><span class=\"cite-bracket\">&#91;</span>7<span class=\"cite-bracket\">&#93;</span></a></sup>\n</p>\n<div class=\"mw-heading mw-heading3\"><h3 id=\"1997–2003:_Split_and_separate_projects\"><span id=\"1997.E2.80.932003:_Split_and_separate_projects\"></span>1997–2003: Split and separate projects</h3></div>\n<p>On the recommendation of former Extreme manager <a href=\"/wiki/Ray_Danniels\" title=\"Ray Danniels\">Ray Danniels</a>, in 1996, Gary Cherone joined one of the world's most successful rock acts, <a href=\"/wiki/Van_Halen\" title=\"Van Halen\">Van Halen</a>. During 1996, Van Halen's fan-base weathered the acrimonious departures of two of rock's most successful lead singers: first <a href=\"/wiki/David_Lee_Roth\" title=\"David Lee Roth\">David Lee Roth</a>, the band's original frontman (1974-1985), and then <a href=\"/wiki/Sammy_Hagar\" title=\"Sammy Hagar\">Sammy Hagar</a>, who had fronted Van Halen since 1985. Into this fractious, and very public, situation entered Cherone, whom guitarist <a href=\"/wiki/Eddie_Van_Halen\" title=\"Eddie Van Halen\">Eddie Van Halen</a> later called a \"musical soulmate\".<sup id=\"cite_ref-10\" class=\"reference\"><a href=\"#cite_note-10\"><span class=\"cite-bracket\">&#91;</span>10<span class=\"cite-bracket\">&#93;</span></a></sup> In 1998, the Cherone-fronted Van Halen released <i><a href=\"/wiki/Van_Halen_III\" title=\"Van Halen III\">Van Halen III</a></i>.\n</p><p><i><a href=\"/wiki/Van_Halen_III\" title=\"Van Halen III\">Van Halen III</a></i> reached No. 4 on <i>Billboard</i><span class=\"nowrap\" style=\"padding-left:0.1em;\">&#39;</span>s top 200 album charts, and sold over 500,000 copies in the U.S. alone; however, by Van Halen's standards, it was a failure. All 12 of their previous albums had all sold over two million copies in the U.S. alone, with two selling over ten million in the U.S. alone—and the previous five studio albums had all reached No. 1 on the <i>Billboard</i> 200 album charts. Van Halen's tour was successful; however, not as successful as in previous years.\n</p><p>In late 1999, after Van Halen's second album with Cherone was \"sent back\" by <a href=\"/wiki/Warner_Bros._Records\" class=\"mw-redirect\" title=\"Warner Bros. Records\">Warner Bros. Records</a>,<sup class=\"noprint Inline-Template Template-Fact\" style=\"white-space:nowrap;\">&#91;<i><a href=\"/wiki/Wikipedia:Citation_needed\" title=\"Wikipedia:Citation needed\"><span title=\"This claim needs references to reliable sources. (June 2020)\">citation needed</span></a></i>&#93;</sup> Cherone left the band. He later formed <a href=\"/wiki/Tribe_of_Judah_(band)\" title=\"Tribe of Judah (band)\">Tribe of Judah</a>, which released an album called <i><a href=\"/wiki/Exit_Elvis\" title=\"Exit Elvis\">Exit Elvis</a></i> in 2002. In 2005, Cherone released a four-song sampler CD, entitled <i>Need I Say More</i>.\n</p><p>In 1997, Nuno Bettencourt released his first solo album titled <i><a href=\"/wiki/Schizophonic_(Nuno_Bettencourt_album)\" title=\"Schizophonic (Nuno Bettencourt album)\">Schizophonic</a></i>. In 1998 he formed a group called <a href=\"/wiki/Mourning_Widows\" title=\"Mourning Widows\">Mourning Widows</a> who released a self-titled album that year and a follow-up album, <i><a href=\"/wiki/Furnished_Souls_for_Rent\" title=\"Furnished Souls for Rent\">Furnished Souls for Rent</a></i>, in 2000. Following the breakup of that band, he released another solo album under the project name of <i>Population 1</i> in 2002. Acquiring new members for the tour, he decided to keep the name Population 1 and the first release as a band was a five-song EP entitled <i>Sessions from Room 4</i> in 2004. They then changed the band's name to <a href=\"/wiki/DramaGods\" title=\"DramaGods\">DramaGods</a> and created a follow-up CD entitled <i><a href=\"/wiki/Love_(DramaGods_album)\" title=\"Love (DramaGods album)\">Love</a></i> in 2005. Nuno, along with bandmates <a href=\"/wiki/Kevin_Figueiredo\" title=\"Kevin Figueiredo\">Kevin Figueiredo</a> and Steve Ferlazzo, then went on to collaborate with <a href=\"/wiki/Perry_Farrell\" title=\"Perry Farrell\">Perry Farrell</a>'s project <a href=\"/wiki/Satellite_Party\" title=\"Satellite Party\">Satellite Party</a>.\n</p><p><i><a href=\"/wiki/The_Best_of_Extreme:_An_Accidental_Collocation_of_Atoms%3F\" class=\"mw-redirect\" title=\"The Best of Extreme: An Accidental Collocation of Atoms?\">The Best of Extreme: An Accidental Collocation of Atoms?</a></i>, a 13-track Extreme \"best-of\" collection featuring tracks from the first three studio albums, was released in 1998. <i><a href=\"/wiki/Extreme_%E2%80%93_The_Collection\" class=\"mw-redirect\" title=\"Extreme – The Collection\">Extreme – The Collection</a></i>, a later collection including 15-tracks from the first four studio albums, was released in 2002.\n</p>\n<div class=\"mw-heading mw-heading3\"><h3 id=\"2004–2010:_Reformation_and_Saudades_de_Rock\"><span id=\"2004.E2.80.932010:_Reformation_and_Saudades_de_Rock\"></span>2004–2010: Reformation and <i>Saudades de Rock</i></h3></div>\n<figure class=\"mw-default-size\" typeof=\"mw:File/Thumb\"><a href=\"/wiki/File:Extreme_-_Live_Madrid_31_10_2008.jpg\" class=\"mw-file-description\"><img src=\"//upload.wikimedia.org/wikipedia/commons/thumb/d/d2/Extreme_-_Live_Madrid_31_10_2008.jpg/250px-Extreme_-_Live_Madrid_31_10_2008.jpg\" decoding=\"async\" width=\"250\" height=\"333\" class=\"mw-file-element\" srcset=\"//upload.wikimedia.org/wikipedia/commons/thumb/d/d2/Extreme_-_Live_Madrid_31_10_2008.jpg/500px-Extreme_-_Live_Madrid_31_10_2008.jpg 1.5x\" data-file-width=\"845\" data-file-height=\"1127\" /></a><figcaption>Bassist <a href=\"/wiki/Pat_Badger\" title=\"Pat Badger\">Pat Badger</a> and guitarist <a href=\"/wiki/Nuno_Bettencourt\" title=\"Nuno Bettencourt\">Nuno Bettencourt</a> performing live in 2008. Bettencourt is one of the two constant members of Extreme.</figcaption></figure>\n<p>Extreme reformed for a short tour in 2004 playing in the <a href=\"/wiki/Azores\" title=\"Azores\">Azores</a> (August), in their hometown of Boston at the <a href=\"/wiki/WKVB_(FM)\" title=\"WKVB (FM)\">WAAF</a> anniversary (September 19) as well as a few concerts in Japan (January 2005). After a hiatus during 2005, the band returned in 2006 with the \"classic\" <i>Pornograffitti</i> lineup (including Paul Geary) to do a small, three-show reunion tour through <a href=\"/wiki/New_England\" title=\"New England\">New England</a>.\n</p><p>In July 2007, Bettencourt quit Satellite Party for another Extreme reunion with Cherone and Pat Badger. On November 26, 2007, the band announced plans for a world tour in the summer of 2008 with <a href=\"/wiki/King%27s_X\" title=\"King&#39;s X\">King's X</a> as well as a release date for their new album, <i><a href=\"/wiki/Saudades_de_Rock\" title=\"Saudades de Rock\">Saudades de Rock</a></i>, produced by Bettencourt. Kevin Figueiredo, who played with Bettencourt in <a href=\"/wiki/DramaGods\" title=\"DramaGods\">DramaGods</a> and Satellite Party, took over drum duties for the band. Original drummer Paul Geary would still remain involved with the band, albeit in a management position. Singles from the album have been available on MySpace including \"Star\". The album was released on July 28, 2008, in France, August 4, 2008, in Europe, and August 12, 2008, in the United States.\n</p><p>The band then embarked on the <a href=\"/wiki/Take_Us_Alive_World_Tour\" title=\"Take Us Alive World Tour\">Take Us Alive World Tour</a>, supported by <a href=\"/wiki/King%27s_X\" title=\"King&#39;s X\">King's X</a> in the US and <a href=\"/wiki/Hot_Leg\" title=\"Hot Leg\">Hot Leg</a> in the UK, with various other dates in Europe and Asia, through all of 2008. In 2009, the band continued to tour, co-headlining the <a href=\"/wiki/East_Meets_West_Tour\" title=\"East Meets West Tour\">East Meets West Tour</a> with <a href=\"/wiki/Ratt\" title=\"Ratt\">Ratt</a>. The final date of this tour, in their hometown of Boston, Massachusetts, was recorded for the release of the band's first live DVD called <i><a href=\"/wiki/Take_Us_Alive\" title=\"Take Us Alive\">Take Us Alive</a></i>.\n</p>\n<div class=\"mw-heading mw-heading3\"><h3 id=\"2010–2015:_Hiatus,_Hurtsmile,_and_other_projects\"><span id=\"2010.E2.80.932015:_Hiatus.2C_Hurtsmile.2C_and_other_projects\"></span>2010–2015: Hiatus, Hurtsmile, and other projects</h3></div>\n<p>According to a December 2010 interview with Cherone, Extreme had been writing new material for a new album, which they planned - at the time - to release in 2011. Asked in the same interview if the band will produce the new album by themselves or get an outside producer, Cherone replied, \"There's talk of a few people. It would be great to get an A-list name. I don't know if that happens. My dream producer would probably be <a href=\"/wiki/Rick_Rubin\" title=\"Rick Rubin\">Rick Rubin</a>. Here's a guy that's done <a href=\"/wiki/Johnny_Cash\" title=\"Johnny Cash\">Johnny Cash</a>, the <a href=\"/wiki/Red_Hot_Chili_Peppers\" title=\"Red Hot Chili Peppers\">Chili Peppers</a>, and, you know, <a href=\"/wiki/Neil_Diamond\" title=\"Neil Diamond\">Neil Diamond</a>.\"<sup id=\"cite_ref-11\" class=\"reference\"><a href=\"#cite_note-11\"><span class=\"cite-bracket\">&#91;</span>11<span class=\"cite-bracket\">&#93;</span></a></sup> But due to conflicting schedules with Bettencourt supporting <a href=\"/wiki/Rihanna\" title=\"Rihanna\">Rihanna</a> on her tour during 2011, plans to go into the studio were postponed to 2012.\n</p><p>Also in 2010 rumors started about possible commemorative shows for <i>Extreme II: Pornograffitti</i>, given the 20th anniversary of the record. Finally, in 2012, initially a small string of such shows in Japan had been confirmed, marking the full return of the band's activities after a hiatus when Bettencourt was on tour with Rihanna, as well as other side projects by other members, most notably Cherone's <a href=\"/wiki/Hurtsmile\" title=\"Hurtsmile\">Hurtsmile</a>. Extreme were to tour Australia in April 2013, with <a href=\"/wiki/Richie_Kotzen\" title=\"Richie Kotzen\">Richie Kotzen</a> as support act, but the shows were cancelled due to scheduling conflicts with Rihanna's 2013 North American tour. They then did their first show in Singapore.\n</p>\n<div class=\"mw-heading mw-heading3\"><h3 id=\"2015–present:_Six\"><span id=\"2015.E2.80.93present:_Six\"></span>2015–present: <i>Six</i></h3></div>\n<p>In a May 2015 interview with Eddie Trunk, vocalist Gary Cherone said that Extreme had been writing and demoing new material for their follow-up to <i>Saudades de Rock</i>, and would enter the studio in the fall to begin recording.<sup id=\"cite_ref-12\" class=\"reference\"><a href=\"#cite_note-12\"><span class=\"cite-bracket\">&#91;</span>12<span class=\"cite-bracket\">&#93;</span></a></sup>\n</p><p>In a September 2016 interview, guitarist Nuno Bettencourt revealed that Extreme had been working on approximately 17 songs for their new album, and added, \"We're about 17 songs into it. We're just wrapping them up. We've got to do vocals, some guitar. Slowly but surely.\" He also stated that the album was expected to be released in early 2017;<sup id=\"cite_ref-13\" class=\"reference\"><a href=\"#cite_note-13\"><span class=\"cite-bracket\">&#91;</span>13<span class=\"cite-bracket\">&#93;</span></a></sup> however, this did not come to fruition and there had been no updates on the album until mid-2022, when Cherone reiterated the album's slow progress in an interview with Eddie Trunk, and described the songs as \"some of the best stuff Nuno and [he] have written.\"<sup id=\"cite_ref-14\" class=\"reference\"><a href=\"#cite_note-14\"><span class=\"cite-bracket\">&#91;</span>14<span class=\"cite-bracket\">&#93;</span></a></sup>\n</p>\n<figure class=\"mw-default-size\" typeof=\"mw:File/Thumb\"><a href=\"/wiki/File:Extreme_(band)_Pat_Badger_and_Kevin_Figueiredo_Southpark_Festival,_Finland,_2015.jpg\" class=\"mw-file-description\"><img src=\"//upload.wikimedia.org/wikipedia/commons/thumb/c/c3/Extreme_%28band%29_Pat_Badger_and_Kevin_Figueiredo_Southpark_Festival%2C_Finland%2C_2015.jpg/250px-Extreme_%28band%29_Pat_Badger_and_Kevin_Figueiredo_Southpark_Festival%2C_Finland%2C_2015.jpg\" decoding=\"async\" width=\"250\" height=\"188\" class=\"mw-file-element\" srcset=\"//upload.wikimedia.org/wikipedia/commons/thumb/c/c3/Extreme_%28band%29_Pat_Badger_and_Kevin_Figueiredo_Southpark_Festival%2C_Finland%2C_2015.jpg/500px-Extreme_%28band%29_Pat_Badger_and_Kevin_Figueiredo_Southpark_Festival%2C_Finland%2C_2015.jpg 1.5x\" data-file-width=\"3264\" data-file-height=\"2448\" /></a><figcaption>Extreme performing in 2015</figcaption></figure>\n<p>In 2016, the band released <i>Pornograffitti Live 25: Metal Meltdown</i>, an audio/video presentation of its 2015 concert at Las Vegas' Hard Rock Casino.\n</p><p>During the 2017 KISS Kruise, the band invited original drummer Paul Geary to join them on stage to play \"Hole Hearted\".\n</p><p>In June 2018, Extreme toured Australia with <a href=\"/wiki/Mr._Big_(American_band)\" title=\"Mr. Big (American band)\">Mr. Big</a>, which marked the latter's first tour of Australia and Extreme's first tour of the continent since 1993. After their Australian tour, they went on to tour Kuala Lumpur, Singapore, Bangkok and Taipei.\n</p><p>Extreme headlined Shirock 2019 alongside Scottish hard rock band <a href=\"/wiki/Nazareth_(band)\" title=\"Nazareth (band)\">Nazareth</a>. On October 19, 2019, the band performed in India in front of over 30,000 fans in <a href=\"/wiki/Ukhrul\" title=\"Ukhrul\">Ukhrul</a>.\n</p><p>On February 17, 2023, the band began to release a different teaser each day, to end on February 28. On March 1, 2023, Extreme released the single \"Rise\" and announced that <i><a href=\"/wiki/Six_(Extreme_album)\" title=\"Six (Extreme album)\">Six</a></i> would be released on June 9 of the same year. On April 19, 2023, Extreme released the official videos for \"Banshee\" and \"#Rebel\" on their YouTube channel.\n</p>\n<div class=\"mw-heading mw-heading2\"><h2 id=\"Band_members\">Band members</h2></div>\n<p><b>Current members</b>\n</p>\n<ul><li><a href=\"/wiki/Gary_Cherone\" title=\"Gary Cherone\">Gary Cherone</a> – lead vocals (1985–1996, 2004, 2005, 2006, 2007–present)</li>\n<li><a href=\"/wiki/Nuno_Bettencourt\" title=\"Nuno Bettencourt\">Nuno Bettencourt</a> – guitars, keyboards, piano, backing and lead vocals, brass and orchestration arrangements (1985–1996, 2004, 2005, 2006, 2007–present)</li>\n<li><a href=\"/wiki/Pat_Badger\" title=\"Pat Badger\">Pat Badger</a> – bass, backing vocals (1985–1996, 2006, 2007–present)</li>\n<li><a href=\"/wiki/Kevin_Figueiredo\" title=\"Kevin Figueiredo\">Kevin Figueiredo</a> – drums, percussion (2007–present)</li></ul>\n<p><b>Former members</b>\n</p>\n<ul><li><a href=\"/wiki/Paul_Geary\" title=\"Paul Geary\">Paul Geary</a> – drums, percussion, occasional backing vocals (1985–1994, 2004, 2005–2006; special guest 2017)</li>\n<li><a href=\"/wiki/Mike_Mangini\" title=\"Mike Mangini\">Mike Mangini</a> – drums, percussion (1994–1996, 2004; special guest for three shows in 2006)</li>\n<li><a href=\"/wiki/Carl_Restivo\" title=\"Carl Restivo\">Carl Restivo</a> – bass, backing vocals (2004)</li>\n<li><a href=\"/wiki/Steve_Ferlazzo\" title=\"Steve Ferlazzo\">Steve Ferlazzo</a> – keyboards (2004)</li>\n<li>Laurent Duval – bass, backing vocals (2005)</li></ul>\n<div class=\"mw-heading mw-heading3\"><h3 id=\"Timeline\">Timeline</h3></div>\n<div class=\"timeline-wrapper\"><map name=\"timeline_6ls61c30vx3mcvapwbdlcfn45v7a7y2\"></map><img usemap=\"#timeline_6ls61c30vx3mcvapwbdlcfn45v7a7y2\" src=\"//upload.wikimedia.org/wikipedia/en/timeline/6ls61c30vx3mcvapwbdlcfn45v7a7y2.png\" /></div>\n<div class=\"mw-heading mw-heading2\"><h2 id=\"Discography\">Discography</h2></div>\n<link rel=\"mw-deduplicated-inline-style\" href=\"mw-data:TemplateStyles:r1236090951\" /><div role=\"note\" class=\"hatnote navigation-not-searchable\">Main article: <a href=\"/wiki/Extreme_discography\" title=\"Extreme discography\">Extreme discography</a></div>\n<ul><li><i><a href=\"/wiki/Extreme_(Extreme_album)\" title=\"Extreme (Extreme album)\">Extreme</a></i> (1989)</li>\n<li><i><a href=\"/wiki/Extreme_II:_Pornograffitti\" title=\"Extreme II: Pornograffitti\">Extreme II: Pornograffitti</a></i> (1990)</li>\n<li><i><a href=\"/wiki/III_Sides_to_Every_Story\" title=\"III Sides to Every Story\">III Sides to Every Story</a></i> (1992)</li>\n<li><i><a href=\"/wiki/Waiting_for_the_Punchline\" title=\"Waiting for the Punchline\">Waiting for the Punchline</a></i> (1995)</li>\n<li><i><a href=\"/wiki/Saudades_de_Rock\" title=\"Saudades de Rock\">Saudades de Rock</a></i> (2008)</li>\n<li><i><a href=\"/wiki/Six_(Extreme_album)\" title=\"Six (Extreme album)\">Six</a></i> (2023)</li></ul>\n<div class=\"mw-heading mw-heading2\"><h2 id=\"Concert_tours\">Concert tours</h2></div>\n<ul><li>Extreme Tour</li>\n<li>Pornograffitti Tour</li>\n<li>III Sides to Every Story Tour</li>\n<li>Waiting for the Punchline Tour</li>\n<li>2004 Mini-Reunion Tour (Azores, Portugal)</li>\n<li>2005 Reunion Tour (Japan)</li>\n<li>2006 Reunion Mini-Tour (New England area, US)</li>\n<li><a href=\"/wiki/Take_Us_Alive_World_Tour\" title=\"Take Us Alive World Tour\">Take Us Alive World Tour</a> 2008</li>\n<li><a href=\"/wiki/East_Meets_West_Tour\" title=\"East Meets West Tour\">East Meets West Tour</a> '09</li>\n<li>Pornograffitti Live Tour 2014</li>\n<li>Pornograffitti 25th Anniversary Tour 2015</li>\n<li>2016 Tour</li>\n<li>2017 Tour</li>\n<li>2018 Australian Tour with <a href=\"/wiki/Mr._Big_(American_band)\" title=\"Mr. Big (American band)\">Mr. Big</a></li>\n<li>2019 Tour</li>\n<li>Thicker Than Blood 2023 with <a href=\"/wiki/Living_Colour\" title=\"Living Colour\">Living Colour</a></li></ul>\n<div class=\"mw-heading mw-heading2\"><h2 id=\"See_also\">See also</h2></div>\n<ul><li><a href=\"/wiki/List_of_artists_who_reached_number_one_in_the_United_States\" title=\"List of artists who reached number one in the United States\">List of artists who reached number one in the United States</a></li>\n<li><a href=\"/wiki/List_of_artists_who_reached_number_one_on_the_U.S._Mainstream_Rock_chart\" title=\"List of artists who reached number one on the U.S. Mainstream Rock chart\">List of artists who reached number one on the U.S. Mainstream Rock chart</a></li>\n<li><a href=\"/wiki/List_of_former_A%26M_Records_artists\" class=\"mw-redirect\" title=\"List of former A&amp;M Records artists\">List of former A&amp;M Records artists</a></li>\n<li><a href=\"/wiki/List_of_funk_metal_bands\" class=\"mw-redirect\" title=\"List of funk metal bands\">List of funk metal bands</a></li>\n<li><a href=\"/wiki/List_of_glam_metal_bands_and_artists\" title=\"List of glam metal bands and artists\">List of glam metal bands and artists</a></li>\n<li><a href=\"/wiki/List_of_people_from_Boston\" title=\"List of people from Boston\">List of people from Boston</a></li>\n<li><a href=\"/wiki/List_of_performers_on_Top_of_the_Pops\" title=\"List of performers on Top of the Pops\">List of performers on <i>Top of the Pops</i></a></li></ul>\n<div class=\"mw-heading mw-heading2\"><h2 id=\"References\">References</h2></div>\n<style data-mw-deduplicate=\"TemplateStyles:r1239543626\">.mw-parser-output .reflist{margin-bottom:0.5em;list-style-type:decimal}@media screen{.mw-parser-output .reflist{font-size:90%}}.mw-parser-output .reflist .references{font-size:100%;margin-bottom:0;list-style-type:inherit}.mw-parser-output .reflist-columns-2{column-width:30em}.mw-parser-output .reflist-columns-3{column-width:25em}.mw-parser-output .reflist-columns{margin-top:0.3em}.mw-parser-output .reflist-columns ol{margin-top:0}.mw-parser-output .reflist-columns li{page-break-inside:avoid;break-inside:avoid-column}.mw-parser-output .reflist-upper-alpha{list-style-type:upper-alpha}.mw-parser-output .reflist-upper-roman{list-style-type:upper-roman}.mw-parser-output .reflist-lower-alpha{list-style-type:lower-alpha}.mw-parser-output .reflist-lower-greek{list-style-type:lower-greek}.mw-parser-output .reflist-lower-roman{list-style-type:lower-roman}</style><div class=\"reflist\">\n<div class=\"mw-references-wrap mw-references-columns\"><ol class=\"references\">\n<li id=\"cite_note-1\"><span class=\"mw-cite-backlink\"><b><a href=\"#cite_ref-1\">^</a></b></span> <span class=\"reference-text\"><style data-mw-deduplicate=\"TemplateStyles:r1238218222\">.mw-parser-output cite.citation{font-style:inherit;word-wrap:break-word}.mw-parser-output .citation q{quotes:\"\\\"\"\"\\\"\"\"'\"\"'\"}.mw-parser-output .citation:target{background-color:rgba(0,127,255,0.133)}.mw-parser-output .id-lock-free.id-lock-free a{background:url(\"//upload.wikimedia.org/wikipedia/commons/6/65/Lock-green.svg\")right 0.1em center/9px no-repeat}.mw-parser-output .id-lock-limited.id-lock-limited a,.mw-parser-output .id-lock-registration.id-lock-registration a{background:url(\"//upload.wikimedia.org/wikipedia/commons/d/d6/Lock-gray-alt-2.svg\")right 0.1em center/9px no-repeat}.mw-parser-output .id-lock-subscription.id-lock-subscription a{background:url(\"//upload.wikimedia.org/wikipedia/commons/a/aa/Lock-red-alt-2.svg\")right 0.1em center/9px no-repeat}.mw-parser-output .cs1-ws-icon a{background:url(\"//upload.wikimedia.org/wikipedia/commons/4/4c/Wikisource-logo.svg\")right 0.1em center/12px no-repeat}body:not(.skin-timeless):not(.skin-minerva) .mw-parser-output .id-lock-free a,body:not(.skin-timeless):not(.skin-minerva) .mw-parser-output .id-lock-limited a,body:not(.skin-timeless):not(.skin-minerva) .mw-parser-output .id-lock-registration a,body:not(.skin-timeless):not(.skin-minerva) .mw-parser-output .id-lock-subscription a,body:not(.skin-timeless):not(.skin-minerva) .mw-parser-output .cs1-ws-icon a{background-size:contain;padding:0 1em 0 0}.mw-parser-output .cs1-code{color:inherit;background:inherit;border:none;padding:inherit}.mw-parser-output .cs1-hidden-error{display:none;color:var(--color-error,#d33)}.mw-parser-output .cs1-visible-error{color:var(--color-error,#d33)}.mw-parser-output .cs1-maint{display:none;color:#085;margin-left:0.3em}.mw-parser-output .cs1-kern-left{padding-left:0.2em}.mw-parser-output .cs1-kern-right{padding-right:0.2em}.mw-parser-output .citation .mw-selflink{font-weight:inherit}@media screen{.mw-parser-output .cs1-format{font-size:95%}html.skin-theme-clientpref-night .mw-parser-output .cs1-maint{color:#18911f}}@media screen and (prefers-color-scheme:dark){html.skin-theme-clientpref-os .mw-parser-output .cs1-maint{color:#18911f}}</style><cite id=\"CITEREFHuey\" class=\"citation web cs1\">Huey, Steve. <a rel=\"nofollow\" class=\"external text\" href=\"https://www.allmusic.com/album/iii-sides-to-every-story-mw0000614926\">\"Extreme – III Sides to Every Story\"</a>. AllMusic<span class=\"reference-accessdate\">. Retrieved <span class=\"nowrap\">August 13,</span> 2014</span>.</cite><span title=\"ctx_ver=Z39.88-2004&amp;rft_val_fmt=info%3Aofi%2Ffmt%3Akev%3Amtx%3Abook&amp;rft.genre=unknown&amp;rft.btitle=Extreme+%E2%80%93+III+Sides+to+Every+Story&amp;rft.pub=AllMusic&amp;rft.aulast=Huey&amp;rft.aufirst=Steve&amp;rft_id=https%3A%2F%2Fwww.allmusic.com%2Falbum%2Fiii-sides-to-every-story-mw0000614926&amp;rfr_id=info%3Asid%2Fen.wikipedia.org%3AExtreme+%28band%29\" class=\"Z3988\"></span></span>\n</li>\n<li id=\"cite_note-2\"><span class=\"mw-cite-backlink\"><b><a href=\"#cite_ref-2\">^</a></b></span> <span class=\"reference-text\"><link rel=\"mw-deduplicated-inline-style\" href=\"mw-data:TemplateStyles:r1238218222\" /><cite id=\"CITEREFHart2008\" class=\"citation web cs1\">Hart, Ron (August 28, 2008). <a rel=\"nofollow\" class=\"external text\" href=\"https://www.popmatters.com/review/extreme-saudades-de-rock/\">\"Extreme: Saudades de Rock\"</a>. <i><a href=\"/wiki/PopMatters\" title=\"PopMatters\">PopMatters</a></i><span class=\"reference-accessdate\">. Retrieved <span class=\"nowrap\">March 3,</span> 2014</span>.</cite><span title=\"ctx_ver=Z39.88-2004&amp;rft_val_fmt=info%3Aofi%2Ffmt%3Akev%3Amtx%3Ajournal&amp;rft.genre=unknown&amp;rft.jtitle=PopMatters&amp;rft.atitle=Extreme%3A+Saudades+de+Rock&amp;rft.date=2008-08-28&amp;rft.aulast=Hart&amp;rft.aufirst=Ron&amp;rft_id=http%3A%2F%2Fwww.popmatters.com%2Freview%2Fextreme-saudades-de-rock%2F&amp;rfr_id=info%3Asid%2Fen.wikipedia.org%3AExtreme+%28band%29\" class=\"Z3988\"></span></span>\n</li>\n<li id=\"cite_note-3\"><span class=\"mw-cite-backlink\"><b><a href=\"#cite_ref-3\">^</a></b></span> <span class=\"reference-text\"><link rel=\"mw-deduplicated-inline-style\" href=\"mw-data:TemplateStyles:r1238218222\" /><cite id=\"CITEREFIwasaki1997\" class=\"citation news cs1\">Iwasaki, Scott (May 15, 1997). <a rel=\"nofollow\" class=\"external text\" href=\"https://news.google.com/newspapers?nid=336&amp;dat=19970515&amp;id=cfBHAAAAIBAJ&amp;sjid=M-0DAAAAIBAJ&amp;pg=5312,8407792\">\"Former Extreme singers put out mixed albums\"</a>. <i><a href=\"/wiki/Deseret_News\" title=\"Deseret News\">Deseret News</a></i>. p.&#160;3.</cite><span title=\"ctx_ver=Z39.88-2004&amp;rft_val_fmt=info%3Aofi%2Ffmt%3Akev%3Amtx%3Ajournal&amp;rft.genre=article&amp;rft.jtitle=Deseret+News&amp;rft.atitle=Former+Extreme+singers+put+out+mixed+albums&amp;rft.pages=3&amp;rft.date=1997-05-15&amp;rft.aulast=Iwasaki&amp;rft.aufirst=Scott&amp;rft_id=https%3A%2F%2Fnews.google.com%2Fnewspapers%3Fnid%3D336%26dat%3D19970515%26id%3DcfBHAAAAIBAJ%26sjid%3DM-0DAAAAIBAJ%26pg%3D5312%2C8407792&amp;rfr_id=info%3Asid%2Fen.wikipedia.org%3AExtreme+%28band%29\" class=\"Z3988\"></span></span>\n</li>\n<li id=\"cite_note-4\"><span class=\"mw-cite-backlink\"><b><a href=\"#cite_ref-4\">^</a></b></span> <span class=\"reference-text\"><link rel=\"mw-deduplicated-inline-style\" href=\"mw-data:TemplateStyles:r1238218222\" /><cite id=\"CITEREFGrossweinerCohen2007\" class=\"citation web cs1\">Grossweiner, Bob; Cohen, Jane (November 26, 2007). <a rel=\"nofollow\" class=\"external text\" href=\"https://web.archive.org/web/20140314192654/http://www.ticketnews.com/news/Gary-Cherone-Extreme-Re-Forms0110726567\">\"Gary Cherone Sighting! Extreme Re-Forms\"</a>. <i>TicketNews</i>. Archived from <a rel=\"nofollow\" class=\"external text\" href=\"http://www.ticketnews.com/news/Gary-Cherone-Extreme-Re-Forms0110726567\">the original</a> on March 14, 2014.</cite><span title=\"ctx_ver=Z39.88-2004&amp;rft_val_fmt=info%3Aofi%2Ffmt%3Akev%3Amtx%3Ajournal&amp;rft.genre=unknown&amp;rft.jtitle=TicketNews&amp;rft.atitle=Gary+Cherone+Sighting%21+Extreme+Re-Forms&amp;rft.date=2007-11-26&amp;rft.aulast=Grossweiner&amp;rft.aufirst=Bob&amp;rft.au=Cohen%2C+Jane&amp;rft_id=http%3A%2F%2Fwww.ticketnews.com%2Fnews%2FGary-Cherone-Extreme-Re-Forms0110726567&amp;rfr_id=info%3Asid%2Fen.wikipedia.org%3AExtreme+%28band%29\" class=\"Z3988\"></span></span>\n</li>\n<li id=\"cite_note-5\"><span class=\"mw-cite-backlink\"><b><a href=\"#cite_ref-5\">^</a></b></span> <span class=\"reference-text\"><link rel=\"mw-deduplicated-inline-style\" href=\"mw-data:TemplateStyles:r1238218222\" /><cite class=\"citation web cs1\"><a rel=\"nofollow\" class=\"external text\" href=\"https://www.riaa.com/gold-platinum/?tab_active=default-award&amp;ar=&amp;ti=Pornograffitti\">\"Gold &amp; Platinum – Pornograffitti\"</a>. <a href=\"/wiki/Recording_Industry_Association_of_America\" title=\"Recording Industry Association of America\">Recording Industry Association of America</a><span class=\"reference-accessdate\">. Retrieved <span class=\"nowrap\">May 16,</span> 2016</span>.</cite><span title=\"ctx_ver=Z39.88-2004&amp;rft_val_fmt=info%3Aofi%2Ffmt%3Akev%3Amtx%3Abook&amp;rft.genre=unknown&amp;rft.btitle=Gold+%26+Platinum+%E2%80%93+Pornograffitti&amp;rft.pub=Recording+Industry+Association+of+America&amp;rft_id=https%3A%2F%2Fwww.riaa.com%2Fgold-platinum%2F%3Ftab_active%3Ddefault-award%26ar%3D%26ti%3DPornograffitti&amp;rfr_id=info%3Asid%2Fen.wikipedia.org%3AExtreme+%28band%29\" class=\"Z3988\"></span></span>\n</li>\n<li id=\"cite_note-6\"><span class=\"mw-cite-backlink\"><b><a href=\"#cite_ref-6\">^</a></b></span> <span class=\"reference-text\"><link rel=\"mw-deduplicated-inline-style\" href=\"mw-data:TemplateStyles:r1238218222\" /><cite id=\"CITEREFErlewine\" class=\"citation web cs1\"><a href=\"/wiki/Stephen_Thomas_Erlewine\" title=\"Stephen Thomas Erlewine\">Erlewine, Stephen Thomas</a>. <a rel=\"nofollow\" class=\"external text\" href=\"https://www.allmusic.com/artist/extreme-mn0000789064/biography\">\"Extreme – Artist Biography\"</a>. AllMusic<span class=\"reference-accessdate\">. Retrieved <span class=\"nowrap\">August 13,</span> 2014</span>.</cite><span title=\"ctx_ver=Z39.88-2004&amp;rft_val_fmt=info%3Aofi%2Ffmt%3Akev%3Amtx%3Abook&amp;rft.genre=unknown&amp;rft.btitle=Extreme+%E2%80%93+Artist+Biography&amp;rft.pub=AllMusic&amp;rft.aulast=Erlewine&amp;rft.aufirst=Stephen+Thomas&amp;rft_id=https%3A%2F%2Fwww.allmusic.com%2Fartist%2Fextreme-mn0000789064%2Fbiography&amp;rfr_id=info%3Asid%2Fen.wikipedia.org%3AExtreme+%28band%29\" class=\"Z3988\"></span></span>\n</li>\n<li id=\"cite_note-Larkin-7\"><span class=\"mw-cite-backlink\">^ <a href=\"#cite_ref-Larkin_7-0\"><sup><i><b>a</b></i></sup></a> <a href=\"#cite_ref-Larkin_7-1\"><sup><i><b>b</b></i></sup></a> <a href=\"#cite_ref-Larkin_7-2\"><sup><i><b>c</b></i></sup></a> <a href=\"#cite_ref-Larkin_7-3\"><sup><i><b>d</b></i></sup></a> <a href=\"#cite_ref-Larkin_7-4\"><sup><i><b>e</b></i></sup></a> <a href=\"#cite_ref-Larkin_7-5\"><sup><i><b>f</b></i></sup></a> <a href=\"#cite_ref-Larkin_7-6\"><sup><i><b>g</b></i></sup></a> <a href=\"#cite_ref-Larkin_7-7\"><sup><i><b>h</b></i></sup></a> <a href=\"#cite_ref-Larkin_7-8\"><sup><i><b>i</b></i></sup></a></span> <span class=\"reference-text\"><link rel=\"mw-deduplicated-inline-style\" href=\"mw-data:TemplateStyles:r1238218222\" /><cite id=\"CITEREFLarkin1997\" class=\"citation book cs1\"><a href=\"/wiki/Colin_Larkin_(writer)\" class=\"mw-redirect\" title=\"Colin Larkin (writer)\">Larkin, Colin</a>, ed. (1997). <i><a href=\"/wiki/Encyclopedia_of_Popular_Music\" class=\"mw-redirect\" title=\"Encyclopedia of Popular Music\">The Virgin Encyclopedia of Popular Music</a></i> (Concise&#160;ed.). <a href=\"/wiki/Virgin_Books\" title=\"Virgin Books\">Virgin Books</a>. pp.&#160;<span class=\"nowrap\">444–</span>445. <a href=\"/wiki/ISBN_(identifier)\" class=\"mw-redirect\" title=\"ISBN (identifier)\">ISBN</a>&#160;<a href=\"/wiki/Special:BookSources/1-85227-745-9\" title=\"Special:BookSources/1-85227-745-9\"><bdi>1-85227-745-9</bdi></a>.</cite><span title=\"ctx_ver=Z39.88-2004&amp;rft_val_fmt=info%3Aofi%2Ffmt%3Akev%3Amtx%3Abook&amp;rft.genre=book&amp;rft.btitle=The+Virgin+Encyclopedia+of+Popular+Music&amp;rft.pages=444-445&amp;rft.edition=Concise&amp;rft.pub=Virgin+Books&amp;rft.date=1997&amp;rft.isbn=1-85227-745-9&amp;rfr_id=info%3Asid%2Fen.wikipedia.org%3AExtreme+%28band%29\" class=\"Z3988\"></span></span>\n</li>\n<li id=\"cite_note-8\"><span class=\"mw-cite-backlink\"><b><a href=\"#cite_ref-8\">^</a></b></span> <span class=\"reference-text\"><link rel=\"mw-deduplicated-inline-style\" href=\"mw-data:TemplateStyles:r1238218222\" /><cite id=\"CITEREFGarneau2011\" class=\"citation web cs1\">Garneau, Eric (November 22, 2011). <a rel=\"nofollow\" class=\"external text\" href=\"https://www.covermesongs.com/2011/11/a-look-back-at-the-freddie-mercury-tribute-concert.html\">\"A Look Back at the Freddie Mercury Tribute Concert\"</a>. <i>Cover Me</i><span class=\"reference-accessdate\">. Retrieved <span class=\"nowrap\">April 30,</span> 2022</span>.</cite><span title=\"ctx_ver=Z39.88-2004&amp;rft_val_fmt=info%3Aofi%2Ffmt%3Akev%3Amtx%3Ajournal&amp;rft.genre=unknown&amp;rft.jtitle=Cover+Me&amp;rft.atitle=A+Look+Back+at+the+Freddie+Mercury+Tribute+Concert&amp;rft.date=2011-11-22&amp;rft.aulast=Garneau&amp;rft.aufirst=Eric&amp;rft_id=https%3A%2F%2Fwww.covermesongs.com%2F2011%2F11%2Fa-look-back-at-the-freddie-mercury-tribute-concert.html&amp;rfr_id=info%3Asid%2Fen.wikipedia.org%3AExtreme+%28band%29\" class=\"Z3988\"></span></span>\n</li>\n<li id=\"cite_note-9\"><span class=\"mw-cite-backlink\"><b><a href=\"#cite_ref-9\">^</a></b></span> <span class=\"reference-text\"><link rel=\"mw-deduplicated-inline-style\" href=\"mw-data:TemplateStyles:r1238218222\" /><cite id=\"CITEREFRuscito2015\" class=\"citation web cs1\">Ruscito, Kate (June 15, 2015). <a rel=\"nofollow\" class=\"external text\" href=\"https://blog.nfb.ca/blog/2015/06/15/nfb-music/\">\"NFB Remixed&#160;: Watch 5 Music Videos Inspired by the NFB\"</a>. <a href=\"/wiki/National_Film_Board_of_Canada\" title=\"National Film Board of Canada\">National Film Board of Canada</a><span class=\"reference-accessdate\">. Retrieved <span class=\"nowrap\">April 30,</span> 2022</span>.</cite><span title=\"ctx_ver=Z39.88-2004&amp;rft_val_fmt=info%3Aofi%2Ffmt%3Akev%3Amtx%3Abook&amp;rft.genre=unknown&amp;rft.btitle=NFB+Remixed+%3A+Watch+5+Music+Videos+Inspired+by+the+NFB&amp;rft.pub=National+Film+Board+of+Canada&amp;rft.date=2015-06-15&amp;rft.aulast=Ruscito&amp;rft.aufirst=Kate&amp;rft_id=https%3A%2F%2Fblog.nfb.ca%2Fblog%2F2015%2F06%2F15%2Fnfb-music%2F&amp;rfr_id=info%3Asid%2Fen.wikipedia.org%3AExtreme+%28band%29\" class=\"Z3988\"></span></span>\n</li>\n<li id=\"cite_note-10\"><span class=\"mw-cite-backlink\"><b><a href=\"#cite_ref-10\">^</a></b></span> <span class=\"reference-text\"><link rel=\"mw-deduplicated-inline-style\" href=\"mw-data:TemplateStyles:r1238218222\" /><cite id=\"CITEREFCantin2004\" class=\"citation web cs1\">Cantin, Paul (December 1, 2004). <a rel=\"nofollow\" class=\"external text\" href=\"https://web.archive.org/web/20160310163035/http://jam.canoe.com/Music/Artists/V/Van_Halen/1999/11/05/751518.html\">\"Report: Van Halen splits with singer\"</a>. <a href=\"/wiki/Jam!\" title=\"Jam!\">Jam!</a>. <a href=\"/wiki/Canoe.ca\" class=\"mw-redirect\" title=\"Canoe.ca\">Canoe.ca</a>. Archived from <a rel=\"nofollow\" class=\"external text\" href=\"http://jam.canoe.com/Music/Artists/V/Van_Halen/1999/11/05/751518.html\">the original</a> on March 10, 2016<span class=\"reference-accessdate\">. Retrieved <span class=\"nowrap\">August 13,</span> 2014</span>.</cite><span title=\"ctx_ver=Z39.88-2004&amp;rft_val_fmt=info%3Aofi%2Ffmt%3Akev%3Amtx%3Abook&amp;rft.genre=unknown&amp;rft.btitle=Report%3A+Van+Halen+splits+with+singer&amp;rft.pub=Jam%21.+Canoe.ca&amp;rft.date=2004-12-01&amp;rft.aulast=Cantin&amp;rft.aufirst=Paul&amp;rft_id=http%3A%2F%2Fjam.canoe.com%2FMusic%2FArtists%2FV%2FVan_Halen%2F1999%2F11%2F05%2F751518.html&amp;rfr_id=info%3Asid%2Fen.wikipedia.org%3AExtreme+%28band%29\" class=\"Z3988\"></span></span>\n</li>\n<li id=\"cite_note-11\"><span class=\"mw-cite-backlink\"><b><a href=\"#cite_ref-11\">^</a></b></span> <span class=\"reference-text\"><link rel=\"mw-deduplicated-inline-style\" href=\"mw-data:TemplateStyles:r1238218222\" /><cite class=\"citation web cs1\"><a rel=\"nofollow\" class=\"external text\" href=\"http://www.blabbermouth.net/news/gary-cherone-talks-extreme-van-halen-and-hurtsmile-in-new-interview/\">\"GARY CHERONE Talks EXTREME, VAN HALEN And HURTSMILE in New Interview\"</a>. <i><a href=\"/wiki/Blabbermouth.net\" title=\"Blabbermouth.net\">Blabbermouth.net</a></i>. December 26, 2010<span class=\"reference-accessdate\">. Retrieved <span class=\"nowrap\">August 13,</span> 2014</span>.</cite><span title=\"ctx_ver=Z39.88-2004&amp;rft_val_fmt=info%3Aofi%2Ffmt%3Akev%3Amtx%3Ajournal&amp;rft.genre=unknown&amp;rft.jtitle=Blabbermouth.net&amp;rft.atitle=GARY+CHERONE+Talks+EXTREME%2C+VAN+HALEN+And+HURTSMILE+in+New+Interview&amp;rft.date=2010-12-26&amp;rft_id=http%3A%2F%2Fwww.blabbermouth.net%2Fnews%2Fgary-cherone-talks-extreme-van-halen-and-hurtsmile-in-new-interview%2F&amp;rfr_id=info%3Asid%2Fen.wikipedia.org%3AExtreme+%28band%29\" class=\"Z3988\"></span></span>\n</li>\n<li id=\"cite_note-12\"><span class=\"mw-cite-backlink\"><b><a href=\"#cite_ref-12\">^</a></b></span> <span class=\"reference-text\"><link rel=\"mw-deduplicated-inline-style\" href=\"mw-data:TemplateStyles:r1238218222\" /><cite class=\"citation web cs1\"><a rel=\"nofollow\" class=\"external text\" href=\"http://www.blabbermouth.net/news/extreme-to-record-new-music-in-the-fall-says-gary-cherone/\">\"Extreme to Record New Music in the Fall, Says Gary Cherone\"</a>. <i><a href=\"/wiki/Blabbermouth.net\" title=\"Blabbermouth.net\">Blabbermouth.net</a></i>. May 16, 2015<span class=\"reference-accessdate\">. Retrieved <span class=\"nowrap\">May 16,</span> 2015</span>.</cite><span title=\"ctx_ver=Z39.88-2004&amp;rft_val_fmt=info%3Aofi%2Ffmt%3Akev%3Amtx%3Ajournal&amp;rft.genre=unknown&amp;rft.jtitle=Blabbermouth.net&amp;rft.atitle=Extreme+to+Record+New+Music+in+the+Fall%2C+Says+Gary+Cherone&amp;rft.date=2015-05-16&amp;rft_id=http%3A%2F%2Fwww.blabbermouth.net%2Fnews%2Fextreme-to-record-new-music-in-the-fall-says-gary-cherone%2F&amp;rfr_id=info%3Asid%2Fen.wikipedia.org%3AExtreme+%28band%29\" class=\"Z3988\"></span></span>\n</li>\n<li id=\"cite_note-13\"><span class=\"mw-cite-backlink\"><b><a href=\"#cite_ref-13\">^</a></b></span> <span class=\"reference-text\"><link rel=\"mw-deduplicated-inline-style\" href=\"mw-data:TemplateStyles:r1238218222\" /><cite class=\"citation web cs1\"><a rel=\"nofollow\" class=\"external text\" href=\"http://www.blabbermouth.net/news/extreme-is-working-on-17-songs-for-next-studio-album-says-nuno-bettencourt/\">\"EXTREME Is Working on 17 Songs for Next Studio Album, Says NUNO BETTENCOURT\"</a>. <i>Blabbermouth.net</i>. September 11, 2016<span class=\"reference-accessdate\">. Retrieved <span class=\"nowrap\">September 11,</span> 2016</span>.</cite><span title=\"ctx_ver=Z39.88-2004&amp;rft_val_fmt=info%3Aofi%2Ffmt%3Akev%3Amtx%3Ajournal&amp;rft.genre=unknown&amp;rft.jtitle=Blabbermouth.net&amp;rft.atitle=EXTREME+Is+Working+on+17+Songs+for+Next+Studio+Album%2C+Says+NUNO+BETTENCOURT&amp;rft.date=2016-09-11&amp;rft_id=http%3A%2F%2Fwww.blabbermouth.net%2Fnews%2Fextreme-is-working-on-17-songs-for-next-studio-album-says-nuno-bettencourt%2F&amp;rfr_id=info%3Asid%2Fen.wikipedia.org%3AExtreme+%28band%29\" class=\"Z3988\"></span></span>\n</li>\n<li id=\"cite_note-14\"><span class=\"mw-cite-backlink\"><b><a href=\"#cite_ref-14\">^</a></b></span> <span class=\"reference-text\"><link rel=\"mw-deduplicated-inline-style\" href=\"mw-data:TemplateStyles:r1238218222\" /><cite class=\"citation web cs1\"><a rel=\"nofollow\" class=\"external text\" href=\"https://www.ultimate-guitar.com/news/general_music_news/extreme_are_working_on_new_music_announces_frontman_gary_cherone.html\">\"Extreme Are Working on New Music, Announces Frontman Gary Cherone\"</a>. <a href=\"/wiki/Ultimate_Guitar\" title=\"Ultimate Guitar\">Ultimate Guitar</a>. July 1, 2022<span class=\"reference-accessdate\">. Retrieved <span class=\"nowrap\">July 1,</span> 2022</span>.</cite><span title=\"ctx_ver=Z39.88-2004&amp;rft_val_fmt=info%3Aofi%2Ffmt%3Akev%3Amtx%3Abook&amp;rft.genre=unknown&amp;rft.btitle=Extreme+Are+Working+on+New+Music%2C+Announces+Frontman+Gary+Cherone&amp;rft.pub=Ultimate+Guitar&amp;rft.date=2022-07-01&amp;rft_id=https%3A%2F%2Fwww.ultimate-guitar.com%2Fnews%2Fgeneral_music_news%2Fextreme_are_working_on_new_music_announces_frontman_gary_cherone.html&amp;rfr_id=info%3Asid%2Fen.wikipedia.org%3AExtreme+%28band%29\" class=\"Z3988\"></span></span>\n</li>\n</ol></div></div>\n<div class=\"mw-heading mw-heading2\"><h2 id=\"External_links\">External links</h2></div>\n<style data-mw-deduplicate=\"TemplateStyles:r1308029216\">.mw-parser-output .side-box{margin:4px 0;box-sizing:border-box;border:1px solid #aaa;font-size:88%;line-height:1.25em;background-color:var(--background-color-interactive-subtle,#f8f9fa);display:flow-root}.mw-parser-output .infobox .side-box{font-size:100%}.mw-parser-output .side-box-abovebelow,.mw-parser-output .side-box-text{padding:0.25em 0.9em}.mw-parser-output .side-box-image{padding:2px 0 2px 0.9em;text-align:center}.mw-parser-output .side-box-imageright{padding:2px 0.9em 2px 0;text-align:center}@media(min-width:500px){.mw-parser-output .side-box-flex{display:flex;align-items:center}.mw-parser-output .side-box-text{flex:1;min-width:0}}@media(min-width:640px){.mw-parser-output .side-box{width:238px}.mw-parser-output .side-box-right{clear:right;float:right;margin-left:1em}.mw-parser-output .side-box-left{margin-right:1em}}</style><style data-mw-deduplicate=\"TemplateStyles:r1311551236\">@media print{body.ns-0 .mw-parser-output .sistersitebox{display:none!important}}@media screen{html.skin-theme-clientpref-night .mw-parser-output .sistersitebox img[src*=\"Wiktionary-logo-en-v2.svg\"]{filter:invert(1)brightness(55%)contrast(250%)hue-rotate(180deg)}}@media screen and (prefers-color-scheme:dark){html.skin-theme-clientpref-os .mw-parser-output .sistersitebox img[src*=\"Wiktionary-logo-en-v2.svg\"]{filter:invert(1)brightness(55%)contrast(250%)hue-rotate(180deg)}}</style><div class=\"side-box side-box-right plainlinks sistersitebox\"><link rel=\"mw-deduplicated-inline-style\" href=\"mw-data:TemplateStyles:r1126788409\" />\n<div class=\"side-box-flex\">\n<div class=\"side-box-image\"><span class=\"noviewer\" typeof=\"mw:File\"><a href=\"/wiki/File:Commons-logo.svg\" class=\"mw-file-description\"><img alt=\"\" src=\"//upload.wikimedia.org/wikipedia/en/thumb/4/4a/Commons-logo.svg/40px-Commons-logo.svg.png\" decoding=\"async\" width=\"30\" height=\"40\" class=\"mw-file-element\" srcset=\"//upload.wikimedia.org/wikipedia/en/thumb/4/4a/Commons-logo.svg/60px-Commons-logo.svg.png 1.5x\" data-file-width=\"1024\" data-file-height=\"1376\" /></a></span></div>\n<div class=\"side-box-text plainlist\">Wikimedia Commons has media related to <span style=\"font-weight: bold; font-style: italic;\"><a href=\"https://commons.wikimedia.org/wiki/Category:Extreme_(band)\" class=\"extiw\" title=\"commons:Category:Extreme (band)\">Extreme (band)</a></span>.</div></div>\n</div>\n<ul><li><span class=\"official-website\"><span class=\"url\"><a rel=\"nofollow\" class=\"external text\" href=\"http://www.extreme-band.com\">Official website</a></span></span> <span class=\"mw-valign-text-top\" typeof=\"mw:File/Frameless\"><a href=\"https://www.wikidata.org/wiki/Q682710#P856\" title=\"Edit this at Wikidata\"><img alt=\"Edit this at Wikidata\" src=\"//upload.wikimedia.org/wikipedia/en/thumb/8/8a/OOjs_UI_icon_edit-ltr-progressive.svg/20px-OOjs_UI_icon_edit-ltr-progressive.svg.png\" decoding=\"async\" width=\"10\" height=\"10\" class=\"mw-file-element\" data-file-width=\"20\" data-file-height=\"20\" /></a></span></li>\n<li><a rel=\"nofollow\" class=\"external text\" href=\"https://www.allmusic.com/artist/mn0000789064\">Extreme</a> at <a href=\"/wiki/AllMusic_(identifier)\" class=\"mw-redirect\" title=\"AllMusic (identifier)\">AllMusic</a> <span class=\"mw-valign-text-top noprint\" typeof=\"mw:File/Frameless\"><a href=\"https://www.wikidata.org/wiki/Q682710#P1728\" title=\"Edit this at Wikidata\"><img alt=\"Edit this at Wikidata\" src=\"//upload.wikimedia.org/wikipedia/en/thumb/8/8a/OOjs_UI_icon_edit-ltr-progressive.svg/20px-OOjs_UI_icon_edit-ltr-progressive.svg.png\" decoding=\"async\" width=\"10\" height=\"10\" class=\"mw-file-element\" data-file-width=\"20\" data-file-height=\"20\" /></a></span></li></ul>\n<div class=\"navbox-styles\"><link rel=\"mw-deduplicated-inline-style\" href=\"mw-data:TemplateStyles:r1129693374\" /><style data-mw-deduplicate=\"TemplateStyles:r1236075235\">.mw-parser-output .navbox{box-sizing:border-box;border:1px solid #a2a9b1;width:100%;clear:both;font-size:88%;text-align:center;padding:1px;margin:1em auto 0}.mw-parser-output .navbox .navbox{margin-top:0}.mw-parser-output .navbox+.navbox,.mw-parser-output .navbox+.navbox-styles+.navbox{margin-top:-1px}.mw-parser-output .navbox-inner,.mw-parser-output .navbox-subgroup{width:100%}.mw-parser-output .navbox-group,.mw-parser-output .navbox-title,.mw-parser-output .navbox-abovebelow{padding:0.25em 1em;line-height:1.5em;text-align:center}.mw-parser-output .navbox-group{white-space:nowrap;text-align:right}.mw-parser-output .navbox,.mw-parser-output .navbox-subgroup{background-color:#fdfdfd}.mw-parser-output .navbox-list{line-height:1.5em;border-color:#fdfdfd}.mw-parser-output .navbox-list-with-group{text-align:left;border-left-width:2px;border-left-style:solid}.mw-parser-output tr+tr>.navbox-abovebelow,.mw-parser-output tr+tr>.navbox-group,.mw-parser-output tr+tr>.navbox-image,.mw-parser-output tr+tr>.navbox-list{border-top:2px solid #fdfdfd}.mw-parser-output .navbox-title{background-color:#ccf}.mw-parser-output .navbox-abovebelow,.mw-parser-output .navbox-group,.mw-parser-output .navbox-subgroup .navbox-title{background-color:#ddf}.mw-parser-output .navbox-subgroup .navbox-group,.mw-parser-output .navbox-subgroup .navbox-abovebelow{background-color:#e6e6ff}.mw-parser-output .navbox-even{background-color:#f7f7f7}.mw-parser-output .navbox-odd{background-color:transparent}.mw-parser-output .navbox .hlist td dl,.mw-parser-output .navbox .hlist td ol,.mw-parser-output .navbox .hlist td ul,.mw-parser-output .navbox td.hlist dl,.mw-parser-output .navbox td.hlist ol,.mw-parser-output .navbox td.hlist ul{padding:0.125em 0}.mw-parser-output .navbox .navbar{display:block;font-size:100%}.mw-parser-output .navbox-title .navbar{float:left;text-align:left;margin-right:0.5em}body.skin--responsive .mw-parser-output .navbox-image img{max-width:none!important}@media print{body.ns-0 .mw-parser-output .navbox{display:none!important}}</style><style data-mw-deduplicate=\"TemplateStyles:r1256394678\">@media screen{.mw-parser-output .navbox-musical-artist-solo .navbox-title{background-color:#f0e68c}.mw-parser-output .navbox-musical-artist-non-vocal .navbox-title{background-color:#f4bf92}.mw-parser-output .navbox-musical-artist-non-perform .navbox-title{background-color:#bfe0bf}.mw-parser-output .navbox-musical-artist-group .navbox-title{background-color:#b0c4de}.mw-parser-output .navbox-musical-artist-cover .navbox-title{background-color:#d8bfd8}.mw-parser-output .navbox-musical-artist-classical .navbox-title{background-color:#b0e0e6}.mw-parser-output .navbox-musical-artist-temp .navbox-title{background-color:#d3d3d3}.mw-parser-output .navbox-musical-artist .navbox-group,.mw-parser-output .navbox-musical-artist .navbox-abovebelow{background-color:var(--background-color-neutral,#eaecf0)}html.skin-theme-clienpref-night .mw-parser-output .navbox-musical-artist .navbox-title{background-color:inherit}}@media screen and (prefers-color-scheme:dark){html.skin-theme-clienpref-os .mw-parser-output .navbox-musical-artist .navbox-title{background-color:inherit}}</style></div><div role=\"navigation\" class=\"navbox navbox-musical-artist navbox-musical-artist-group\" aria-labelledby=\"Extreme1301\" style=\"padding:3px\"><table class=\"nowraplinks vcard hlist mw-collapsible autocollapse navbox-inner\" style=\"border-spacing:0;background:transparent;color:inherit\"><tbody><tr><th scope=\"col\" class=\"navbox-title\" colspan=\"2\"><link rel=\"mw-deduplicated-inline-style\" href=\"mw-data:TemplateStyles:r1129693374\" /><style data-mw-deduplicate=\"TemplateStyles:r1239400231\">.mw-parser-output .navbar{display:inline;font-size:88%;font-weight:normal}.mw-parser-output .navbar-collapse{float:left;text-align:left}.mw-parser-output .navbar-boxtext{word-spacing:0}.mw-parser-output .navbar ul{display:inline-block;white-space:nowrap;line-height:inherit}.mw-parser-output .navbar-brackets::before{margin-right:-0.125em;content:\"[ \"}.mw-parser-output .navbar-brackets::after{margin-left:-0.125em;content:\" ]\"}.mw-parser-output .navbar li{word-spacing:-0.125em}.mw-parser-output .navbar a>span,.mw-parser-output .navbar a>abbr{text-decoration:inherit}.mw-parser-output .navbar-mini abbr{font-variant:small-caps;border-bottom:none;text-decoration:none;cursor:inherit}.mw-parser-output .navbar-ct-full{font-size:114%;margin:0 7em}.mw-parser-output .navbar-ct-mini{font-size:114%;margin:0 4em}html.skin-theme-clientpref-night .mw-parser-output .navbar li a abbr{color:var(--color-base)!important}@media(prefers-color-scheme:dark){html.skin-theme-clientpref-os .mw-parser-output .navbar li a abbr{color:var(--color-base)!important}}@media print{.mw-parser-output .navbar{display:none!important}}</style><div class=\"navbar plainlinks hlist navbar-mini\"><ul><li class=\"nv-view\"><a href=\"/wiki/Template:Extreme\" title=\"Template:Extreme\"><abbr title=\"View this template\">v</abbr></a></li><li class=\"nv-talk\"><a href=\"/wiki/Template_talk:Extreme\" title=\"Template talk:Extreme\"><abbr title=\"Discuss this template\">t</abbr></a></li><li class=\"nv-edit\"><a href=\"/wiki/Special:EditPage/Template:Extreme\" title=\"Special:EditPage/Template:Extreme\"><abbr title=\"Edit this template\">e</abbr></a></li></ul></div><div id=\"Extreme1301\" class=\"fn org\" style=\"font-size:114%;margin:0 4em\"><a class=\"mw-selflink selflink\">Extreme</a></div></th></tr><tr><td class=\"navbox-abovebelow\" colspan=\"2\"><div>\n<ul><li><b><a href=\"/wiki/Gary_Cherone\" title=\"Gary Cherone\">Gary Cherone</a></b></li>\n<li><b><a href=\"/wiki/Nuno_Bettencourt\" title=\"Nuno Bettencourt\">Nuno Bettencourt</a></b></li>\n<li><b><a href=\"/wiki/Pat_Badger\" title=\"Pat Badger\">Pat Badger</a></b></li>\n<li><b><a href=\"/wiki/Kevin_Figueiredo\" title=\"Kevin Figueiredo\">Kevin Figueiredo</a></b></li></ul>\n<ul><li><a href=\"/wiki/Paul_Geary\" title=\"Paul Geary\">Paul Geary</a></li>\n<li><a href=\"/wiki/Mike_Mangini\" title=\"Mike Mangini\">Michael Mangini</a></li>\n<li><a href=\"/wiki/Carl_Restivo\" title=\"Carl Restivo\">Carl Restivo</a></li></ul>\n</div></td></tr><tr><th scope=\"row\" class=\"navbox-group\" style=\"width:1%\">Studio albums</th><td class=\"navbox-list-with-group navbox-list navbox-odd\" style=\"width:100%;padding:0\"><div style=\"padding:0 0.25em\">\n<ul><li><i><a href=\"/wiki/Extreme_(Extreme_album)\" title=\"Extreme (Extreme album)\">Extreme</a></i></li>\n<li><i><a href=\"/wiki/Extreme_II:_Pornograffitti\" title=\"Extreme II: Pornograffitti\">Extreme II: Pornograffitti</a></i></li>\n<li><i><a href=\"/wiki/III_Sides_to_Every_Story\" title=\"III Sides to Every Story\">III Sides to Every Story</a></i></li>\n<li><i><a href=\"/wiki/Waiting_for_the_Punchline\" title=\"Waiting for the Punchline\">Waiting for the Punchline</a></i></li>\n<li><i><a href=\"/wiki/Saudades_de_Rock\" title=\"Saudades de Rock\">Saudades de Rock</a></i></li>\n<li><i><a href=\"/wiki/Six_(Extreme_album)\" title=\"Six (Extreme album)\">Six</a></i></li></ul>\n</div></td></tr><tr><th scope=\"row\" class=\"navbox-group\" style=\"width:1%\">Live albums</th><td class=\"navbox-list-with-group navbox-list navbox-even\" style=\"width:100%;padding:0\"><div style=\"padding:0 0.25em\">\n<ul><li><i><a href=\"/wiki/Take_Us_Alive\" title=\"Take Us Alive\">Take Us Alive</a></i></li></ul>\n</div></td></tr><tr><th scope=\"row\" class=\"navbox-group\" style=\"width:1%\">Compilations</th><td class=\"navbox-list-with-group navbox-list navbox-odd\" style=\"width:100%;padding:0\"><div style=\"padding:0 0.25em\">\n<ul><li><i><a href=\"/wiki/The_Best_of_Extreme:_An_Accidental_Collocation_of_Atoms%3F\" class=\"mw-redirect\" title=\"The Best of Extreme: An Accidental Collocation of Atoms?\">The Best of Extreme: An Accidental Collocation of Atoms?</a></i></li></ul>\n</div></td></tr><tr><th scope=\"row\" class=\"navbox-group\" style=\"width:1%\">Singles</th><td class=\"navbox-list-with-group navbox-list navbox-even\" style=\"width:100%;padding:0\"><div style=\"padding:0 0.25em\">\n<ul><li>\"<a href=\"/wiki/Play_with_Me_(song)\" class=\"mw-redirect\" title=\"Play with Me (song)\">Play with Me</a>\"</li>\n<li>\"<a href=\"/wiki/Kid_Ego_(song)\" class=\"mw-redirect\" title=\"Kid Ego (song)\">Kid Ego</a>\"</li>\n<li>\"<a href=\"/wiki/Decadence_Dance\" class=\"mw-redirect\" title=\"Decadence Dance\">Decadence Dance</a>\"</li>\n<li>\"<a href=\"/wiki/Get_the_Funk_Out\" title=\"Get the Funk Out\">Get the Funk Out</a>\"</li>\n<li>\"<a href=\"/wiki/More_Than_Words\" title=\"More Than Words\">More Than Words</a>\"</li>\n<li>\"<a href=\"/wiki/Hole_Hearted\" title=\"Hole Hearted\">Hole Hearted</a>\"</li>\n<li>\"<a href=\"/wiki/Rest_in_Peace_(song)\" title=\"Rest in Peace (song)\">Rest in Peace</a>\"</li>\n<li>\"<a href=\"/wiki/Stop_the_World_(Extreme_song)\" title=\"Stop the World (Extreme song)\">Stop the World</a>\"</li>\n<li>\"<a href=\"/wiki/Tragic_Comic\" title=\"Tragic Comic\">Tragic Comic</a>\"</li>\n<li>\"<a href=\"/wiki/Cynical_(song)\" class=\"mw-redirect\" title=\"Cynical (song)\">Cynical</a>\"</li>\n<li>\"<a href=\"/wiki/Hip_Today\" title=\"Hip Today\">Hip Today</a>\"</li>\n<li>\"<a href=\"/wiki/Star_(Extreme_song)\" title=\"Star (Extreme song)\">Star</a>\"</li></ul>\n</div></td></tr><tr><th scope=\"row\" class=\"navbox-group\" style=\"width:1%\">Tours</th><td class=\"navbox-list-with-group navbox-list navbox-odd\" style=\"width:100%;padding:0\"><div style=\"padding:0 0.25em\">\n<ul><li><a href=\"/wiki/Take_Us_Alive_World_Tour\" title=\"Take Us Alive World Tour\">Take Us Alive World Tour</a></li>\n<li><a href=\"/wiki/East_Meets_West_Tour\" title=\"East Meets West Tour\">East Meets West Tour</a></li></ul>\n</div></td></tr><tr><th scope=\"row\" class=\"navbox-group\" style=\"width:1%\">Related articles</th><td class=\"navbox-list-with-group navbox-list navbox-even\" style=\"width:100%;padding:0\"><div style=\"padding:0 0.25em\">\n<ul><li><a href=\"/wiki/Extreme_discography\" title=\"Extreme discography\">Discography</a></li>\n<li><a href=\"/wiki/Van_Halen\" title=\"Van Halen\">Van Halen</a></li>\n<li><a href=\"/wiki/DramaGods\" title=\"DramaGods\">DramaGods</a></li>\n<li><a href=\"/wiki/Tribe_of_Judah_(band)\" title=\"Tribe of Judah (band)\">Tribe of Judah</a></li>\n<li><a href=\"/wiki/Mourning_Widows\" title=\"Mourning Widows\">Mourning Widows</a></li>\n<li><a href=\"/wiki/Satellite_Party\" title=\"Satellite Party\">Satellite Party</a></li>\n<li><a href=\"/wiki/Hurtsmile\" title=\"Hurtsmile\">Hurtsmile</a></li>\n<li><a href=\"/wiki/Generation_Axe\" title=\"Generation Axe\">Generation Axe</a></li></ul>\n</div></td></tr></tbody></table></div>\n<div class=\"navbox-styles\"><link rel=\"mw-deduplicated-inline-style\" href=\"mw-data:TemplateStyles:r1129693374\" /><link rel=\"mw-deduplicated-inline-style\" href=\"mw-data:TemplateStyles:r1236075235\" /><style data-mw-deduplicate=\"TemplateStyles:r1038841319\">.mw-parser-output .tooltip-dotted{border-bottom:1px dotted;cursor:help}</style></div><div role=\"navigation\" class=\"navbox authority-control\" aria-labelledby=\"Authority_control_databases_frameless&amp;#124;text-top&amp;#124;10px&amp;#124;alt=Edit_this_at_Wikidata&amp;#124;link=https&amp;#58;//www.wikidata.org/wiki/Q682710#identifiers&amp;#124;class=noprint&amp;#124;Edit_this_at_Wikidata1240\" style=\"padding:3px\"><table class=\"nowraplinks hlist mw-collapsible autocollapse navbox-inner\" style=\"border-spacing:0;background:transparent;color:inherit\"><tbody><tr><th scope=\"col\" class=\"navbox-title\" colspan=\"2\"><div id=\"Authority_control_databases_frameless&amp;#124;text-top&amp;#124;10px&amp;#124;alt=Edit_this_at_Wikidata&amp;#124;link=https&amp;#58;//www.wikidata.org/wiki/Q682710#identifiers&amp;#124;class=noprint&amp;#124;Edit_this_at_Wikidata1240\" style=\"font-size:114%;margin:0 4em\"><a href=\"/wiki/Help:Authority_control\" title=\"Help:Authority control\">Authority control databases</a> <span class=\"mw-valign-text-top noprint\" typeof=\"mw:File/Frameless\"><a href=\"https://www.wikidata.org/wiki/Q682710#identifiers\" title=\"Edit this at Wikidata\"><img alt=\"Edit this at Wikidata\" src=\"//upload.wikimedia.org/wikipedia/en/thumb/8/8a/OOjs_UI_icon_edit-ltr-progressive.svg/20px-OOjs_UI_icon_edit-ltr-progressive.svg.png\" decoding=\"async\" width=\"10\" height=\"10\" class=\"mw-file-element\" data-file-width=\"20\" data-file-height=\"20\" /></a></span></div></th></tr><tr><th scope=\"row\" class=\"navbox-group\" style=\"width:1%\">International</th><td class=\"navbox-list-with-group navbox-list navbox-odd\" style=\"width:100%;padding:0\"><div style=\"padding:0 0.25em\"><ul><li><span class=\"uid\"><a rel=\"nofollow\" class=\"external text\" href=\"https://isni.org/isni/0000000122432312\">ISNI</a></span></li><li><span class=\"uid\"><a rel=\"nofollow\" class=\"external text\" href=\"https://viaf.org/viaf/142034390\">VIAF</a></span></li><li><span class=\"uid\"><a rel=\"nofollow\" class=\"external text\" href=\"https://d-nb.info/gnd/2129267-X\">GND</a></span></li></ul></div></td></tr><tr><th scope=\"row\" class=\"navbox-group\" style=\"width:1%\">National</th><td class=\"navbox-list-with-group navbox-list navbox-even\" style=\"width:100%;padding:0\"><div style=\"padding:0 0.25em\"><ul><li><span class=\"uid\"><a rel=\"nofollow\" class=\"external text\" href=\"https://id.loc.gov/authorities/n91083223\">United States</a></span></li><li><span class=\"uid\"><a rel=\"nofollow\" class=\"external text\" href=\"https://catalogue.bnf.fr/ark:/12148/cb139239958\">France</a></span></li><li><span class=\"uid\"><a rel=\"nofollow\" class=\"external text\" href=\"https://data.bnf.fr/ark:/12148/cb139239958\">BnF data</a></span></li><li><span class=\"uid\"><span class=\"rt-commentedText tooltip tooltip-dotted\" title=\"Extreme (hudební skupina)\"><a rel=\"nofollow\" class=\"external text\" href=\"https://aleph.nkp.cz/F/?func=find-c&amp;local_base=aut&amp;ccl_term=ica=xx0029150&amp;CON_LNG=ENG\">Czech Republic</a></span></span></li></ul></div></td></tr><tr><th scope=\"row\" class=\"navbox-group\" style=\"width:1%\">Artists</th><td class=\"navbox-list-with-group navbox-list navbox-odd\" style=\"width:100%;padding:0\"><div style=\"padding:0 0.25em\"><ul><li><span class=\"uid\"><a rel=\"nofollow\" class=\"external text\" href=\"https://musicbrainz.org/artist/0e6cc5e5-4f03-4993-a481-d70d0e354d9f\">MusicBrainz</a></span></li></ul></div></td></tr></tbody></table></div>\n<!-- \nNewPP limit report\nParsed by mw‐web.codfw.main‐9c75744‐twzms\nCached time: 20250928050816\nCache expiry: 2592000\nReduced expiry: false\nComplications: [vary‐revision‐sha1, show‐toc]\nCPU time usage: 0.568 seconds\nReal time usage: 0.764 seconds\nPreprocessor visited node count: 2893/1000000\nRevision size: 25221/2097152 bytes\nPost‐expand include size: 70363/2097152 bytes\nTemplate argument size: 5789/2097152 bytes\nHighest expansion depth: 13/100\nExpensive parser function count: 8/500\nUnstrip recursion depth: 1/20\nUnstrip post‐expand size: 77645/5000000 bytes\nLua time usage: 0.327/10.000 seconds\nLua memory usage: 7572694/52428800 bytes\nNumber of Wikibase entities loaded: 1/500\n-->\n<!--\nTransclusion expansion time report (%,ms,calls,template)\n100.00%  686.174      1 -total\n 24.15%  165.694      1 Template:Reflist\n 19.19%  131.700     12 Template:Cite_web\n 13.26%   90.997      1 Template:Infobox_musical_artist\n 12.69%   87.087      1 Template:Infobox\n 10.83%   74.282      1 Template:Short_description\n  9.91%   67.968      1 Template:More_citations_needed\n  9.20%   63.120      1 Template:Ambox\n  7.39%   50.727      1 Template:Extreme\n  7.17%   49.217      1 Template:Navbox_musical_artist\n-->\n\n<!-- Saved in parser cache with key enwiki:pcache:231287:|#|:idhash:canonical and timestamp 20250928050816 and revision id 1308830872. Rendering was triggered because: page_view\n -->\n</div>"
        }
    }
}