{
    "parse": {
        "title": "FireHouse",
        "pageid": 1392370,
        "text": {
            "*": "<div class=\"mw-content-ltr mw-parser-output\" lang=\"en\" dir=\"ltr\"><div class=\"shortdescription nomobile noexcerpt noprint searchaux\" style=\"display:none\">American rock band</div>\n<style data-mw-deduplicate=\"TemplateStyles:r1236090951\">.mw-parser-output .hatnote{font-style:italic}.mw-parser-output div.hatnote{padding-left:1.6em;margin-bottom:0.5em}.mw-parser-output .hatnote i{font-style:normal}.mw-parser-output .hatnote+link+.hatnote{margin-top:-0.5em}@media print{body.ns-0 .mw-parser-output .hatnote{display:none!important}}</style><div role=\"note\" class=\"hatnote navigation-not-searchable\">This article is about the band. For the structure used for storing firefighting apparatuses, see <a href=\"/wiki/Fire_station\" title=\"Fire station\">Fire station</a>. For other uses, see <a href=\"/wiki/Firehouse_(disambiguation)\" class=\"mw-disambig\" title=\"Firehouse (disambiguation)\">Firehouse (disambiguation)</a>.</div>\n<p class=\"mw-empty-elt\">\n</p>\n<style data-mw-deduplicate=\"TemplateStyles:r1126788409\">.mw-parser-output .plainlist ol,.mw-parser-output .plainlist ul{line-height:inherit;list-style:none;margin:0;padding:0}.mw-parser-output .plainlist ol li,.mw-parser-output .plainlist ul li{margin-bottom:0}</style><style data-mw-deduplicate=\"TemplateStyles:r1295905060\">.mw-parser-output .infobox-subbox{padding:0;border:none;margin:-3px;width:auto;min-width:100%;font-size:100%;clear:none;float:none;background-color:transparent}.mw-parser-output .infobox-3cols-child{margin:auto}.mw-parser-output .infobox .navbar{font-size:100%}@media screen{html.skin-theme-clientpref-night .mw-parser-output .infobox-full-data:not(.notheme)>div:not(.notheme)[style]{background:#1f1f23!important;color:#f8f9fa}}@media screen and (prefers-color-scheme:dark){html.skin-theme-clientpref-os .mw-parser-output .infobox-full-data:not(.notheme)>div:not(.notheme)[style]{background:#1f1f23!important;color:#f8f9fa}}@media(min-width:640px){body.skin--responsive .mw-parser-output .infobox-table{display:table!important}body.skin--responsive .mw-parser-output .infobox-table>caption{display:table-caption!important}body.skin--responsive .mw-parser-output .infobox-table>tbody{display:table-row-group}body.skin--responsive .mw-parser-output .infobox-table th,body.skin--responsive .mw-parser-output .infobox-table td{padding-left:inherit;padding-right:inherit}}</style><table class=\"infobox vcard plainlist\"><tbody><tr><th colspan=\"2\" class=\"infobox-above\" style=\"color: #202122;background-color: #b0c4de; font-size: 125%;\"><div class=\"\">FireHouse</div></th></tr><tr><td colspan=\"2\" class=\"infobox-image\"><span typeof=\"mw:File\"><a href=\"/wiki/File:FireHouse_Group_2024.jpg\" class=\"mw-file-description\" title=\"FireHouse members from left to right: Michael Foster, Nate Peck, Allen McKenzie, and Bill Leverty in 2024\"><img alt=\"FireHouse members from left to right: Michael Foster, Nate Peck, Allen McKenzie, and Bill Leverty in 2024\" src=\"//upload.wikimedia.org/wikipedia/commons/thumb/3/3c/FireHouse_Group_2024.jpg/250px-FireHouse_Group_2024.jpg\" decoding=\"async\" width=\"250\" height=\"200\" class=\"mw-file-element\" srcset=\"//upload.wikimedia.org/wikipedia/commons/thumb/3/3c/FireHouse_Group_2024.jpg/500px-FireHouse_Group_2024.jpg 1.5x\" data-file-width=\"3000\" data-file-height=\"2400\" /></a></span><div class=\"infobox-caption\">FireHouse members from left to right: Michael Foster, Nate Peck, Allen McKenzie, and Bill Leverty in 2024</div></td></tr><tr><th colspan=\"2\" class=\"infobox-header\" style=\"color: #202122;background-color: #b0c4de\">Background information</th></tr><tr><th scope=\"row\" class=\"infobox-label\">Origin</th><td class=\"infobox-data\"><a href=\"/wiki/Richmond,_Virginia\" title=\"Richmond, Virginia\">Richmond, Virginia</a>, U.S.</td></tr><tr><th scope=\"row\" class=\"infobox-label\">Genres</th><td class=\"infobox-data\"><style data-mw-deduplicate=\"TemplateStyles:r1129693374\">.mw-parser-output .hlist dl,.mw-parser-output .hlist ol,.mw-parser-output .hlist ul{margin:0;padding:0}.mw-parser-output .hlist dd,.mw-parser-output .hlist dt,.mw-parser-output .hlist li{margin:0;display:inline}.mw-parser-output .hlist.inline,.mw-parser-output .hlist.inline dl,.mw-parser-output .hlist.inline ol,.mw-parser-output .hlist.inline ul,.mw-parser-output .hlist dl dl,.mw-parser-output .hlist dl ol,.mw-parser-output .hlist dl ul,.mw-parser-output .hlist ol dl,.mw-parser-output .hlist ol ol,.mw-parser-output .hlist ol ul,.mw-parser-output .hlist ul dl,.mw-parser-output .hlist ul ol,.mw-parser-output .hlist ul ul{display:inline}.mw-parser-output .hlist .mw-empty-li{display:none}.mw-parser-output .hlist dt::after{content:\": \"}.mw-parser-output .hlist dd::after,.mw-parser-output .hlist li::after{content:\" · \";font-weight:bold}.mw-parser-output .hlist dd:last-child::after,.mw-parser-output .hlist dt:last-child::after,.mw-parser-output .hlist li:last-child::after{content:none}.mw-parser-output .hlist dd dd:first-child::before,.mw-parser-output .hlist dd dt:first-child::before,.mw-parser-output .hlist dd li:first-child::before,.mw-parser-output .hlist dt dd:first-child::before,.mw-parser-output .hlist dt dt:first-child::before,.mw-parser-output .hlist dt li:first-child::before,.mw-parser-output .hlist li dd:first-child::before,.mw-parser-output .hlist li dt:first-child::before,.mw-parser-output .hlist li li:first-child::before{content:\" (\";font-weight:normal}.mw-parser-output .hlist dd dd:last-child::after,.mw-parser-output .hlist dd dt:last-child::after,.mw-parser-output .hlist dd li:last-child::after,.mw-parser-output .hlist dt dd:last-child::after,.mw-parser-output .hlist dt dt:last-child::after,.mw-parser-output .hlist dt li:last-child::after,.mw-parser-output .hlist li dd:last-child::after,.mw-parser-output .hlist li dt:last-child::after,.mw-parser-output .hlist li li:last-child::after{content:\")\";font-weight:normal}.mw-parser-output .hlist ol{counter-reset:listitem}.mw-parser-output .hlist ol>li{counter-increment:listitem}.mw-parser-output .hlist ol>li::before{content:\" \"counter(listitem)\"\\a0 \"}.mw-parser-output .hlist dd ol>li:first-child::before,.mw-parser-output .hlist dt ol>li:first-child::before,.mw-parser-output .hlist li ol>li:first-child::before{content:\" (\"counter(listitem)\"\\a0 \"}</style><div class=\"hlist\">\n<ul><li><a href=\"/wiki/Glam_metal\" title=\"Glam metal\">Glam metal</a><sup id=\"cite_ref-1\" class=\"reference\"><a href=\"#cite_note-1\"><span class=\"cite-bracket\">&#91;</span>1<span class=\"cite-bracket\">&#93;</span></a></sup><sup id=\"cite_ref-2\" class=\"reference\"><a href=\"#cite_note-2\"><span class=\"cite-bracket\">&#91;</span>2<span class=\"cite-bracket\">&#93;</span></a></sup><sup id=\"cite_ref-3\" class=\"reference\"><a href=\"#cite_note-3\"><span class=\"cite-bracket\">&#91;</span>3<span class=\"cite-bracket\">&#93;</span></a></sup></li>\n<li><a href=\"/wiki/Hard_rock\" title=\"Hard rock\">hard rock</a><sup id=\"cite_ref-4\" class=\"reference\"><a href=\"#cite_note-4\"><span class=\"cite-bracket\">&#91;</span>4<span class=\"cite-bracket\">&#93;</span></a></sup></li></ul>\n</div></td></tr><tr><th scope=\"row\" class=\"infobox-label\"><span class=\"nowrap\">Years active</span></th><td class=\"infobox-data\">1984–present</td></tr><tr><th scope=\"row\" class=\"infobox-label\">Labels</th><td class=\"infobox-data\"><link rel=\"mw-deduplicated-inline-style\" href=\"mw-data:TemplateStyles:r1129693374\" /><div class=\"hlist\">\n<ul><li><a href=\"/wiki/Epic_Records\" title=\"Epic Records\">Epic</a></li>\n<li><a href=\"/wiki/Pony_Canyon\" title=\"Pony Canyon\">Pony Canyon</a></li>\n<li>FireHouse Music</li>\n<li>Justin Case Productions</li></ul>\n</div></td></tr><tr><th colspan=\"2\" class=\"infobox-header\" style=\"color: #202122;background-color: #b0c4de\"></th></tr><tr><th scope=\"row\" class=\"infobox-label\">Members</th><td class=\"infobox-data\"><link rel=\"mw-deduplicated-inline-style\" href=\"mw-data:TemplateStyles:r1126788409\" /><div class=\"plainlist\">\n<ul><li><a href=\"/wiki/Bill_Leverty\" title=\"Bill Leverty\">Bill Leverty</a></li>\n<li><a href=\"/wiki/Michael_Foster_(musician)\" title=\"Michael Foster (musician)\">Michael Foster</a></li>\n<li><a href=\"/wiki/Allen_McKenzie\" title=\"Allen McKenzie\">Allen McKenzie</a></li>\n<li>Nate Peck</li></ul>\n</div></td></tr><tr><th colspan=\"2\" class=\"infobox-header\" style=\"color: #202122;background-color: #b0c4de\"></th></tr><tr><th scope=\"row\" class=\"infobox-label\"><span class=\"nowrap\">Past members</span></th><td class=\"infobox-data\"><link rel=\"mw-deduplicated-inline-style\" href=\"mw-data:TemplateStyles:r1126788409\" /><div class=\"plainlist\">\n<ul><li><a href=\"/wiki/C._J._Snare\" title=\"C. J. Snare\">C. J. Snare</a></li>\n<li><a href=\"/wiki/Perry_Richardson\" title=\"Perry Richardson\">Perry Richardson</a></li>\n<li><a href=\"/wiki/Bruce_Waibel\" title=\"Bruce Waibel\">Bruce Waibel</a></li>\n<li>Dario Seixas</li></ul>\n</div></td></tr></tbody></table>\n<p><b>FireHouse</b> (also <b>Firehouse</b>) is an American <a href=\"/wiki/Hard_rock\" title=\"Hard rock\">hard rock</a> band that formed in 1984 in <a href=\"/wiki/Richmond,_Virginia\" title=\"Richmond, Virginia\">Richmond, Virginia</a>. They then moved to <a href=\"/wiki/Charlotte,_North_Carolina\" title=\"Charlotte, North Carolina\">Charlotte, North Carolina</a>, where they signed with <a href=\"/wiki/Epic_Records\" title=\"Epic Records\">Epic Records</a> in 1989.<sup id=\"cite_ref-leverty_5-0\" class=\"reference\"><a href=\"#cite_note-leverty-5\"><span class=\"cite-bracket\">&#91;</span>5<span class=\"cite-bracket\">&#93;</span></a></sup> The band reached stardom during the early 1990s with charting singles like \"<a href=\"/wiki/Don%27t_Treat_Me_Bad\" title=\"Don&#39;t Treat Me Bad\">Don't Treat Me Bad</a>,\" \"<a href=\"/wiki/All_She_Wrote_(FireHouse_song)\" title=\"All She Wrote (FireHouse song)\">All She Wrote</a>,\" and \"<a href=\"/wiki/Reach_for_the_Sky_(FireHouse_song)\" title=\"Reach for the Sky (FireHouse song)\">Reach for the Sky</a>,\" as well as their signature <a href=\"/wiki/Power_ballad\" class=\"mw-redirect\" title=\"Power ballad\">power ballads</a> \"<a href=\"/wiki/Love_of_a_Lifetime_(FireHouse_song)\" title=\"Love of a Lifetime (FireHouse song)\">Love of a Lifetime</a>,\" \"<a href=\"/wiki/When_I_Look_into_Your_Eyes\" title=\"When I Look into Your Eyes\">When I Look into Your Eyes</a>,\" and \"<a href=\"/wiki/I_Live_My_Life_for_You\" title=\"I Live My Life for You\">I Live My Life for You</a>.\" At the <a href=\"/wiki/American_Music_Awards_of_1992\" title=\"American Music Awards of 1992\">1992 American Music Awards</a>, FireHouse won the award for \"Favorite New Heavy Metal/Hard Rock Artist.\"<sup id=\"cite_ref-6\" class=\"reference\"><a href=\"#cite_note-6\"><span class=\"cite-bracket\">&#91;</span>6<span class=\"cite-bracket\">&#93;</span></a></sup>\n</p><p>As the 1990s progressed, the band remained very popular in Asia, mainly in Japan and Southeast Asian countries such as Thailand, India, Malaysia, Philippines, Indonesia and Singapore. They also maintained popularity in South America and Europe.<sup id=\"cite_ref-leverty_5-1\" class=\"reference\"><a href=\"#cite_note-leverty-5\"><span class=\"cite-bracket\">&#91;</span>5<span class=\"cite-bracket\">&#93;</span></a></sup> FireHouse continued to release new material throughout the late 1990s and into the early 2000s, most of which successfully charted in Japan. The band has also continued to tour internationally, having participated twice in the annual <a href=\"/wiki/Rock_Never_Stops_Tour\" title=\"Rock Never Stops Tour\">Rock Never Stops Tour</a> with other bands from the same genre. FireHouse is estimated to have sold over 7 million albums worldwide since their debut.<sup id=\"cite_ref-levertyinterview_7-0\" class=\"reference\"><a href=\"#cite_note-levertyinterview-7\"><span class=\"cite-bracket\">&#91;</span>7<span class=\"cite-bracket\">&#93;</span></a></sup>\n</p><p>Originally composed of vocalist/keyboardist <a href=\"/wiki/C._J._Snare\" title=\"C. J. Snare\">C. J. Snare</a>, guitarist <a href=\"/wiki/Bill_Leverty\" title=\"Bill Leverty\">Bill Leverty</a>, drummer <a href=\"/wiki/Michael_Foster_(musician)\" title=\"Michael Foster (musician)\">Michael Foster</a> and bassist <a href=\"/wiki/Perry_Richardson\" title=\"Perry Richardson\">Perry Richardson</a>, the band has maintained its original members with the exception of Richardson, who departed in 2000. Richardson was replaced two times before current bassist, <a href=\"/wiki/Allen_McKenzie\" title=\"Allen McKenzie\">Allen McKenzie</a>, was given the position in 2004.<sup id=\"cite_ref-firehouse_8-0\" class=\"reference\"><a href=\"#cite_note-firehouse-8\"><span class=\"cite-bracket\">&#91;</span>8<span class=\"cite-bracket\">&#93;</span></a></sup> Snare remained as the lead singer of FireHouse until his death on April 5, 2024.<sup id=\"cite_ref-cj_death_9-0\" class=\"reference\"><a href=\"#cite_note-cj_death-9\"><span class=\"cite-bracket\">&#91;</span>9<span class=\"cite-bracket\">&#93;</span></a></sup> He was replaced by a former <a href=\"/wiki/American_Idol_season_21\" title=\"American Idol season 21\">American Idol Season 21</a> contestant Nate Peck, who has been touring with the band since 2023 taking Snare's place as a temporary lead vocalist, citing health issues.<sup id=\"cite_ref-:0_10-0\" class=\"reference\"><a href=\"#cite_note-:0-10\"><span class=\"cite-bracket\">&#91;</span>10<span class=\"cite-bracket\">&#93;</span></a></sup>\n</p>\n\n<div class=\"mw-heading mw-heading2\"><h2 id=\"History\">History</h2></div>\n<div class=\"mw-heading mw-heading3\"><h3 id=\"Early_beginnings\">Early beginnings</h3></div>\n<figure class=\"mw-default-size\" typeof=\"mw:File/Thumb\"><a href=\"/wiki/File:Firehousefontlogo2.png\" class=\"mw-file-description\"><img src=\"//upload.wikimedia.org/wikipedia/commons/thumb/a/ae/Firehousefontlogo2.png/250px-Firehousefontlogo2.png\" decoding=\"async\" width=\"190\" height=\"42\" class=\"mw-file-element\" srcset=\"//upload.wikimedia.org/wikipedia/commons/thumb/a/ae/Firehousefontlogo2.png/330px-Firehousefontlogo2.png 1.5x, //upload.wikimedia.org/wikipedia/commons/thumb/a/ae/Firehousefontlogo2.png/500px-Firehousefontlogo2.png 2x\" data-file-width=\"3264\" data-file-height=\"725\" /></a><figcaption>Band font logo</figcaption></figure>\n<p>The history of FireHouse can be traced back to 1984, when Leverty's band White Heat needed a drummer. After over 20 auditions, current FireHouse drummer <a href=\"/wiki/Michael_Foster_(musician)\" title=\"Michael Foster (musician)\">Michael Foster</a> answered the ad and when Leverty was impressed by his skill, he quickly hired him. When the band wasn't on tour, Leverty and Foster would visit rock clubs, and it was at one of these clubs where they caught sight of a band called Maxx Warrior.<sup id=\"cite_ref-leverty_5-2\" class=\"reference\"><a href=\"#cite_note-leverty-5\"><span class=\"cite-bracket\">&#91;</span>5<span class=\"cite-bracket\">&#93;</span></a></sup> Singing for the band was <a href=\"/wiki/C._J._Snare\" title=\"C. J. Snare\">C. J. Snare</a>, and the band's bassist was <a href=\"/wiki/Perry_Richardson\" title=\"Perry Richardson\">Perry Richardson</a>. Leverty and Foster were impressed with Snare's vocal ability, and became determined to unite the bands.<sup id=\"cite_ref-leverty_5-3\" class=\"reference\"><a href=\"#cite_note-leverty-5\"><span class=\"cite-bracket\">&#91;</span>5<span class=\"cite-bracket\">&#93;</span></a></sup> As soon as Maxx Warrior broke up, Leverty sent Snare some of his songs and asked him to sing on his tape. Foster and Leverty were again impressed, so they brought Snare in to be the band's lead singer for a show in <a href=\"/wiki/Virginia\" title=\"Virginia\">Virginia</a> several weeks later.<sup id=\"cite_ref-leverty_5-4\" class=\"reference\"><a href=\"#cite_note-leverty-5\"><span class=\"cite-bracket\">&#91;</span>5<span class=\"cite-bracket\">&#93;</span></a></sup>\n</p>\n<figure class=\"mw-default-size mw-halign-right\" typeof=\"mw:File/Thumb\"><a href=\"/wiki/File:AllenMcKenzie.JPG\" class=\"mw-file-description\"><img src=\"//upload.wikimedia.org/wikipedia/commons/thumb/d/d5/AllenMcKenzie.JPG/250px-AllenMcKenzie.JPG\" decoding=\"async\" width=\"250\" height=\"243\" class=\"mw-file-element\" srcset=\"//upload.wikimedia.org/wikipedia/commons/thumb/d/d5/AllenMcKenzie.JPG/375px-AllenMcKenzie.JPG 1.5x, //upload.wikimedia.org/wikipedia/commons/d/d5/AllenMcKenzie.JPG 2x\" data-file-width=\"461\" data-file-height=\"448\" /></a><figcaption>FireHouse bassist Allen McKenzie in North Dakota in 2007</figcaption></figure>\n<p>The three-member group took their tape to Perry Richardson, the ex-bassist for Maxx Warrior, who said he liked it but had made a six-month commitment to the band that he was a member of at the time. When the commitment was fulfilled, Richardson and his new bandmates moved to <a href=\"/wiki/Charlotte,_North_Carolina\" title=\"Charlotte, North Carolina\">Charlotte, North Carolina</a> and began recording demos in Leverty's bedroom. The band would record all day and play hotel shows at night to earn income. Since Leverty and Foster's band name of White Heat was trademarked, the band chose <i>FireHouse</i> instead. In December 1989, Michael Caplan of <a href=\"/wiki/Epic_Records\" title=\"Epic Records\">Epic Records</a> flew to <a href=\"/wiki/Charlotte,_NC\" class=\"mw-redirect\" title=\"Charlotte, NC\">Charlotte, NC</a> to see a FireHouse show, and told the band immediately following the performance that they were ready for a record deal. The band went into the studio with David Prater as producer.<sup id=\"cite_ref-leverty_5-5\" class=\"reference\"><a href=\"#cite_note-leverty-5\"><span class=\"cite-bracket\">&#91;</span>5<span class=\"cite-bracket\">&#93;</span></a></sup> Prater, who later produced bands such as <a href=\"/wiki/Dream_Theater\" title=\"Dream Theater\">Dream Theater</a> and having drummed with <a href=\"/wiki/Santana_(band)\" title=\"Santana (band)\">Santana</a>, produced the band's first two albums.\n</p>\n<div class=\"mw-heading mw-heading3\"><h3 id=\"Success_in_the_1990s\">Success in the 1990s</h3></div>\n<p>The band's self-titled debut in 1990, <i><a href=\"/wiki/FireHouse_(album)\" title=\"FireHouse (album)\">FireHouse</a></i>, was met with much critical acclaim. The band won the <a href=\"/wiki/American_Music_Award\" class=\"mw-redirect\" title=\"American Music Award\">American Music Award</a> for Best New Hard Rock/Heavy Metal Band of 1992 (which the band also presented the same category to grunge band and Epic Records labelmate <a href=\"/wiki/Pearl_Jam\" title=\"Pearl Jam\">Pearl Jam</a> in <a href=\"/wiki/American_Music_Awards_of_1993\" title=\"American Music Awards of 1993\">1993</a>), <i>Metal Edge Magazine</i><span class=\"nowrap\" style=\"padding-left:0.1em;\">&#39;</span>s Best New Band of 1991, <i>Young Guitar Magazine</i><span class=\"nowrap\" style=\"padding-left:0.1em;\">&#39;</span>s Best Newcomer of 1991, and <i>Music Life Magazine</i><span class=\"nowrap\" style=\"padding-left:0.1em;\">&#39;</span>s reader's pop poll Best Newcomer of the Year 1992.<sup id=\"cite_ref-leverty_5-6\" class=\"reference\"><a href=\"#cite_note-leverty-5\"><span class=\"cite-bracket\">&#91;</span>5<span class=\"cite-bracket\">&#93;</span></a></sup> The band's first album sold over two million copies in the United States, and was certified <a href=\"/wiki/Double_platinum\" class=\"mw-redirect\" title=\"Double platinum\">double platinum</a> by the <a href=\"/wiki/RIAA\" class=\"mw-redirect\" title=\"RIAA\">RIAA</a>. The band's third and most successful single, \"<a href=\"/wiki/Love_of_a_Lifetime_(FireHouse_song)\" title=\"Love of a Lifetime (FireHouse song)\">Love of a Lifetime</a>\", reached No.&#160;3 selling over 500,000 copies. Other singles also charted including the harder-rocking \"<a href=\"/wiki/Don%27t_Treat_Me_Bad\" title=\"Don&#39;t Treat Me Bad\">Don't Treat Me Bad</a>\" at No.&#160;14. The first single from the album, \"Shake &amp; Tumble\" enjoyed success on the radio and brought attention to the band, but it failed to chart on the Pop charts, although it did at Metal radio.<sup id=\"cite_ref-cdbaby_11-0\" class=\"reference\"><a href=\"#cite_note-cdbaby-11\"><span class=\"cite-bracket\">&#91;</span>11<span class=\"cite-bracket\">&#93;</span></a></sup> The album went on to become certified gold in Canada, Singapore, and Japan.\n</p><p>The band followed their impressive debut with <i><a href=\"/wiki/Hold_Your_Fire_(FireHouse_album)\" title=\"Hold Your Fire (FireHouse album)\">Hold Your Fire</a></i> in 1992. Although not as successful as its predecessor due to the recent explosion of <a href=\"/wiki/Grunge\" title=\"Grunge\">grunge</a> and <a href=\"/wiki/Alternative_rock\" title=\"Alternative rock\">alternative rock</a>, <i>Hold Your Fire</i> produced three more charting singles and was certified gold in the US. To date, <i>Hold Your Fire</i> has soundscanned over 873,000 copies in the United States alone. Singles from the album included \"<a href=\"/wiki/Sleeping_with_You\" class=\"mw-redirect\" title=\"Sleeping with You\">Sleeping with You</a>\", \"<a href=\"/wiki/Reach_for_the_Sky_(FireHouse_song)\" title=\"Reach for the Sky (FireHouse song)\">Reach for the Sky</a>\", and the power ballad \"<a href=\"/wiki/When_I_Look_into_Your_Eyes\" title=\"When I Look into Your Eyes\">When I Look into Your Eyes</a>\". The latter single became a <a href=\"/wiki/Record_chart\" title=\"Record chart\">top 10</a> hit in the United States.<sup id=\"cite_ref-cdbaby_11-1\" class=\"reference\"><a href=\"#cite_note-cdbaby-11\"><span class=\"cite-bracket\">&#91;</span>11<span class=\"cite-bracket\">&#93;</span></a></sup>\n</p><p>For the band's third album, aptly titled <i><a href=\"/wiki/3_(FireHouse_album)\" title=\"3 (FireHouse album)\">3</a></i>, they changed producers. <a href=\"/wiki/Ron_Nevison\" title=\"Ron Nevison\">Ron Nevison</a>, who had served as producer for <a href=\"/wiki/Led_Zeppelin\" title=\"Led Zeppelin\">Led Zeppelin</a>, <a href=\"/wiki/Ozzy_Osbourne\" title=\"Ozzy Osbourne\">Ozzy Osbourne</a>, <a href=\"/wiki/Europe_(band)\" title=\"Europe (band)\">Europe</a>, <a href=\"/wiki/Heart_(band)\" title=\"Heart (band)\">Heart</a>, and many other groups, produced this album.<sup id=\"cite_ref-leverty_5-7\" class=\"reference\"><a href=\"#cite_note-leverty-5\"><span class=\"cite-bracket\">&#91;</span>5<span class=\"cite-bracket\">&#93;</span></a></sup> While the band's success had waned in the United States by <i>3</i><b>'</b>s release in 1995, the album brought them more success overseas than ever before. Despite the album not selling well in the United States compared to previous albums, it was certified gold in several Asian countries, giving the band an opportunity to tour in countries like <a href=\"/wiki/India\" title=\"India\">India</a> and <a href=\"/wiki/Thailand\" title=\"Thailand\">Thailand</a>. The lead single from the album, \"<a href=\"/wiki/I_Live_My_Life_for_You\" title=\"I Live My Life for You\">I Live My Life for You</a>\", was the band's third Top 40 ballad in the United States.<sup id=\"cite_ref-cdbaby_11-2\" class=\"reference\"><a href=\"#cite_note-cdbaby-11\"><span class=\"cite-bracket\">&#91;</span>11<span class=\"cite-bracket\">&#93;</span></a></sup> Snare remarked that despite drastic changes in the industry, FireHouse was the only band of its genre that managed to have a Top 40 hit as late as 1995, without having to make drastic changes to their sound.<sup id=\"cite_ref-rockeyez_12-0\" class=\"reference\"><a href=\"#cite_note-rockeyez-12\"><span class=\"cite-bracket\">&#91;</span>12<span class=\"cite-bracket\">&#93;</span></a></sup> <i>3</i>'s follow-up, <i><a href=\"/wiki/Good_Acoustics\" title=\"Good Acoustics\">Good Acoustics</a></i>, was a collection of acoustic arrangements of several of their greatest hits, as well as four new songs. <i>Good Acoustics</i>, produced by the band's guitarist <a href=\"/wiki/Bill_Leverty\" title=\"Bill Leverty\">Bill Leverty</a>, went gold in six countries around the world including <a href=\"/wiki/Malaysia\" title=\"Malaysia\">Malaysia</a>, <a href=\"/wiki/Thailand\" title=\"Thailand\">Thailand</a>, and the <a href=\"/wiki/Philippines\" title=\"Philippines\">Philippines</a>.<sup id=\"cite_ref-cdbaby_11-3\" class=\"reference\"><a href=\"#cite_note-cdbaby-11\"><span class=\"cite-bracket\">&#91;</span>11<span class=\"cite-bracket\">&#93;</span></a></sup> Tracks \"In Your Perfect World\", \"You Are My Religion\", and \"Love Don't Care\" became hits in many Asian countries. After the album's release, the band launched their second tour of Asia which ended in late 1996. It was followed by another tour of <a href=\"/wiki/Indonesia\" title=\"Indonesia\">Indonesia</a>, Thailand, and Japan in February 1997, including several sold-out shows. The band returned to Southeast Asia in July and played an unprecedented 25 city sold-out tour of Indonesia.<sup id=\"cite_ref-cdbaby_11-4\" class=\"reference\"><a href=\"#cite_note-cdbaby-11\"><span class=\"cite-bracket\">&#91;</span>11<span class=\"cite-bracket\">&#93;</span></a></sup>\n</p><p>After this time, the band asked to be released from their contract due to their label's lack of promotion in the United States, after eight years of being signed to Epic Records in 1989. They made a significant change when they signed with <a href=\"/wiki/Pony_Canyon\" title=\"Pony Canyon\">Pony Canyon</a> from Japan. With the decline in popularity among rock acts of the 1980s in the US, and their steady fame in Asia and elsewhere abroad, they agreed to release <i><a href=\"/wiki/Category_5_(album)\" title=\"Category 5 (album)\">Category 5</a></i> with their new label. They toured heavily throughout Asia during 1998 and 1999, achieving great success with their album. They continued to tour heavily in the United States as well, performing on the first ever \"Rock Never Stops Tour\" all over America in 1998. This tour featured fellow 1980s rock bands including <a href=\"/wiki/Slaughter_(band)\" title=\"Slaughter (band)\">Slaughter</a> and <a href=\"/wiki/Quiet_Riot\" title=\"Quiet Riot\">Quiet Riot</a>. On April 22, 1999, FireHouse recorded a live show in <a href=\"/wiki/Osaka\" title=\"Osaka\">Osaka</a>, Japan, and released it with the title <i><a href=\"/wiki/Bring_%27Em_Out_Live\" title=\"Bring &#39;Em Out Live\">Bring 'Em Out Live</a></i> later that year.\n</p>\n<div class=\"mw-heading mw-heading3\"><h3 id=\"2000_and_beyond\">2000 and beyond</h3></div>\n<figure class=\"mw-default-size\" typeof=\"mw:File/Thumb\"><a href=\"/wiki/File:CJ_Snare_of_FireHouse_(2008).jpg\" class=\"mw-file-description\"><img src=\"//upload.wikimedia.org/wikipedia/commons/thumb/6/6a/CJ_Snare_of_FireHouse_%282008%29.jpg/250px-CJ_Snare_of_FireHouse_%282008%29.jpg\" decoding=\"async\" width=\"250\" height=\"381\" class=\"mw-file-element\" srcset=\"//upload.wikimedia.org/wikipedia/commons/thumb/6/6a/CJ_Snare_of_FireHouse_%282008%29.jpg/500px-CJ_Snare_of_FireHouse_%282008%29.jpg 1.5x\" data-file-width=\"2030\" data-file-height=\"3091\" /></a><figcaption>FireHouse, 2008. Vocalist and songwriter CJ Snare with guitarist and songwriter Bill Leverty</figcaption></figure>\n<p>Sometime in 2000, the band parted ways with bassist Perry Richardson due to personal conflict and hired <a href=\"/wiki/Bruce_Waibel\" title=\"Bruce Waibel\">Bruce Waibel</a>, who had played in The <a href=\"/wiki/Gregg_Allman\" title=\"Gregg Allman\">Gregg Allman</a> Band for 10 years. Leverty met Waibel in <a href=\"/wiki/Sarasota,_Florida\" title=\"Sarasota, Florida\">Sarasota, Florida</a>, and was impressed with his bass guitar skills.<sup id=\"cite_ref-blabbermouth_13-0\" class=\"reference\"><a href=\"#cite_note-blabbermouth-13\"><span class=\"cite-bracket\">&#91;</span>13<span class=\"cite-bracket\">&#93;</span></a></sup> When the band had an opening for a bassist due to Richardson's departure, Leverty contacted Waibel and asked him to join the band. With Waibel, they recorded their next album, <i><a href=\"/wiki/O2_(FireHouse_album)\" title=\"O2 (FireHouse album)\">O<sub>2</sub></a></i>, and toured on the Metal Edge 2002 tour with <a href=\"/wiki/Dokken\" title=\"Dokken\">Dokken</a>, <a href=\"/wiki/Ratt\" title=\"Ratt\">Ratt</a>, <a href=\"/wiki/Warrant_(American_band)\" title=\"Warrant (American band)\">Warrant</a>, and <a href=\"/wiki/L.A._Guns\" title=\"L.A. Guns\">L.A. Guns</a>. After the twelve-week tour, Waibel parted ways with the band to spend more time with his family.<sup id=\"cite_ref-blabbermouth_13-1\" class=\"reference\"><a href=\"#cite_note-blabbermouth-13\"><span class=\"cite-bracket\">&#91;</span>13<span class=\"cite-bracket\">&#93;</span></a></sup> In 2003, Waibel died unexpectedly at age 45. Guitarist Bill Leverty expressed the band's sadness over his death in a statement shortly after the news broke.<sup id=\"cite_ref-blabbermouth_13-2\" class=\"reference\"><a href=\"#cite_note-blabbermouth-13\"><span class=\"cite-bracket\">&#91;</span>13<span class=\"cite-bracket\">&#93;</span></a></sup> Initially, Waibel was replaced by Brazilian Dario Seixas, who played bass on the band's 2003 critically acclaimed album <i><a href=\"/wiki/Prime_Time_(FireHouse_album)\" title=\"Prime Time (FireHouse album)\">Prime Time</a></i>, but Seixas left the band shortly after, so the band announced that they were in need of a bass player. <a href=\"/wiki/Allen_McKenzie\" title=\"Allen McKenzie\">Allen McKenzie</a>, who was playing bass for <a href=\"/wiki/Jani_Lane\" title=\"Jani Lane\">Jani Lane</a>'s solo project at the time, sent in his audition tape, and the band agreed that he was the right musician for the job.<sup id=\"cite_ref-rockeyez_12-1\" class=\"reference\"><a href=\"#cite_note-rockeyez-12\"><span class=\"cite-bracket\">&#91;</span>12<span class=\"cite-bracket\">&#93;</span></a></sup>\n</p><p>In December 2004, FireHouse became the first major international rock band to play concert dates in northeast <a href=\"/wiki/India\" title=\"India\">India</a>.<sup id=\"cite_ref-india_14-0\" class=\"reference\"><a href=\"#cite_note-india-14\"><span class=\"cite-bracket\">&#91;</span>14<span class=\"cite-bracket\">&#93;</span></a></sup> The band's first Indian concert date was in <a href=\"/wiki/Shillong\" title=\"Shillong\">Shillong</a>, followed by two more dates in <a href=\"/wiki/Dimapur\" title=\"Dimapur\">Dimapur</a>, and <a href=\"/wiki/Aizawl\" title=\"Aizawl\">Aizawl</a>.<sup id=\"cite_ref-india_14-1\" class=\"reference\"><a href=\"#cite_note-india-14\"><span class=\"cite-bracket\">&#91;</span>14<span class=\"cite-bracket\">&#93;</span></a></sup> The band's first Indian date, in Shillong when the Maharaja of Tripura <a href=\"/wiki/Kirit_Pradyot_Deb_Burman\" class=\"mw-redirect\" title=\"Kirit Pradyot Deb Burman\">Kirit Pradyot Deb Burman</a> invited them, took place in front of a sold out stadium crowd of over 40,000, setting a record for that city.<sup id=\"cite_ref-rockeyez_12-2\" class=\"reference\"><a href=\"#cite_note-rockeyez-12\"><span class=\"cite-bracket\">&#91;</span>12<span class=\"cite-bracket\">&#93;</span></a></sup> The band toured in 2005, 2006, and launched another tour in 2007 visiting states in the Midwest United States such as <a href=\"/wiki/North_Dakota\" title=\"North Dakota\">North Dakota</a> and playing at several festivals including <a href=\"/wiki/Rocklahoma\" title=\"Rocklahoma\">Rocklahoma</a>.<sup id=\"cite_ref-15\" class=\"reference\"><a href=\"#cite_note-15\"><span class=\"cite-bracket\">&#91;</span>15<span class=\"cite-bracket\">&#93;</span></a></sup> In a March 2007 interview, when asked about the band's next album, guitarist Bill Leverty said \"we plan on going into the studio this coming winter. Hopefully, we'll be able to get all the songs together and record them for a spring/summer release.\"<sup id=\"cite_ref-levertyinterview_7-1\" class=\"reference\"><a href=\"#cite_note-levertyinterview-7\"><span class=\"cite-bracket\">&#91;</span>7<span class=\"cite-bracket\">&#93;</span></a></sup> Regarding the future of the band, C. J. Snare commented that \"this has been an incredible, incredible career. To do something that you love, to be an artist, to be an entertainer and to actually go out there and have fans all over the world and be able to make a living at it... as long as that's perpetuated, I don't see any reason to ever stop.\"<sup id=\"cite_ref-rockeyez_12-3\" class=\"reference\"><a href=\"#cite_note-rockeyez-12\"><span class=\"cite-bracket\">&#91;</span>12<span class=\"cite-bracket\">&#93;</span></a></sup>\n</p><p>In 2011 the band released their eighth studio album titled <i>Full Circle</i>, which featured re-recorded versions of some of their older tracks.\n</p><p>Longtime FireHouse singer <a href=\"/wiki/C._J._Snare\" title=\"C. J. Snare\">C. J. Snare</a> died on April 5, 2024.<sup id=\"cite_ref-cj_death_9-1\" class=\"reference\"><a href=\"#cite_note-cj_death-9\"><span class=\"cite-bracket\">&#91;</span>9<span class=\"cite-bracket\">&#93;</span></a></sup> At the time of his death, Snare had taken a hiatus from the band due to health concerns and was replaced by <i><a href=\"/wiki/American_Idol\" title=\"American Idol\">American Idol</a></i> <a href=\"/wiki/American_Idol_season_21\" title=\"American Idol season 21\">season 21</a> contestant Nate Peck, who had filled in for him during their 2023 live performances.<sup id=\"cite_ref-cj_death_9-2\" class=\"reference\"><a href=\"#cite_note-cj_death-9\"><span class=\"cite-bracket\">&#91;</span>9<span class=\"cite-bracket\">&#93;</span></a></sup><sup id=\"cite_ref-16\" class=\"reference\"><a href=\"#cite_note-16\"><span class=\"cite-bracket\">&#91;</span>16<span class=\"cite-bracket\">&#93;</span></a></sup> A month after Snare's death, FireHouse announced that Peck would officially be taking over as the band's new frontman.<sup id=\"cite_ref-:0_10-1\" class=\"reference\"><a href=\"#cite_note-:0-10\"><span class=\"cite-bracket\">&#91;</span>10<span class=\"cite-bracket\">&#93;</span></a></sup>\n</p>\n<div class=\"mw-heading mw-heading2\"><h2 id=\"Band_members\">Band members</h2></div>\n<p><b>Current members</b>\n</p>\n<ul><li><a href=\"/wiki/Bill_Leverty\" title=\"Bill Leverty\">Bill Leverty</a> – guitar, backing vocals <small>(1984–present)</small></li>\n<li><a href=\"/wiki/Michael_Foster_(musician)\" title=\"Michael Foster (musician)\">Michael Foster</a> – drums, percussion, backing vocals <small>(1984–present)</small></li>\n<li><a href=\"/wiki/Allen_McKenzie\" title=\"Allen McKenzie\">Allen McKenzie</a> – bass guitar, backing vocals <small>(2004–present)</small></li>\n<li>Nate Peck – lead vocals <small>(2024–present; substitute 2023)</small></li></ul>\n<p><b>Former members</b>\n</p>\n<ul><li><a href=\"/wiki/C._J._Snare\" title=\"C. J. Snare\">C. J. Snare</a> – lead vocals, keyboards <small>(1987–2024; his death)</small></li>\n<li><a href=\"/wiki/Perry_Richardson\" title=\"Perry Richardson\">Perry Richardson</a> – bass guitar, backing vocals <small>(1988–2000)</small></li>\n<li><a href=\"/wiki/Bruce_Waibel\" title=\"Bruce Waibel\">Bruce Waibel</a> – bass guitar, backing vocals <small>(2000–2003; died 2003)</small></li>\n<li>Dario Seixas – bass guitar, backing vocals <small>(2003–2004)</small></li></ul>\n<div class=\"mw-heading mw-heading3\"><h3 id=\"Timeline\">Timeline</h3></div>\n<div class=\"timeline-wrapper\"><map name=\"timeline_riavh9xcnuxucbowvu9g1lh6x0y3f4a\"></map><img usemap=\"#timeline_riavh9xcnuxucbowvu9g1lh6x0y3f4a\" src=\"//upload.wikimedia.org/wikipedia/en/timeline/riavh9xcnuxucbowvu9g1lh6x0y3f4a.png\" /></div>\n<div class=\"mw-heading mw-heading2\"><h2 id=\"Discography\">Discography</h2></div>\n<link rel=\"mw-deduplicated-inline-style\" href=\"mw-data:TemplateStyles:r1236090951\" /><div role=\"note\" class=\"hatnote navigation-not-searchable\">Main article: <a href=\"/wiki/FireHouse_discography\" title=\"FireHouse discography\">FireHouse discography</a></div>\n<div class=\"mw-heading mw-heading3\"><h3 id=\"Studio_albums\">Studio albums</h3></div>\n<ul><li><i><a href=\"/wiki/FireHouse_(album)\" title=\"FireHouse (album)\">FireHouse</a></i> (1990)</li>\n<li><i><a href=\"/wiki/Hold_Your_Fire_(FireHouse_album)\" title=\"Hold Your Fire (FireHouse album)\">Hold Your Fire</a></i> (1992)</li>\n<li><i><a href=\"/wiki/3_(FireHouse_album)\" title=\"3 (FireHouse album)\">3</a></i> (1995)</li>\n<li><i><a href=\"/wiki/Good_Acoustics\" title=\"Good Acoustics\">Good Acoustics</a></i> (1996)</li>\n<li><i><a href=\"/wiki/Category_5_(album)\" title=\"Category 5 (album)\">Category 5</a></i> (1998)</li>\n<li><i><a href=\"/wiki/Bring_%27Em_Out_Live\" title=\"Bring &#39;Em Out Live\">Bring 'Em Out Live</a></i> – 1999</li>\n<li><i><a href=\"/wiki/O2_(FireHouse_album)\" title=\"O2 (FireHouse album)\">O<sub>2</sub></a></i> (2000)</li>\n<li><i><a href=\"/wiki/Prime_Time_(FireHouse_album)\" title=\"Prime Time (FireHouse album)\">Prime Time</a></i> (2003)</li>\n<li><i><a href=\"/wiki/Full_Circle_(FireHouse_album)\" title=\"Full Circle (FireHouse album)\">Full Circle</a></i> (2011)</li></ul>\n<div class=\"mw-heading mw-heading2\"><h2 id=\"See_also\">See also</h2></div>\n<ul><li><a href=\"/wiki/List_of_glam_metal_bands_and_artists\" title=\"List of glam metal bands and artists\">List of glam metal bands and artists</a></li></ul>\n<div class=\"mw-heading mw-heading2\"><h2 id=\"References\">References</h2></div>\n<style data-mw-deduplicate=\"TemplateStyles:r1239543626\">.mw-parser-output .reflist{margin-bottom:0.5em;list-style-type:decimal}@media screen{.mw-parser-output .reflist{font-size:90%}}.mw-parser-output .reflist .references{font-size:100%;margin-bottom:0;list-style-type:inherit}.mw-parser-output .reflist-columns-2{column-width:30em}.mw-parser-output .reflist-columns-3{column-width:25em}.mw-parser-output .reflist-columns{margin-top:0.3em}.mw-parser-output .reflist-columns ol{margin-top:0}.mw-parser-output .reflist-columns li{page-break-inside:avoid;break-inside:avoid-column}.mw-parser-output .reflist-upper-alpha{list-style-type:upper-alpha}.mw-parser-output .reflist-upper-roman{list-style-type:upper-roman}.mw-parser-output .reflist-lower-alpha{list-style-type:lower-alpha}.mw-parser-output .reflist-lower-greek{list-style-type:lower-greek}.mw-parser-output .reflist-lower-roman{list-style-type:lower-roman}</style><div class=\"reflist\">\n<div class=\"mw-references-wrap mw-references-columns\"><ol class=\"references\">\n<li id=\"cite_note-1\"><span class=\"mw-cite-backlink\"><b><a href=\"#cite_ref-1\">^</a></b></span> <span class=\"reference-text\"><style data-mw-deduplicate=\"TemplateStyles:r1238218222\">.mw-parser-output cite.citation{font-style:inherit;word-wrap:break-word}.mw-parser-output .citation q{quotes:\"\\\"\"\"\\\"\"\"'\"\"'\"}.mw-parser-output .citation:target{background-color:rgba(0,127,255,0.133)}.mw-parser-output .id-lock-free.id-lock-free a{background:url(\"//upload.wikimedia.org/wikipedia/commons/6/65/Lock-green.svg\")right 0.1em center/9px no-repeat}.mw-parser-output .id-lock-limited.id-lock-limited a,.mw-parser-output .id-lock-registration.id-lock-registration a{background:url(\"//upload.wikimedia.org/wikipedia/commons/d/d6/Lock-gray-alt-2.svg\")right 0.1em center/9px no-repeat}.mw-parser-output .id-lock-subscription.id-lock-subscription a{background:url(\"//upload.wikimedia.org/wikipedia/commons/a/aa/Lock-red-alt-2.svg\")right 0.1em center/9px no-repeat}.mw-parser-output .cs1-ws-icon a{background:url(\"//upload.wikimedia.org/wikipedia/commons/4/4c/Wikisource-logo.svg\")right 0.1em center/12px no-repeat}body:not(.skin-timeless):not(.skin-minerva) .mw-parser-output .id-lock-free a,body:not(.skin-timeless):not(.skin-minerva) .mw-parser-output .id-lock-limited a,body:not(.skin-timeless):not(.skin-minerva) .mw-parser-output .id-lock-registration a,body:not(.skin-timeless):not(.skin-minerva) .mw-parser-output .id-lock-subscription a,body:not(.skin-timeless):not(.skin-minerva) .mw-parser-output .cs1-ws-icon a{background-size:contain;padding:0 1em 0 0}.mw-parser-output .cs1-code{color:inherit;background:inherit;border:none;padding:inherit}.mw-parser-output .cs1-hidden-error{display:none;color:var(--color-error,#d33)}.mw-parser-output .cs1-visible-error{color:var(--color-error,#d33)}.mw-parser-output .cs1-maint{display:none;color:#085;margin-left:0.3em}.mw-parser-output .cs1-kern-left{padding-left:0.2em}.mw-parser-output .cs1-kern-right{padding-right:0.2em}.mw-parser-output .citation .mw-selflink{font-weight:inherit}@media screen{.mw-parser-output .cs1-format{font-size:95%}html.skin-theme-clientpref-night .mw-parser-output .cs1-maint{color:#18911f}}@media screen and (prefers-color-scheme:dark){html.skin-theme-clientpref-os .mw-parser-output .cs1-maint{color:#18911f}}</style><cite id=\"CITEREFTalevski2010\" class=\"citation book cs1\">Talevski, Nick (2010). <a rel=\"nofollow\" class=\"external text\" href=\"https://books.google.com/books?id=DykffzkFALoC&amp;pg=PA683\"><i>Rock Obituaries: Knocking On Heaven's Door</i></a>. Omnibus Press. p.&#160;683. <a href=\"/wiki/ISBN_(identifier)\" class=\"mw-redirect\" title=\"ISBN (identifier)\">ISBN</a>&#160;<a href=\"/wiki/Special:BookSources/978-0-85712-117-2\" title=\"Special:BookSources/978-0-85712-117-2\"><bdi>978-0-85712-117-2</bdi></a>.</cite><span title=\"ctx_ver=Z39.88-2004&amp;rft_val_fmt=info%3Aofi%2Ffmt%3Akev%3Amtx%3Abook&amp;rft.genre=book&amp;rft.btitle=Rock+Obituaries%3A+Knocking+On+Heaven%27s+Door&amp;rft.pages=683&amp;rft.pub=Omnibus+Press&amp;rft.date=2010&amp;rft.isbn=978-0-85712-117-2&amp;rft.aulast=Talevski&amp;rft.aufirst=Nick&amp;rft_id=https%3A%2F%2Fbooks.google.com%2Fbooks%3Fid%3DDykffzkFALoC%26pg%3DPA683&amp;rfr_id=info%3Asid%2Fen.wikipedia.org%3AFireHouse\" class=\"Z3988\"></span></span>\n</li>\n<li id=\"cite_note-2\"><span class=\"mw-cite-backlink\"><b><a href=\"#cite_ref-2\">^</a></b></span> <span class=\"reference-text\"><link rel=\"mw-deduplicated-inline-style\" href=\"mw-data:TemplateStyles:r1238218222\" /><cite id=\"CITEREFMcPadden_September_23,_2015\" class=\"citation web cs1\">McPadden September 23, 2015, Mike. <a rel=\"nofollow\" class=\"external text\" href=\"https://www.vh1.com/news/yagxu0/the-hair-metal-100-part-3\">\"The Hair Metal 100: Ranking the '80s Greatest Glam Bands, Part 3\"</a>. <i>VH1 News</i>. <a rel=\"nofollow\" class=\"external text\" href=\"https://web.archive.org/web/20220524112935/https://www.vh1.com/news/yagxu0/the-hair-metal-100-part-3\">Archived</a> from the original on May 24, 2022<span class=\"reference-accessdate\">. Retrieved <span class=\"nowrap\">March 1,</span> 2021</span>.</cite><span title=\"ctx_ver=Z39.88-2004&amp;rft_val_fmt=info%3Aofi%2Ffmt%3Akev%3Amtx%3Ajournal&amp;rft.genre=unknown&amp;rft.jtitle=VH1+News&amp;rft.atitle=The+Hair+Metal+100%3A+Ranking+the+%2780s+Greatest+Glam+Bands%2C+Part+3&amp;rft.aulast=McPadden+September+23%2C+2015&amp;rft.aufirst=Mike&amp;rft_id=https%3A%2F%2Fwww.vh1.com%2Fnews%2Fyagxu0%2Fthe-hair-metal-100-part-3&amp;rfr_id=info%3Asid%2Fen.wikipedia.org%3AFireHouse\" class=\"Z3988\"></span><span class=\"cs1-maint citation-comment\"><code class=\"cs1-code\">{{<a href=\"/wiki/Template:Cite_web\" title=\"Template:Cite web\">cite web</a>}}</code>:  CS1 maint: numeric names: authors list (<a href=\"/wiki/Category:CS1_maint:_numeric_names:_authors_list\" title=\"Category:CS1 maint: numeric names: authors list\">link</a>)</span></span>\n</li>\n<li id=\"cite_note-3\"><span class=\"mw-cite-backlink\"><b><a href=\"#cite_ref-3\">^</a></b></span> <span class=\"reference-text\"><link rel=\"mw-deduplicated-inline-style\" href=\"mw-data:TemplateStyles:r1238218222\" /><cite class=\"citation web cs1\"><a rel=\"nofollow\" class=\"external text\" href=\"https://web.archive.org/web/20151115204952/http://www.guitarworld.com/top-10-biggest-hair-bands-literally\">\"The Top 10 Biggest Hair Bands ... Literally | Guitar World\"</a>. November 15, 2015. Archived from <a rel=\"nofollow\" class=\"external text\" href=\"http://www.guitarworld.com/top-10-biggest-hair-bands-literally\">the original</a> on November 15, 2015<span class=\"reference-accessdate\">. Retrieved <span class=\"nowrap\">March 1,</span> 2021</span>.</cite><span title=\"ctx_ver=Z39.88-2004&amp;rft_val_fmt=info%3Aofi%2Ffmt%3Akev%3Amtx%3Abook&amp;rft.genre=unknown&amp;rft.btitle=The+Top+10+Biggest+Hair+Bands+...+Literally+%7C+Guitar+World&amp;rft.date=2015-11-15&amp;rft_id=http%3A%2F%2Fwww.guitarworld.com%2Ftop-10-biggest-hair-bands-literally&amp;rfr_id=info%3Asid%2Fen.wikipedia.org%3AFireHouse\" class=\"Z3988\"></span></span>\n</li>\n<li id=\"cite_note-4\"><span class=\"mw-cite-backlink\"><b><a href=\"#cite_ref-4\">^</a></b></span> <span class=\"reference-text\"><link rel=\"mw-deduplicated-inline-style\" href=\"mw-data:TemplateStyles:r1238218222\" /><cite id=\"CITEREFWhitburn2000\" class=\"citation book cs1\">Whitburn, Joel (2000). <a rel=\"nofollow\" class=\"external text\" href=\"https://books.google.com/books?id=drgq4g0rmVsC\"><i>The Billboard Book of Top 40 Hits</i></a>. Billboard Books. p.&#160;239. <a href=\"/wiki/ISBN_(identifier)\" class=\"mw-redirect\" title=\"ISBN (identifier)\">ISBN</a>&#160;<a href=\"/wiki/Special:BookSources/978-0-8230-7690-1\" title=\"Special:BookSources/978-0-8230-7690-1\"><bdi>978-0-8230-7690-1</bdi></a>.</cite><span title=\"ctx_ver=Z39.88-2004&amp;rft_val_fmt=info%3Aofi%2Ffmt%3Akev%3Amtx%3Abook&amp;rft.genre=book&amp;rft.btitle=The+Billboard+Book+of+Top+40+Hits&amp;rft.pages=239&amp;rft.pub=Billboard+Books&amp;rft.date=2000&amp;rft.isbn=978-0-8230-7690-1&amp;rft.aulast=Whitburn&amp;rft.aufirst=Joel&amp;rft_id=https%3A%2F%2Fbooks.google.com%2Fbooks%3Fid%3Ddrgq4g0rmVsC&amp;rfr_id=info%3Asid%2Fen.wikipedia.org%3AFireHouse\" class=\"Z3988\"></span></span>\n</li>\n<li id=\"cite_note-leverty-5\"><span class=\"mw-cite-backlink\">^ <a href=\"#cite_ref-leverty_5-0\"><sup><i><b>a</b></i></sup></a> <a href=\"#cite_ref-leverty_5-1\"><sup><i><b>b</b></i></sup></a> <a href=\"#cite_ref-leverty_5-2\"><sup><i><b>c</b></i></sup></a> <a href=\"#cite_ref-leverty_5-3\"><sup><i><b>d</b></i></sup></a> <a href=\"#cite_ref-leverty_5-4\"><sup><i><b>e</b></i></sup></a> <a href=\"#cite_ref-leverty_5-5\"><sup><i><b>f</b></i></sup></a> <a href=\"#cite_ref-leverty_5-6\"><sup><i><b>g</b></i></sup></a> <a href=\"#cite_ref-leverty_5-7\"><sup><i><b>h</b></i></sup></a></span> <span class=\"reference-text\"><link rel=\"mw-deduplicated-inline-style\" href=\"mw-data:TemplateStyles:r1238218222\" /><cite class=\"citation web cs1\"><a rel=\"nofollow\" class=\"external text\" href=\"https://web.archive.org/web/20120712020125/http://www.leverty.com/bio.php\">\"Bill Leverty Biography\"</a>. 2007 Bill Leverty. Archived from <a rel=\"nofollow\" class=\"external text\" href=\"http://www.leverty.com/bio/index.html\">the original</a> on July 12, 2012<span class=\"reference-accessdate\">. Retrieved <span class=\"nowrap\">December 27,</span> 2007</span>.</cite><span title=\"ctx_ver=Z39.88-2004&amp;rft_val_fmt=info%3Aofi%2Ffmt%3Akev%3Amtx%3Abook&amp;rft.genre=unknown&amp;rft.btitle=Bill+Leverty+Biography&amp;rft.pub=2007+Bill+Leverty&amp;rft_id=http%3A%2F%2Fwww.leverty.com%2Fbio%2Findex.html&amp;rfr_id=info%3Asid%2Fen.wikipedia.org%3AFireHouse\" class=\"Z3988\"></span></span>\n</li>\n<li id=\"cite_note-6\"><span class=\"mw-cite-backlink\"><b><a href=\"#cite_ref-6\">^</a></b></span> <span class=\"reference-text\"><link rel=\"mw-deduplicated-inline-style\" href=\"mw-data:TemplateStyles:r1238218222\" /><cite class=\"citation web cs1\"><a rel=\"nofollow\" class=\"external text\" href=\"http://www.rockonthenet.com/archive/1992/amas.htm\">\"19th American Music Awards\"</a>. 1992 19th American Music Awards<span class=\"reference-accessdate\">. Retrieved <span class=\"nowrap\">October 3,</span> 2011</span>.</cite><span title=\"ctx_ver=Z39.88-2004&amp;rft_val_fmt=info%3Aofi%2Ffmt%3Akev%3Amtx%3Abook&amp;rft.genre=unknown&amp;rft.btitle=19th+American+Music+Awards&amp;rft.pub=1992+19th+American+Music+Awards&amp;rft_id=http%3A%2F%2Fwww.rockonthenet.com%2Farchive%2F1992%2Famas.htm&amp;rfr_id=info%3Asid%2Fen.wikipedia.org%3AFireHouse\" class=\"Z3988\"></span></span>\n</li>\n<li id=\"cite_note-levertyinterview-7\"><span class=\"mw-cite-backlink\">^ <a href=\"#cite_ref-levertyinterview_7-0\"><sup><i><b>a</b></i></sup></a> <a href=\"#cite_ref-levertyinterview_7-1\"><sup><i><b>b</b></i></sup></a></span> <span class=\"reference-text\"><link rel=\"mw-deduplicated-inline-style\" href=\"mw-data:TemplateStyles:r1238218222\" /><cite class=\"citation web cs1\"><a rel=\"nofollow\" class=\"external text\" href=\"https://web.archive.org/web/20071223171936/http://www.savioursofrock.com/interviews/interviewFirehouse.htm\">\"Bill Leverty Interview\"</a>. 2007 Saviours of Rock. Archived from <a rel=\"nofollow\" class=\"external text\" href=\"http://www.savioursofrock.com/interviews/interviewFirehouse.htm\">the original</a> on December 23, 2007<span class=\"reference-accessdate\">. Retrieved <span class=\"nowrap\">December 29,</span> 2007</span>.</cite><span title=\"ctx_ver=Z39.88-2004&amp;rft_val_fmt=info%3Aofi%2Ffmt%3Akev%3Amtx%3Abook&amp;rft.genre=unknown&amp;rft.btitle=Bill+Leverty+Interview&amp;rft.pub=2007+Saviours+of+Rock&amp;rft_id=http%3A%2F%2Fwww.savioursofrock.com%2Finterviews%2FinterviewFirehouse.htm&amp;rfr_id=info%3Asid%2Fen.wikipedia.org%3AFireHouse\" class=\"Z3988\"></span></span>\n</li>\n<li id=\"cite_note-firehouse-8\"><span class=\"mw-cite-backlink\"><b><a href=\"#cite_ref-firehouse_8-0\">^</a></b></span> <span class=\"reference-text\"><link rel=\"mw-deduplicated-inline-style\" href=\"mw-data:TemplateStyles:r1238218222\" /><cite class=\"citation web cs1\"><a rel=\"nofollow\" class=\"external text\" href=\"http://firehousemusic.com/\">\"FireHouse Biography at FireHouseMusic\"</a>. 2007 FireHouse<span class=\"reference-accessdate\">. Retrieved <span class=\"nowrap\">December 28,</span> 2007</span>.</cite><span title=\"ctx_ver=Z39.88-2004&amp;rft_val_fmt=info%3Aofi%2Ffmt%3Akev%3Amtx%3Abook&amp;rft.genre=unknown&amp;rft.btitle=FireHouse+Biography+at+FireHouseMusic&amp;rft.pub=2007+FireHouse&amp;rft_id=http%3A%2F%2Ffirehousemusic.com%2F&amp;rfr_id=info%3Asid%2Fen.wikipedia.org%3AFireHouse\" class=\"Z3988\"></span></span>\n</li>\n<li id=\"cite_note-cj_death-9\"><span class=\"mw-cite-backlink\">^ <a href=\"#cite_ref-cj_death_9-0\"><sup><i><b>a</b></i></sup></a> <a href=\"#cite_ref-cj_death_9-1\"><sup><i><b>b</b></i></sup></a> <a href=\"#cite_ref-cj_death_9-2\"><sup><i><b>c</b></i></sup></a></span> <span class=\"reference-text\"><link rel=\"mw-deduplicated-inline-style\" href=\"mw-data:TemplateStyles:r1238218222\" /><cite id=\"CITEREFLarry_Petro2024\" class=\"citation web cs1\">Larry Petro (April 7, 2024). <a rel=\"nofollow\" class=\"external text\" href=\"https://knac.com/article.asp?ArticleID=49010\">\"FIREHOUSE Vocalist CJ SNARE Passes Away At 64\"</a>. <i><a href=\"/wiki/KNAC.com\" class=\"mw-redirect\" title=\"KNAC.com\">KNAC.com</a></i><span class=\"reference-accessdate\">. Retrieved <span class=\"nowrap\">April 7,</span> 2024</span>.</cite><span title=\"ctx_ver=Z39.88-2004&amp;rft_val_fmt=info%3Aofi%2Ffmt%3Akev%3Amtx%3Ajournal&amp;rft.genre=unknown&amp;rft.jtitle=KNAC.com&amp;rft.atitle=FIREHOUSE+Vocalist+CJ+SNARE+Passes+Away+At+64&amp;rft.date=2024-04-07&amp;rft.au=Larry+Petro&amp;rft_id=https%3A%2F%2Fknac.com%2Farticle.asp%3FArticleID%3D49010&amp;rfr_id=info%3Asid%2Fen.wikipedia.org%3AFireHouse\" class=\"Z3988\"></span></span>\n</li>\n<li id=\"cite_note-:0-10\"><span class=\"mw-cite-backlink\">^ <a href=\"#cite_ref-:0_10-0\"><sup><i><b>a</b></i></sup></a> <a href=\"#cite_ref-:0_10-1\"><sup><i><b>b</b></i></sup></a></span> <span class=\"reference-text\"><link rel=\"mw-deduplicated-inline-style\" href=\"mw-data:TemplateStyles:r1238218222\" /><cite id=\"CITEREFBlabbermouth2024\" class=\"citation web cs1\">Blabbermouth (May 17, 2024). <a rel=\"nofollow\" class=\"external text\" href=\"https://blabbermouth.net/news/firehouse-announces-new-singer-nate-peck\">\"FIREHOUSE Announces New Singer NATE PECK\"</a>. <i>BLABBERMOUTH.NET</i><span class=\"reference-accessdate\">. Retrieved <span class=\"nowrap\">May 20,</span> 2024</span>.</cite><span title=\"ctx_ver=Z39.88-2004&amp;rft_val_fmt=info%3Aofi%2Ffmt%3Akev%3Amtx%3Ajournal&amp;rft.genre=unknown&amp;rft.jtitle=BLABBERMOUTH.NET&amp;rft.atitle=FIREHOUSE+Announces+New+Singer+NATE+PECK&amp;rft.date=2024-05-17&amp;rft.au=Blabbermouth&amp;rft_id=https%3A%2F%2Fblabbermouth.net%2Fnews%2Ffirehouse-announces-new-singer-nate-peck&amp;rfr_id=info%3Asid%2Fen.wikipedia.org%3AFireHouse\" class=\"Z3988\"></span></span>\n</li>\n<li id=\"cite_note-cdbaby-11\"><span class=\"mw-cite-backlink\">^ <a href=\"#cite_ref-cdbaby_11-0\"><sup><i><b>a</b></i></sup></a> <a href=\"#cite_ref-cdbaby_11-1\"><sup><i><b>b</b></i></sup></a> <a href=\"#cite_ref-cdbaby_11-2\"><sup><i><b>c</b></i></sup></a> <a href=\"#cite_ref-cdbaby_11-3\"><sup><i><b>d</b></i></sup></a> <a href=\"#cite_ref-cdbaby_11-4\"><sup><i><b>e</b></i></sup></a></span> <span class=\"reference-text\"><link rel=\"mw-deduplicated-inline-style\" href=\"mw-data:TemplateStyles:r1238218222\" /><cite class=\"citation web cs1\"><a rel=\"nofollow\" class=\"external text\" href=\"https://web.archive.org/web/20110629214731/http://www.cdbaby.com/cd/firehouse\">\"CD Baby FireHouse Biography\"</a>. 2007 CD Baby. Archived from <a rel=\"nofollow\" class=\"external text\" href=\"http://cdbaby.com/cd/firehouse\">the original</a> on June 29, 2011<span class=\"reference-accessdate\">. Retrieved <span class=\"nowrap\">December 26,</span> 2007</span>.</cite><span title=\"ctx_ver=Z39.88-2004&amp;rft_val_fmt=info%3Aofi%2Ffmt%3Akev%3Amtx%3Abook&amp;rft.genre=unknown&amp;rft.btitle=CD+Baby+FireHouse+Biography&amp;rft.pub=2007+CD+Baby&amp;rft_id=http%3A%2F%2Fcdbaby.com%2Fcd%2Ffirehouse&amp;rfr_id=info%3Asid%2Fen.wikipedia.org%3AFireHouse\" class=\"Z3988\"></span></span>\n</li>\n<li id=\"cite_note-rockeyez-12\"><span class=\"mw-cite-backlink\">^ <a href=\"#cite_ref-rockeyez_12-0\"><sup><i><b>a</b></i></sup></a> <a href=\"#cite_ref-rockeyez_12-1\"><sup><i><b>b</b></i></sup></a> <a href=\"#cite_ref-rockeyez_12-2\"><sup><i><b>c</b></i></sup></a> <a href=\"#cite_ref-rockeyez_12-3\"><sup><i><b>d</b></i></sup></a></span> <span class=\"reference-text\"><link rel=\"mw-deduplicated-inline-style\" href=\"mw-data:TemplateStyles:r1238218222\" /><cite class=\"citation web cs1\"><a rel=\"nofollow\" class=\"external text\" href=\"http://www.rockeyez.com/interviews/int-firehouse-cj_snare.html\">\"C.J. Snare Interview with RockEyez\"</a>. 2005 Rock Eyez<span class=\"reference-accessdate\">. Retrieved <span class=\"nowrap\">December 30,</span> 2007</span>.</cite><span title=\"ctx_ver=Z39.88-2004&amp;rft_val_fmt=info%3Aofi%2Ffmt%3Akev%3Amtx%3Abook&amp;rft.genre=unknown&amp;rft.btitle=C.J.+Snare+Interview+with+RockEyez&amp;rft.pub=2005+Rock+Eyez&amp;rft_id=http%3A%2F%2Fwww.rockeyez.com%2Finterviews%2Fint-firehouse-cj_snare.html&amp;rfr_id=info%3Asid%2Fen.wikipedia.org%3AFireHouse\" class=\"Z3988\"></span></span>\n</li>\n<li id=\"cite_note-blabbermouth-13\"><span class=\"mw-cite-backlink\">^ <a href=\"#cite_ref-blabbermouth_13-0\"><sup><i><b>a</b></i></sup></a> <a href=\"#cite_ref-blabbermouth_13-1\"><sup><i><b>b</b></i></sup></a> <a href=\"#cite_ref-blabbermouth_13-2\"><sup><i><b>c</b></i></sup></a></span> <span class=\"reference-text\"><link rel=\"mw-deduplicated-inline-style\" href=\"mw-data:TemplateStyles:r1238218222\" /><cite class=\"citation web cs1\"><a rel=\"nofollow\" class=\"external text\" href=\"https://web.archive.org/web/20080204190806/http://www.roadrunnerrecords.com/blabbermouth.net/news.aspx?mode=Article&amp;newsitemID=15033\">\"Blabbermouth Story on Waibel's Death\"</a>. 2003 Blabbermouth. Archived from <a rel=\"nofollow\" class=\"external text\" href=\"http://www.roadrunnerrecords.com/blabbermouth.net/news.aspx?mode=Article&amp;newsitemID=15033\">the original</a> on February 4, 2008<span class=\"reference-accessdate\">. Retrieved <span class=\"nowrap\">December 28,</span> 2007</span>.</cite><span title=\"ctx_ver=Z39.88-2004&amp;rft_val_fmt=info%3Aofi%2Ffmt%3Akev%3Amtx%3Abook&amp;rft.genre=unknown&amp;rft.btitle=Blabbermouth+Story+on+Waibel%27s+Death&amp;rft.pub=2003+Blabbermouth&amp;rft_id=http%3A%2F%2Fwww.roadrunnerrecords.com%2Fblabbermouth.net%2Fnews.aspx%3Fmode%3DArticle%26newsitemID%3D15033&amp;rfr_id=info%3Asid%2Fen.wikipedia.org%3AFireHouse\" class=\"Z3988\"></span></span>\n</li>\n<li id=\"cite_note-india-14\"><span class=\"mw-cite-backlink\">^ <a href=\"#cite_ref-india_14-0\"><sup><i><b>a</b></i></sup></a> <a href=\"#cite_ref-india_14-1\"><sup><i><b>b</b></i></sup></a></span> <span class=\"reference-text\"><link rel=\"mw-deduplicated-inline-style\" href=\"mw-data:TemplateStyles:r1238218222\" /><cite class=\"citation web cs1\"><a rel=\"nofollow\" class=\"external text\" href=\"https://web.archive.org/web/20110728103728/http://www.bollywoodsargam.com/modules.php?name=News&amp;file=article&amp;sid=11266\">\"Indian News Story on FireHouse tour\"</a>. 2004 BollywoodSARGAM. Archived from <a rel=\"nofollow\" class=\"external text\" href=\"http://www.bollywoodsargam.com/modules.php?name=News&amp;file=article&amp;sid=11266\">the original</a> on July 28, 2011<span class=\"reference-accessdate\">. Retrieved <span class=\"nowrap\">December 28,</span> 2007</span>.</cite><span title=\"ctx_ver=Z39.88-2004&amp;rft_val_fmt=info%3Aofi%2Ffmt%3Akev%3Amtx%3Abook&amp;rft.genre=unknown&amp;rft.btitle=Indian+News+Story+on+FireHouse+tour&amp;rft.pub=2004+BollywoodSARGAM&amp;rft_id=http%3A%2F%2Fwww.bollywoodsargam.com%2Fmodules.php%3Fname%3DNews%26file%3Darticle%26sid%3D11266&amp;rfr_id=info%3Asid%2Fen.wikipedia.org%3AFireHouse\" class=\"Z3988\"></span></span>\n</li>\n<li id=\"cite_note-15\"><span class=\"mw-cite-backlink\"><b><a href=\"#cite_ref-15\">^</a></b></span> <span class=\"reference-text\"><link rel=\"mw-deduplicated-inline-style\" href=\"mw-data:TemplateStyles:r1238218222\" /><cite id=\"CITEREFElliot2007\" class=\"citation news cs1\">Elliot, Matt (July 8, 2007). <a rel=\"nofollow\" class=\"external text\" href=\"https://www.tulsaworld.com/entertainment/article.aspx?articleID=070707_8_H3_NoArt00052\">\"C'mon sell the noize: Rocklahoma's hair-metal lineup outselling Country Fever\"</a>. Tulsa World<span class=\"reference-accessdate\">. Retrieved <span class=\"nowrap\">July 16,</span> 2006</span>.</cite><span title=\"ctx_ver=Z39.88-2004&amp;rft_val_fmt=info%3Aofi%2Ffmt%3Akev%3Amtx%3Ajournal&amp;rft.genre=article&amp;rft.atitle=C%27mon+sell+the+noize%3A+Rocklahoma%27s+hair-metal+lineup+outselling+Country+Fever&amp;rft.date=2007-07-08&amp;rft.aulast=Elliot&amp;rft.aufirst=Matt&amp;rft_id=http%3A%2F%2Fwww.tulsaworld.com%2Fentertainment%2Farticle.aspx%3FarticleID%3D070707_8_H3_NoArt00052&amp;rfr_id=info%3Asid%2Fen.wikipedia.org%3AFireHouse\" class=\"Z3988\"></span></span>\n</li>\n<li id=\"cite_note-16\"><span class=\"mw-cite-backlink\"><b><a href=\"#cite_ref-16\">^</a></b></span> <span class=\"reference-text\"><link rel=\"mw-deduplicated-inline-style\" href=\"mw-data:TemplateStyles:r1238218222\" /><cite id=\"CITEREFLarry_Petro2024\" class=\"citation web cs1\">Larry Petro (March 19, 2024). <a rel=\"nofollow\" class=\"external text\" href=\"https://misplacedstraws.com/2024/03/a-conversation-with-firehouse-vocalist-nate-peck.html\">\"A Conversation With FireHouse Vocalist Nate Peck\"</a>. <i>misplacedstraws.com</i><span class=\"reference-accessdate\">. Retrieved <span class=\"nowrap\">April 7,</span> 2024</span>.</cite><span title=\"ctx_ver=Z39.88-2004&amp;rft_val_fmt=info%3Aofi%2Ffmt%3Akev%3Amtx%3Ajournal&amp;rft.genre=unknown&amp;rft.jtitle=misplacedstraws.com&amp;rft.atitle=A+Conversation+With+FireHouse+Vocalist+Nate+Peck&amp;rft.date=2024-03-19&amp;rft.au=Larry+Petro&amp;rft_id=https%3A%2F%2Fmisplacedstraws.com%2F2024%2F03%2Fa-conversation-with-firehouse-vocalist-nate-peck.html&amp;rfr_id=info%3Asid%2Fen.wikipedia.org%3AFireHouse\" class=\"Z3988\"></span></span>\n</li>\n</ol></div></div>\n<div class=\"mw-heading mw-heading2\"><h2 id=\"External_links\">External links</h2></div>\n<style data-mw-deduplicate=\"TemplateStyles:r1308029216\">.mw-parser-output .side-box{margin:4px 0;box-sizing:border-box;border:1px solid #aaa;font-size:88%;line-height:1.25em;background-color:var(--background-color-interactive-subtle,#f8f9fa);display:flow-root}.mw-parser-output .infobox .side-box{font-size:100%}.mw-parser-output .side-box-abovebelow,.mw-parser-output .side-box-text{padding:0.25em 0.9em}.mw-parser-output .side-box-image{padding:2px 0 2px 0.9em;text-align:center}.mw-parser-output .side-box-imageright{padding:2px 0.9em 2px 0;text-align:center}@media(min-width:500px){.mw-parser-output .side-box-flex{display:flex;align-items:center}.mw-parser-output .side-box-text{flex:1;min-width:0}}@media(min-width:640px){.mw-parser-output .side-box{width:238px}.mw-parser-output .side-box-right{clear:right;float:right;margin-left:1em}.mw-parser-output .side-box-left{margin-right:1em}}</style><style data-mw-deduplicate=\"TemplateStyles:r1311551236\">@media print{body.ns-0 .mw-parser-output .sistersitebox{display:none!important}}@media screen{html.skin-theme-clientpref-night .mw-parser-output .sistersitebox img[src*=\"Wiktionary-logo-en-v2.svg\"]{filter:invert(1)brightness(55%)contrast(250%)hue-rotate(180deg)}}@media screen and (prefers-color-scheme:dark){html.skin-theme-clientpref-os .mw-parser-output .sistersitebox img[src*=\"Wiktionary-logo-en-v2.svg\"]{filter:invert(1)brightness(55%)contrast(250%)hue-rotate(180deg)}}</style><div class=\"side-box side-box-right plainlinks sistersitebox\"><link rel=\"mw-deduplicated-inline-style\" href=\"mw-data:TemplateStyles:r1126788409\" />\n<div class=\"side-box-flex\">\n<div class=\"side-box-image\"><span class=\"noviewer\" typeof=\"mw:File\"><a href=\"/wiki/File:Commons-logo.svg\" class=\"mw-file-description\"><img alt=\"\" src=\"//upload.wikimedia.org/wikipedia/en/thumb/4/4a/Commons-logo.svg/40px-Commons-logo.svg.png\" decoding=\"async\" width=\"30\" height=\"40\" class=\"mw-file-element\" srcset=\"//upload.wikimedia.org/wikipedia/en/thumb/4/4a/Commons-logo.svg/60px-Commons-logo.svg.png 1.5x\" data-file-width=\"1024\" data-file-height=\"1376\" /></a></span></div>\n<div class=\"side-box-text plainlist\">Wikimedia Commons has media related to <span style=\"font-weight: bold; font-style: italic;\"><a href=\"https://commons.wikimedia.org/wiki/Category:FireHouse_(band)\" class=\"extiw\" title=\"commons:Category:FireHouse (band)\">FireHouse (band)</a></span>.</div></div>\n</div>\n<ul><li><a rel=\"nofollow\" class=\"external text\" href=\"https://www.firehousemusic.com/\">Firehouse official website</a></li>\n<li><a rel=\"nofollow\" class=\"external text\" href=\"https://www.allmusic.com/artist/mn0000175049\">FireHouse</a> at <a href=\"/wiki/AllMusic_(identifier)\" class=\"mw-redirect\" title=\"AllMusic (identifier)\">AllMusic</a> <span class=\"mw-valign-text-top noprint\" typeof=\"mw:File/Frameless\"><a href=\"https://www.wikidata.org/wiki/Q1330704#P1728\" title=\"Edit this at Wikidata\"><img alt=\"Edit this at Wikidata\" src=\"//upload.wikimedia.org/wikipedia/en/thumb/8/8a/OOjs_UI_icon_edit-ltr-progressive.svg/20px-OOjs_UI_icon_edit-ltr-progressive.svg.png\" decoding=\"async\" width=\"10\" height=\"10\" class=\"mw-file-element\" data-file-width=\"20\" data-file-height=\"20\" /></a></span></li>\n<li><a rel=\"nofollow\" class=\"external text\" href=\"https://www.discogs.com/artist/Firehouse+%282%29\">FireHouse</a> discography at <a href=\"/wiki/Discogs\" title=\"Discogs\">Discogs</a></li>\n<li><a rel=\"nofollow\" class=\"external text\" href=\"https://www.imdb.com/name/nm2205675/\">FireHouse</a> at <a href=\"/wiki/IMDb_(identifier)\" class=\"mw-redirect\" title=\"IMDb (identifier)\">IMDb</a></li>\n<li><a rel=\"nofollow\" class=\"external text\" href=\"https://web.archive.org/web/20110612143930/http://www.rubiconcross.net/\">CJ Snare's side project website</a></li>\n<li><a rel=\"nofollow\" class=\"external text\" href=\"https://www.leverty.com/\">Bill Leverty's official website</a></li>\n<li><a rel=\"nofollow\" class=\"external text\" href=\"http://www.metalrulesradio.com/\">An interview with Bill Leverty at www.metalrulesradio.com</a> <a rel=\"nofollow\" class=\"external text\" href=\"https://web.archive.org/web/20140605095452/http://www.metalrulesradio.com/\">Archived</a> June 5, 2014, at the <a href=\"/wiki/Wayback_Machine\" title=\"Wayback Machine\">Wayback Machine</a></li></ul>\n<div class=\"navbox-styles\"><link rel=\"mw-deduplicated-inline-style\" href=\"mw-data:TemplateStyles:r1129693374\" /><style data-mw-deduplicate=\"TemplateStyles:r1236075235\">.mw-parser-output .navbox{box-sizing:border-box;border:1px solid #a2a9b1;width:100%;clear:both;font-size:88%;text-align:center;padding:1px;margin:1em auto 0}.mw-parser-output .navbox .navbox{margin-top:0}.mw-parser-output .navbox+.navbox,.mw-parser-output .navbox+.navbox-styles+.navbox{margin-top:-1px}.mw-parser-output .navbox-inner,.mw-parser-output .navbox-subgroup{width:100%}.mw-parser-output .navbox-group,.mw-parser-output .navbox-title,.mw-parser-output .navbox-abovebelow{padding:0.25em 1em;line-height:1.5em;text-align:center}.mw-parser-output .navbox-group{white-space:nowrap;text-align:right}.mw-parser-output .navbox,.mw-parser-output .navbox-subgroup{background-color:#fdfdfd}.mw-parser-output .navbox-list{line-height:1.5em;border-color:#fdfdfd}.mw-parser-output .navbox-list-with-group{text-align:left;border-left-width:2px;border-left-style:solid}.mw-parser-output tr+tr>.navbox-abovebelow,.mw-parser-output tr+tr>.navbox-group,.mw-parser-output tr+tr>.navbox-image,.mw-parser-output tr+tr>.navbox-list{border-top:2px solid #fdfdfd}.mw-parser-output .navbox-title{background-color:#ccf}.mw-parser-output .navbox-abovebelow,.mw-parser-output .navbox-group,.mw-parser-output .navbox-subgroup .navbox-title{background-color:#ddf}.mw-parser-output .navbox-subgroup .navbox-group,.mw-parser-output .navbox-subgroup .navbox-abovebelow{background-color:#e6e6ff}.mw-parser-output .navbox-even{background-color:#f7f7f7}.mw-parser-output .navbox-odd{background-color:transparent}.mw-parser-output .navbox .hlist td dl,.mw-parser-output .navbox .hlist td ol,.mw-parser-output .navbox .hlist td ul,.mw-parser-output .navbox td.hlist dl,.mw-parser-output .navbox td.hlist ol,.mw-parser-output .navbox td.hlist ul{padding:0.125em 0}.mw-parser-output .navbox .navbar{display:block;font-size:100%}.mw-parser-output .navbox-title .navbar{float:left;text-align:left;margin-right:0.5em}body.skin--responsive .mw-parser-output .navbox-image img{max-width:none!important}@media print{body.ns-0 .mw-parser-output .navbox{display:none!important}}</style><style data-mw-deduplicate=\"TemplateStyles:r1256394678\">@media screen{.mw-parser-output .navbox-musical-artist-solo .navbox-title{background-color:#f0e68c}.mw-parser-output .navbox-musical-artist-non-vocal .navbox-title{background-color:#f4bf92}.mw-parser-output .navbox-musical-artist-non-perform .navbox-title{background-color:#bfe0bf}.mw-parser-output .navbox-musical-artist-group .navbox-title{background-color:#b0c4de}.mw-parser-output .navbox-musical-artist-cover .navbox-title{background-color:#d8bfd8}.mw-parser-output .navbox-musical-artist-classical .navbox-title{background-color:#b0e0e6}.mw-parser-output .navbox-musical-artist-temp .navbox-title{background-color:#d3d3d3}.mw-parser-output .navbox-musical-artist .navbox-group,.mw-parser-output .navbox-musical-artist .navbox-abovebelow{background-color:var(--background-color-neutral,#eaecf0)}html.skin-theme-clienpref-night .mw-parser-output .navbox-musical-artist .navbox-title{background-color:inherit}}@media screen and (prefers-color-scheme:dark){html.skin-theme-clienpref-os .mw-parser-output .navbox-musical-artist .navbox-title{background-color:inherit}}</style></div><div role=\"navigation\" class=\"navbox navbox-musical-artist navbox-musical-artist-group\" aria-labelledby=\"FireHouse1096\" style=\"padding:3px\"><table class=\"nowraplinks vcard hlist mw-collapsible autocollapse navbox-inner\" style=\"border-spacing:0;background:transparent;color:inherit\"><tbody><tr><th scope=\"col\" class=\"navbox-title\" colspan=\"2\"><link rel=\"mw-deduplicated-inline-style\" href=\"mw-data:TemplateStyles:r1129693374\" /><style data-mw-deduplicate=\"TemplateStyles:r1239400231\">.mw-parser-output .navbar{display:inline;font-size:88%;font-weight:normal}.mw-parser-output .navbar-collapse{float:left;text-align:left}.mw-parser-output .navbar-boxtext{word-spacing:0}.mw-parser-output .navbar ul{display:inline-block;white-space:nowrap;line-height:inherit}.mw-parser-output .navbar-brackets::before{margin-right:-0.125em;content:\"[ \"}.mw-parser-output .navbar-brackets::after{margin-left:-0.125em;content:\" ]\"}.mw-parser-output .navbar li{word-spacing:-0.125em}.mw-parser-output .navbar a>span,.mw-parser-output .navbar a>abbr{text-decoration:inherit}.mw-parser-output .navbar-mini abbr{font-variant:small-caps;border-bottom:none;text-decoration:none;cursor:inherit}.mw-parser-output .navbar-ct-full{font-size:114%;margin:0 7em}.mw-parser-output .navbar-ct-mini{font-size:114%;margin:0 4em}html.skin-theme-clientpref-night .mw-parser-output .navbar li a abbr{color:var(--color-base)!important}@media(prefers-color-scheme:dark){html.skin-theme-clientpref-os .mw-parser-output .navbar li a abbr{color:var(--color-base)!important}}@media print{.mw-parser-output .navbar{display:none!important}}</style><div class=\"navbar plainlinks hlist navbar-mini\"><ul><li class=\"nv-view\"><a href=\"/wiki/Template:FireHouse\" title=\"Template:FireHouse\"><abbr title=\"View this template\">v</abbr></a></li><li class=\"nv-talk\"><a href=\"/wiki/Template_talk:FireHouse\" title=\"Template talk:FireHouse\"><abbr title=\"Discuss this template\">t</abbr></a></li><li class=\"nv-edit\"><a href=\"/wiki/Special:EditPage/Template:FireHouse\" title=\"Special:EditPage/Template:FireHouse\"><abbr title=\"Edit this template\">e</abbr></a></li></ul></div><div id=\"FireHouse1096\" class=\"fn org\" style=\"font-size:114%;margin:0 4em\"><a class=\"mw-selflink selflink\">FireHouse</a></div></th></tr><tr><td class=\"navbox-abovebelow\" colspan=\"2\"><div>\n<ul><li><b><a href=\"/wiki/Bill_Leverty\" title=\"Bill Leverty\">Bill Leverty</a></b></li>\n<li><b><a href=\"/wiki/Michael_Foster_(musician)\" title=\"Michael Foster (musician)\">Michael Foster</a></b></li>\n<li><b><a href=\"/wiki/Allen_McKenzie\" title=\"Allen McKenzie\">Allen McKenzie</a></b></li>\n<li><b><a href=\"/wiki/Nate_Peck\" class=\"mw-redirect\" title=\"Nate Peck\">Nate Peck</a></b></li></ul>\n<ul><li><a href=\"/wiki/C._J._Snare\" title=\"C. J. Snare\">C. J. Snare</a></li>\n<li><a href=\"/wiki/Perry_Richardson\" title=\"Perry Richardson\">Perry Richardson</a></li>\n<li><a href=\"/wiki/Bruce_Waibel\" title=\"Bruce Waibel\">Bruce Waibel</a></li></ul>\n</div></td></tr><tr><th scope=\"row\" class=\"navbox-group\" style=\"width:1%\">Studio albums</th><td class=\"navbox-list-with-group navbox-list navbox-odd\" style=\"width:100%;padding:0\"><div style=\"padding:0 0.25em\">\n<ul><li><i><a href=\"/wiki/FireHouse_(album)\" title=\"FireHouse (album)\">FireHouse</a></i> (1990)</li>\n<li><i><a href=\"/wiki/Hold_Your_Fire_(FireHouse_album)\" title=\"Hold Your Fire (FireHouse album)\">Hold Your Fire</a></i> (1992)</li>\n<li><i><a href=\"/wiki/3_(FireHouse_album)\" title=\"3 (FireHouse album)\">3</a></i> (1995)</li>\n<li><i><a href=\"/wiki/Good_Acoustics\" title=\"Good Acoustics\">Good Acoustics</a></i> (1996)</li>\n<li><i><a href=\"/wiki/Category_5_(album)\" title=\"Category 5 (album)\">Category 5</a></i> (1998)</li>\n<li><i><a href=\"/wiki/O2_(FireHouse_album)\" title=\"O2 (FireHouse album)\">O<sub>2</sub></a></i> (2000)</li>\n<li><i><a href=\"/wiki/Prime_Time_(FireHouse_album)\" title=\"Prime Time (FireHouse album)\">Prime Time</a></i> (2003)</li>\n<li><i><a href=\"/wiki/Full_Circle_(FireHouse_album)\" title=\"Full Circle (FireHouse album)\">Full Circle</a></i> (2011)</li></ul>\n</div></td></tr><tr><th scope=\"row\" class=\"navbox-group\" style=\"width:1%\">Other albums</th><td class=\"navbox-list-with-group navbox-list navbox-even\" style=\"width:100%;padding:0\"><div style=\"padding:0 0.25em\">\n<ul><li><i><a href=\"/wiki/Bring_%27Em_Out_Live\" title=\"Bring &#39;Em Out Live\">Bring 'Em Out Live</a></i> (1999)</li></ul>\n</div></td></tr><tr><th scope=\"row\" class=\"navbox-group\" style=\"width:1%\">Singles</th><td class=\"navbox-list-with-group navbox-list navbox-odd\" style=\"width:100%;padding:0\"><div style=\"padding:0 0.25em\">\n<ul><li>\"<a href=\"/wiki/Don%27t_Treat_Me_Bad\" title=\"Don&#39;t Treat Me Bad\">Don't Treat Me Bad</a>\"</li>\n<li>\"<a href=\"/wiki/Love_of_a_Lifetime_(FireHouse_song)\" title=\"Love of a Lifetime (FireHouse song)\">Love of a Lifetime</a>\"</li>\n<li>\"<a href=\"/wiki/All_She_Wrote_(FireHouse_song)\" title=\"All She Wrote (FireHouse song)\">All She Wrote</a>\"</li>\n<li>\"<a href=\"/wiki/Reach_for_the_Sky_(FireHouse_song)\" title=\"Reach for the Sky (FireHouse song)\">Reach for the Sky</a>\"</li>\n<li>\"<a href=\"/wiki/When_I_Look_into_Your_Eyes\" title=\"When I Look into Your Eyes\">When I Look into Your Eyes</a>\"</li>\n<li>\"<a href=\"/wiki/I_Live_My_Life_for_You\" title=\"I Live My Life for You\">I Live My Life for You</a>\"</li></ul>\n</div></td></tr><tr><th scope=\"row\" class=\"navbox-group\" style=\"width:1%\">Related</th><td class=\"navbox-list-with-group navbox-list navbox-even\" style=\"width:100%;padding:0\"><div style=\"padding:0 0.25em\">\n<ul><li><a href=\"/wiki/FireHouse_discography\" title=\"FireHouse discography\">Discography</a></li></ul>\n</div></td></tr></tbody></table></div>\n<div class=\"navbox-styles\"><link rel=\"mw-deduplicated-inline-style\" href=\"mw-data:TemplateStyles:r1129693374\" /><link rel=\"mw-deduplicated-inline-style\" href=\"mw-data:TemplateStyles:r1236075235\" /><style data-mw-deduplicate=\"TemplateStyles:r1038841319\">.mw-parser-output .tooltip-dotted{border-bottom:1px dotted;cursor:help}</style></div><div role=\"navigation\" class=\"navbox authority-control\" aria-labelledby=\"Authority_control_databases_frameless&amp;#124;text-top&amp;#124;10px&amp;#124;alt=Edit_this_at_Wikidata&amp;#124;link=https&amp;#58;//www.wikidata.org/wiki/Q1330704#identifiers&amp;#124;class=noprint&amp;#124;Edit_this_at_Wikidata1078\" style=\"padding:3px\"><table class=\"nowraplinks hlist mw-collapsible autocollapse navbox-inner\" style=\"border-spacing:0;background:transparent;color:inherit\"><tbody><tr><th scope=\"col\" class=\"navbox-title\" colspan=\"2\"><div id=\"Authority_control_databases_frameless&amp;#124;text-top&amp;#124;10px&amp;#124;alt=Edit_this_at_Wikidata&amp;#124;link=https&amp;#58;//www.wikidata.org/wiki/Q1330704#identifiers&amp;#124;class=noprint&amp;#124;Edit_this_at_Wikidata1078\" style=\"font-size:114%;margin:0 4em\"><a href=\"/wiki/Help:Authority_control\" title=\"Help:Authority control\">Authority control databases</a> <span class=\"mw-valign-text-top noprint\" typeof=\"mw:File/Frameless\"><a href=\"https://www.wikidata.org/wiki/Q1330704#identifiers\" title=\"Edit this at Wikidata\"><img alt=\"Edit this at Wikidata\" src=\"//upload.wikimedia.org/wikipedia/en/thumb/8/8a/OOjs_UI_icon_edit-ltr-progressive.svg/20px-OOjs_UI_icon_edit-ltr-progressive.svg.png\" decoding=\"async\" width=\"10\" height=\"10\" class=\"mw-file-element\" data-file-width=\"20\" data-file-height=\"20\" /></a></span></div></th></tr><tr><th scope=\"row\" class=\"navbox-group\" style=\"width:1%\">International</th><td class=\"navbox-list-with-group navbox-list navbox-odd\" style=\"width:100%;padding:0\"><div style=\"padding:0 0.25em\"><ul><li><span class=\"uid\"><a rel=\"nofollow\" class=\"external text\" href=\"https://isni.org/isni/0000000106578362\">ISNI</a></span><ul><li><span class=\"uid\"><a rel=\"nofollow\" class=\"external text\" href=\"https://isni.org/isni/000000010432553X\">2</a></span></li></ul></li><li><span class=\"uid\"><a rel=\"nofollow\" class=\"external text\" href=\"https://viaf.org/viaf/126283623\">VIAF</a></span></li></ul></div></td></tr><tr><th scope=\"row\" class=\"navbox-group\" style=\"width:1%\">National</th><td class=\"navbox-list-with-group navbox-list navbox-even\" style=\"width:100%;padding:0\"><div style=\"padding:0 0.25em\"><ul><li><span class=\"uid\"><a rel=\"nofollow\" class=\"external text\" href=\"https://id.loc.gov/authorities/n91119204\">United States</a></span></li><li><span class=\"uid\"><span class=\"rt-commentedText tooltip tooltip-dotted\" title=\"Firehouse (hudební skupina)\"><a rel=\"nofollow\" class=\"external text\" href=\"https://aleph.nkp.cz/F/?func=find-c&amp;local_base=aut&amp;ccl_term=ica=xx0131928&amp;CON_LNG=ENG\">Czech Republic</a></span></span></li></ul></div></td></tr><tr><th scope=\"row\" class=\"navbox-group\" style=\"width:1%\">Artists</th><td class=\"navbox-list-with-group navbox-list navbox-odd\" style=\"width:100%;padding:0\"><div style=\"padding:0 0.25em\"><ul><li><span class=\"uid\"><a rel=\"nofollow\" class=\"external text\" href=\"https://musicbrainz.org/artist/3ca0ef91-3297-4ef8-a99a-1c1a54dc8ac7\">MusicBrainz</a></span></li></ul></div></td></tr></tbody></table></div>\n<!-- \nNewPP limit report\nParsed by mw‐web.codfw.main‐9c75744‐v9qmd\nCached time: 20250928050100\nCache expiry: 2592000\nReduced expiry: false\nComplications: [vary‐revision‐sha1, show‐toc]\nCPU time usage: 0.620 seconds\nReal time usage: 0.772 seconds\nPreprocessor visited node count: 2708/1000000\nRevision size: 22677/2097152 bytes\nPost‐expand include size: 56953/2097152 bytes\nTemplate argument size: 5078/2097152 bytes\nHighest expansion depth: 14/100\nExpensive parser function count: 5/500\nUnstrip recursion depth: 1/20\nUnstrip post‐expand size: 84338/5000000 bytes\nLua time usage: 0.332/10.000 seconds\nLua memory usage: 6452083/52428800 bytes\nNumber of Wikibase entities loaded: 1/500\n-->\n<!--\nTransclusion expansion time report (%,ms,calls,template)\n100.00%  678.221      1 -total\n 30.46%  206.569      1 Template:Reflist\n 15.11%  102.477      2 Template:Cite_book\n 13.36%   90.620      1 Template:Infobox_musical_artist\n 12.69%   86.090      1 Template:Infobox\n  9.56%   64.851      1 Template:Short_description\n  9.42%   63.896     13 Template:Cite_web\n  8.97%   60.818      1 Template:FireHouse\n  8.73%   59.221      1 Template:Navbox_musical_artist\n  6.93%   47.024      1 Template:Commons_category\n-->\n\n<!-- Saved in parser cache with key enwiki:pcache:1392370:|#|:idhash:canonical and timestamp 20250928050100 and revision id 1312068929. Rendering was triggered because: page_view\n -->\n</div>"
        }
    }
}