{
    "parse": {
        "title": "Flogging Molly",
        "pageid": 542761,
        "text": {
            "*": "<div class=\"mw-content-ltr mw-parser-output\" lang=\"en\" dir=\"ltr\"><div class=\"shortdescription nomobile noexcerpt noprint searchaux\" style=\"display:none\">American Celtic punk band</div>\n<p class=\"mw-empty-elt\">\n</p>\n<style data-mw-deduplicate=\"TemplateStyles:r1305433154\">.mw-parser-output .ambox{border:1px solid #a2a9b1;border-left:10px solid #36c;background-color:#fbfbfb;box-sizing:border-box}.mw-parser-output .ambox+link+.ambox,.mw-parser-output .ambox+link+style+.ambox,.mw-parser-output .ambox+link+link+.ambox,.mw-parser-output .ambox+.mw-empty-elt+link+.ambox,.mw-parser-output .ambox+.mw-empty-elt+link+style+.ambox,.mw-parser-output .ambox+.mw-empty-elt+link+link+.ambox{margin-top:-1px}html body.mediawiki .mw-parser-output .ambox.mbox-small-left{margin:4px 1em 4px 0;overflow:hidden;width:238px;border-collapse:collapse;font-size:88%;line-height:1.25em}.mw-parser-output .ambox-speedy{border-left:10px solid #b32424;background-color:#fee7e6}.mw-parser-output .ambox-delete{border-left:10px solid #b32424}.mw-parser-output .ambox-content{border-left:10px solid #f28500}.mw-parser-output .ambox-style{border-left:10px solid #fc3}.mw-parser-output .ambox-move{border-left:10px solid #9932cc}.mw-parser-output .ambox-protection{border-left:10px solid #a2a9b1}.mw-parser-output .ambox .mbox-text{border:none;padding:0.25em 0.5em;width:100%}.mw-parser-output .ambox .mbox-image{border:none;padding:2px 0 2px 0.5em;text-align:center}.mw-parser-output .ambox .mbox-imageright{border:none;padding:2px 0.5em 2px 0;text-align:center}.mw-parser-output .ambox .mbox-empty-cell{border:none;padding:0;width:1px}.mw-parser-output .ambox .mbox-image-div{width:52px}@media(min-width:720px){.mw-parser-output .ambox{margin:0 10%}}@media print{body.ns-0 .mw-parser-output .ambox{display:none!important}}</style><table class=\"box-More_citations_needed plainlinks metadata ambox ambox-content ambox-Refimprove\" role=\"presentation\"><tbody><tr><td class=\"mbox-image\"><div class=\"mbox-image-div\"><span typeof=\"mw:File\"><a href=\"/wiki/File:Question_book-new.svg\" class=\"mw-file-description\"><img alt=\"\" src=\"//upload.wikimedia.org/wikipedia/en/thumb/9/99/Question_book-new.svg/60px-Question_book-new.svg.png\" decoding=\"async\" width=\"50\" height=\"39\" class=\"mw-file-element\" srcset=\"//upload.wikimedia.org/wikipedia/en/thumb/9/99/Question_book-new.svg/120px-Question_book-new.svg.png 1.5x\" data-file-width=\"512\" data-file-height=\"399\" /></a></span></div></td><td class=\"mbox-text\"><div class=\"mbox-text-span\">This article <b>needs additional citations for <a href=\"/wiki/Wikipedia:Verifiability\" title=\"Wikipedia:Verifiability\">verification</a></b>.<span class=\"hide-when-compact\"> Please help <a href=\"/wiki/Special:EditPage/Flogging_Molly\" title=\"Special:EditPage/Flogging Molly\">improve this article</a> by <a href=\"/wiki/Help:Referencing_for_beginners\" title=\"Help:Referencing for beginners\">adding citations to reliable sources</a>. Unsourced material may be challenged and removed.<br /><small><span class=\"plainlinks\"><i>Find sources:</i>&#160;<a rel=\"nofollow\" class=\"external text\" href=\"https://www.google.com/search?as_eq=wikipedia&amp;q=%22Flogging+Molly%22\">\"Flogging Molly\"</a>&#160;–&#160;<a rel=\"nofollow\" class=\"external text\" href=\"https://www.google.com/search?tbm=nws&amp;q=%22Flogging+Molly%22+-wikipedia&amp;tbs=ar:1\">news</a>&#160;<b>·</b> <a rel=\"nofollow\" class=\"external text\" href=\"https://www.google.com/search?&amp;q=%22Flogging+Molly%22&amp;tbs=bkt:s&amp;tbm=bks\">newspapers</a>&#160;<b>·</b> <a rel=\"nofollow\" class=\"external text\" href=\"https://www.google.com/search?tbs=bks:1&amp;q=%22Flogging+Molly%22+-wikipedia\">books</a>&#160;<b>·</b> <a rel=\"nofollow\" class=\"external text\" href=\"https://scholar.google.com/scholar?q=%22Flogging+Molly%22\">scholar</a>&#160;<b>·</b> <a rel=\"nofollow\" class=\"external text\" href=\"https://www.jstor.org/action/doBasicSearch?Query=%22Flogging+Molly%22&amp;acc=on&amp;wc=on\">JSTOR</a></span></small></span>  <span class=\"date-container\"><i>(<span class=\"date\">May 2014</span>)</i></span><span class=\"hide-when-compact\"><i> (<small><a href=\"/wiki/Help:Maintenance_template_removal\" title=\"Help:Maintenance template removal\">Learn how and when to remove this message</a></small>)</i></span></div></td></tr></tbody></table>\n<style data-mw-deduplicate=\"TemplateStyles:r1126788409\">.mw-parser-output .plainlist ol,.mw-parser-output .plainlist ul{line-height:inherit;list-style:none;margin:0;padding:0}.mw-parser-output .plainlist ol li,.mw-parser-output .plainlist ul li{margin-bottom:0}</style><style data-mw-deduplicate=\"TemplateStyles:r1295905060\">.mw-parser-output .infobox-subbox{padding:0;border:none;margin:-3px;width:auto;min-width:100%;font-size:100%;clear:none;float:none;background-color:transparent}.mw-parser-output .infobox-3cols-child{margin:auto}.mw-parser-output .infobox .navbar{font-size:100%}@media screen{html.skin-theme-clientpref-night .mw-parser-output .infobox-full-data:not(.notheme)>div:not(.notheme)[style]{background:#1f1f23!important;color:#f8f9fa}}@media screen and (prefers-color-scheme:dark){html.skin-theme-clientpref-os .mw-parser-output .infobox-full-data:not(.notheme)>div:not(.notheme)[style]{background:#1f1f23!important;color:#f8f9fa}}@media(min-width:640px){body.skin--responsive .mw-parser-output .infobox-table{display:table!important}body.skin--responsive .mw-parser-output .infobox-table>caption{display:table-caption!important}body.skin--responsive .mw-parser-output .infobox-table>tbody{display:table-row-group}body.skin--responsive .mw-parser-output .infobox-table th,body.skin--responsive .mw-parser-output .infobox-table td{padding-left:inherit;padding-right:inherit}}</style><table class=\"infobox vcard plainlist\"><tbody><tr><th colspan=\"2\" class=\"infobox-above\" style=\"color: #202122;background-color: #b0c4de; font-size: 125%;\"><div class=\"fn org\">Flogging Molly</div></th></tr><tr><td colspan=\"2\" class=\"infobox-image\"><span class=\"mw-default-size\" typeof=\"mw:File/Frameless\"><a href=\"/wiki/File:Flogging_Molly_%E2%80%93_Reload_Festival_2015_02.jpg\" class=\"mw-file-description\" title=\"Flogging Molly in 2015\"><img alt=\"Flogging Molly in 2015\" src=\"//upload.wikimedia.org/wikipedia/commons/thumb/f/ff/Flogging_Molly_%E2%80%93_Reload_Festival_2015_02.jpg/330px-Flogging_Molly_%E2%80%93_Reload_Festival_2015_02.jpg\" decoding=\"async\" width=\"300\" height=\"201\" class=\"mw-file-element\" srcset=\"//upload.wikimedia.org/wikipedia/commons/thumb/f/ff/Flogging_Molly_%E2%80%93_Reload_Festival_2015_02.jpg/500px-Flogging_Molly_%E2%80%93_Reload_Festival_2015_02.jpg 1.5x, //upload.wikimedia.org/wikipedia/commons/thumb/f/ff/Flogging_Molly_%E2%80%93_Reload_Festival_2015_02.jpg/960px-Flogging_Molly_%E2%80%93_Reload_Festival_2015_02.jpg 2x\" data-file-width=\"6021\" data-file-height=\"4032\" /></a></span><div class=\"infobox-caption\">Flogging Molly in 2015</div></td></tr><tr><th colspan=\"2\" class=\"infobox-header\" style=\"color: #202122;background-color: #b0c4de\">Background information</th></tr><tr><th scope=\"row\" class=\"infobox-label\">Origin</th><td class=\"infobox-data\"><a href=\"/wiki/Los_Angeles\" title=\"Los Angeles\">Los Angeles</a>, <a href=\"/wiki/California\" title=\"California\">California</a>, U.S.</td></tr><tr><th scope=\"row\" class=\"infobox-label\">Genres</th><td class=\"infobox-data\"><a href=\"/wiki/Celtic_punk\" title=\"Celtic punk\">Celtic punk</a>, <a href=\"/wiki/Folk_punk\" title=\"Folk punk\">folk punk</a></td></tr><tr><th scope=\"row\" class=\"infobox-label\"><span class=\"nowrap\">Years active</span></th><td class=\"infobox-data\">1997–present</td></tr><tr><th scope=\"row\" class=\"infobox-label\">Labels</th><td class=\"infobox-data\"><a href=\"/wiki/SideOneDummy_Records\" title=\"SideOneDummy Records\">SideOneDummy</a>, <a href=\"/wiki/Burning_Heart_Records\" title=\"Burning Heart Records\">Burning Heart</a>, <a href=\"/wiki/Vanguard_Records\" title=\"Vanguard Records\">Vanguard</a>, Borstal Beat, <a href=\"/wiki/Rise_Records\" title=\"Rise Records\">Rise</a><sup id=\"cite_ref-1\" class=\"reference\"><a href=\"#cite_note-1\"><span class=\"cite-bracket\">&#91;</span>1<span class=\"cite-bracket\">&#93;</span></a></sup></td></tr><tr><th colspan=\"2\" class=\"infobox-header\" style=\"color: #202122;background-color: #b0c4de\"></th></tr><tr><th scope=\"row\" class=\"infobox-label\">Members</th><td class=\"infobox-data\"><a href=\"/wiki/Dave_King_(Irish_singer)\" class=\"mw-redirect\" title=\"Dave King (Irish singer)\">Dave King</a><br />Bridget Regan<br />Dennis Casey<br />Nathen Maxwell<br />Matt Hensley<br />Mike Alonso<br />Spencer Swain</td></tr><tr><th colspan=\"2\" class=\"infobox-header\" style=\"color: #202122;background-color: #b0c4de\"></th></tr><tr><th scope=\"row\" class=\"infobox-label\"><span class=\"nowrap\">Past members</span></th><td class=\"infobox-data\">George Schwindt<br />Bob Schmidt</td></tr><tr><th colspan=\"2\" class=\"infobox-header\" style=\"color: #202122;background-color: #b0c4de\"></th></tr><tr><th scope=\"row\" class=\"infobox-label\">Website</th><td class=\"infobox-data\"><span class=\"url\"><a rel=\"nofollow\" class=\"external text\" href=\"http://floggingmolly.com\">floggingmolly<wbr />.com</a></span></td></tr></tbody></table>\n<p><b>Flogging Molly</b> is an Irish-American seven-piece <a href=\"/wiki/Celtic_punk\" title=\"Celtic punk\">Celtic punk</a> band formed in Los Angeles in 1997, led by Irish vocalist <a href=\"/wiki/Dave_King_(singer)\" title=\"Dave King (singer)\">Dave King</a>, formerly of the hard rock band <a href=\"/wiki/Fastway_(band)\" title=\"Fastway (band)\">Fastway</a>. They are signed to their own <a href=\"/wiki/Record_label\" title=\"Record label\">record label</a>, Borstal Beat Records.\n</p>\n\n<div class=\"mw-heading mw-heading2\"><h2 id=\"History\">History</h2></div>\n<div class=\"mw-heading mw-heading3\"><h3 id=\"Early_years\">Early years</h3></div>\n<p>Prior to forming Flogging Molly, <a href=\"/wiki/Dublin\" title=\"Dublin\">Dublin</a>-born Dave King was the lead singer for the heavy metal band <a href=\"/wiki/Fastway_(band)\" title=\"Fastway (band)\">Fastway</a> featuring guitarist <a href=\"/wiki/Eddie_Clarke_(musician)\" class=\"mw-redirect\" title=\"Eddie Clarke (musician)\">\"Fast\" Eddie Clarke</a> of Motörhead in the early to mid-<a href=\"/wiki/1980s_in_music\" title=\"1980s in music\">1980s</a>. He later fronted a hard rock band called Katmandu (1991), featuring <a href=\"/wiki/Mandy_Meyer\" title=\"Mandy Meyer\">Mandy Meyer</a> of <a href=\"/wiki/Krokus_(band)\" title=\"Krokus (band)\">Krokus</a> and <a href=\"/wiki/Asia_(band)\" title=\"Asia (band)\">Asia</a> on guitars. Afterward, King retained a record deal with <a href=\"/wiki/Epic_Records\" title=\"Epic Records\">Epic Records</a> and began to work on a solo album, but began to reconsider his record deal when the label opposed his idea of bringing in traditional Irish instruments. King negotiated out of his record deal to go his own way musically soon after.\n</p><p>In 1993, King met <a href=\"/wiki/Violin\" title=\"Violin\">violin</a> player Bridget Regan, guitarist <a href=\"/wiki/Ted_Hutt\" title=\"Ted Hutt\">Ted Hutt</a>, bassist Jeff Peters and drummer <a href=\"/wiki/Paul_Crowder\" title=\"Paul Crowder\">Paul Crowder</a>,<sup id=\"cite_ref-floggingmolly.com_2-0\" class=\"reference\"><a href=\"#cite_note-floggingmolly.com-2\"><span class=\"cite-bracket\">&#91;</span>2<span class=\"cite-bracket\">&#93;</span></a></sup> and put together a rock band with a <a href=\"/wiki/Celtic_music\" title=\"Celtic music\">Celtic music</a> influence. They began to play a mix of Irish traditional and rock music. Putting King's poetic lyrics to rocking melodies, they played weekly at a Los Angeles pub called Molly Malone's, building a small but loyal following. Together, they wrote songs such as \"Black Friday Rule\" and \"Selfish Man\", which was the beginning of Flogging Molly's sound. Ted and Jeff then left Flogging Molly because an earlier band of theirs, Reacharound, received a record deal. King and Regan began to find new members and the current band was formed.\n</p><p>They continued a routine of playing every Monday night at Molly Malone's. They put out a live album, <i><a href=\"/wiki/Alive_Behind_the_Green_Door\" title=\"Alive Behind the Green Door\">Alive Behind the Green Door</a></i>, in 1997. In an interview with <i><a href=\"/wiki/Kerrang!\" title=\"Kerrang!\">Kerrang!</a></i> magazine, King stated that the band's name comes from the bar (Molly Malone's) that faithfully supported the band from the very beginning, \"We used to play there every Monday night and we felt like we were flogging it to death, so we called the band Flogging Molly.\" They were signed onto <a href=\"/wiki/SideOneDummy_Records\" title=\"SideOneDummy Records\">SideOneDummy Records</a> after a show when the record company's owners attended a concert and noted their intensity.\n</p>\n<div class=\"mw-heading mw-heading3\"><h3 id=\"Career\">Career</h3></div>\n<p>The band’s debut studio album,<i> <a href=\"/wiki/Swagger_(Flogging_Molly_album)\" title=\"Swagger (Flogging Molly album)\">Swagger</a></i>, arrived on March 7, 2000, their first of many with <a href=\"/wiki/SideOneDummy\" class=\"mw-redirect\" title=\"SideOneDummy\">SideOneDummy</a>. They joined the Vans Warped Tour for the first time that summer alongside <a href=\"/wiki/Green_Day\" title=\"Green Day\">Green Day</a>, <a href=\"/wiki/Weezer\" title=\"Weezer\">Weezer</a>, and <a href=\"/wiki/The_Mighty_Mighty_Bosstones\" title=\"The Mighty Mighty Bosstones\">The Mighty Mighty Bosstones</a> (whom they continued touring alongside in the fall).<sup id=\"cite_ref-Wikipedia_3-0\" class=\"reference\"><a href=\"#cite_note-Wikipedia-3\"><span class=\"cite-bracket\">&#91;</span>3<span class=\"cite-bracket\">&#93;</span></a></sup><sup class=\"noprint Inline-Template noprint Template-Fact\" style=\"white-space:nowrap;\">&#91;<i><a href=\"/wiki/Wikipedia:Verifiability#Wikipedia_and_sources_that_mirror_or_use_it\" title=\"Wikipedia:Verifiability\"><span title=\"This claim cites another Wikipedia article. Articles need references to reliable third-party sources. (May 2024)\">circular reference</span></a></i>&#93;</sup>\n</p><p><i><a href=\"/wiki/Drunken_Lullabies\" title=\"Drunken Lullabies\">Drunken Lullabies</a></i> followed on March 19, 2002, and was certified gold by the RIAA in 2009.<sup id=\"cite_ref-RIAA_4-0\" class=\"reference\"><a href=\"#cite_note-RIAA-4\"><span class=\"cite-bracket\">&#91;</span>4<span class=\"cite-bracket\">&#93;</span></a></sup> They returned to the Warped Tour in 2003 with a lineup that included <a href=\"/wiki/The_All-American_Rejects\" title=\"The All-American Rejects\">The All-American Rejects</a> and <a href=\"/wiki/Dropkick_Murphys\" title=\"Dropkick Murphys\">Dropkick Murphys</a>.\n</p><p><i><a href=\"/wiki/Within_a_Mile_of_Home\" title=\"Within a Mile of Home\">Within a Mile of Home</a></i>, released on September 14, 2004, debuted at No. 20 on the <i><a href=\"/wiki/Billboard_200\" title=\"Billboard 200\">Billboard 200</a></i>. The acoustic/live CD/DVD combo, <i><a href=\"/wiki/Whiskey_on_a_Sunday_(album)\" title=\"Whiskey on a Sunday (album)\">Whiskey on a Sunday</a></i>, was released in 2006 and certified platinum two years later. It was followed by the 2007 online-only EP, <i><a href=\"/wiki/Complete_Control_Sessions\" title=\"Complete Control Sessions\">Complete Control Sessions</a></i>.\n</p><p>The group’s fourth studio album, <i><a href=\"/wiki/Float_(Flogging_Molly_album)\" title=\"Float (Flogging Molly album)\">Float</a></i>, debuted at No. 4 on the <i>Billboard 200</i> in 2008 and produced two well-received singles: \"Requiem for a Dying Song\" (No.&#160;35 on the Billboard Modern Rock charts)<sup id=\"cite_ref-billboard_5-0\" class=\"reference\"><a href=\"#cite_note-billboard-5\"><span class=\"cite-bracket\">&#91;</span>5<span class=\"cite-bracket\">&#93;</span></a></sup> and the title track (No.&#160;40).<sup id=\"cite_ref-billboard_5-1\" class=\"reference\"><a href=\"#cite_note-billboard-5\"><span class=\"cite-bracket\">&#91;</span>5<span class=\"cite-bracket\">&#93;</span></a></sup>\n</p><p>March 2010's <i><a href=\"/wiki/Live_at_the_Greek_Theatre_(Flogging_Molly_album)\" title=\"Live at the Greek Theatre (Flogging Molly album)\">Live at the Greek Theatre</a></i> captured a career-spanning Los Angeles, California performance from the year before as a CD/DVD set. In 2011, Flogging Molly appeared in the season premiere of <a href=\"/wiki/Austin_City_Limits\" title=\"Austin City Limits\">Austin City Limits</a>.<sup id=\"cite_ref-6\" class=\"reference\"><a href=\"#cite_note-6\"><span class=\"cite-bracket\">&#91;</span>6<span class=\"cite-bracket\">&#93;</span></a></sup>\n</p>\n<figure class=\"mw-default-size\" typeof=\"mw:File/Thumb\"><a href=\"/wiki/File:Dave_King_Flogging_Molly_Sziget_2011.08.10.JPG\" class=\"mw-file-description\"><img src=\"//upload.wikimedia.org/wikipedia/commons/thumb/5/53/Dave_King_Flogging_Molly_Sziget_2011.08.10.JPG/250px-Dave_King_Flogging_Molly_Sziget_2011.08.10.JPG\" decoding=\"async\" width=\"250\" height=\"188\" class=\"mw-file-element\" srcset=\"//upload.wikimedia.org/wikipedia/commons/thumb/5/53/Dave_King_Flogging_Molly_Sziget_2011.08.10.JPG/500px-Dave_King_Flogging_Molly_Sziget_2011.08.10.JPG 1.5x\" data-file-width=\"4320\" data-file-height=\"3240\" /></a><figcaption>Dave King performing in 2011</figcaption></figure>\n<p>2011's <i><a href=\"/wiki/Speed_of_Darkness\" title=\"Speed of Darkness\">Speed of Darkness</a></i> was the band's first album issued through their own label, Borstal Beat Records.<sup id=\"cite_ref-7\" class=\"reference\"><a href=\"#cite_note-7\"><span class=\"cite-bracket\">&#91;</span>7<span class=\"cite-bracket\">&#93;</span></a></sup>\n</p><p><i><a href=\"/wiki/Life_Is_Good_(Flogging_Molly_album)\" title=\"Life Is Good (Flogging Molly album)\">Life Is Good</a></i>, the band's first new album in six years, arrived in 2017. It is the only Flogging Molly album released via <a href=\"/wiki/Vanguard_Records\" title=\"Vanguard Records\">Vanguard Records</a> and <a href=\"/wiki/Spinefarm\" class=\"mw-redirect\" title=\"Spinefarm\">Spinefarm</a>. They co-headlined a US tour with <a href=\"/wiki/Social_Distortion\" title=\"Social Distortion\">Social Distortion</a> in 2019.<sup id=\"cite_ref-8\" class=\"reference\"><a href=\"#cite_note-8\"><span class=\"cite-bracket\">&#91;</span>8<span class=\"cite-bracket\">&#93;</span></a></sup>\n</p><p>The band live-streamed a St. Patrick's Day performance on March 17, 2021, from Whelan’s Irish Pub in <a href=\"/wiki/Dublin\" title=\"Dublin\">Dublin</a>, Ireland. A portion of the proceeds from ticket sales went toward Sweet Relief’s COVID-19 Crew Fund.<sup id=\"cite_ref-9\" class=\"reference\"><a href=\"#cite_note-9\"><span class=\"cite-bracket\">&#91;</span>9<span class=\"cite-bracket\">&#93;</span></a></sup> They co-headlined a tour with <a href=\"/wiki/Violent_Femmes\" title=\"Violent Femmes\">Violent Femmes</a> the same year.\n</p><p>Flogging Molly released their seventh studio album, <i><a href=\"/wiki/Anthem_(Flogging_Molly_album)\" title=\"Anthem (Flogging Molly album)\">Anthem</a></i>, in 2022, their first with <a href=\"/wiki/Rise_Records\" title=\"Rise Records\">Rise Records</a>. They co-headlined a tour with <a href=\"/wiki/The_Interrupters_(band)\" title=\"The Interrupters (band)\">The Interrupters</a> the same year.<sup id=\"cite_ref-10\" class=\"reference\"><a href=\"#cite_note-10\"><span class=\"cite-bracket\">&#91;</span>10<span class=\"cite-bracket\">&#93;</span></a></sup>\n</p><p>In November 2023, the band announced the inaugural Shamrock Rebellion Fest, scheduled for March 16, 2024, in Silverado, California, and March 17, 2024, in Las Vegas, Nevada.<sup id=\"cite_ref-11\" class=\"reference\"><a href=\"#cite_note-11\"><span class=\"cite-bracket\">&#91;</span>11<span class=\"cite-bracket\">&#93;</span></a></sup> The Road To Rebellion Tour preceded the fest, with support coming from Amigo The Devil.<sup id=\"cite_ref-12\" class=\"reference\"><a href=\"#cite_note-12\"><span class=\"cite-bracket\">&#91;</span>12<span class=\"cite-bracket\">&#93;</span></a></sup>\n</p><p>Flogging Molly performed <a href=\"/wiki/The_Pogues\" title=\"The Pogues\">The Pogues</a>' \"The Old Main Drag\" at the Sinéad &amp; Shane (billed as \"a St. Paddy's Celebration of <a href=\"/wiki/Sin%C3%A9ad_O%27Connor\" title=\"Sinéad O&#39;Connor\">Sinéad O'Connor</a> and <a href=\"/wiki/Shane_MacGowan\" title=\"Shane MacGowan\">Shane MacGowan</a>\") at Carnegie Hall concert in New York City on March 20, 2024.<sup id=\"cite_ref-13\" class=\"reference\"><a href=\"#cite_note-13\"><span class=\"cite-bracket\">&#91;</span>13<span class=\"cite-bracket\">&#93;</span></a></sup>\n</p><p>After a June 20, 2024, fire damaged Molly Malone's Irish Pub, where the band got their start,<sup id=\"cite_ref-14\" class=\"reference\"><a href=\"#cite_note-14\"><span class=\"cite-bracket\">&#91;</span>14<span class=\"cite-bracket\">&#93;</span></a></sup> the band launched a merchandise line to raise money for the venue and staff.<sup id=\"cite_ref-15\" class=\"reference\"><a href=\"#cite_note-15\"><span class=\"cite-bracket\">&#91;</span>15<span class=\"cite-bracket\">&#93;</span></a></sup>\n</p><p>The band began a European tour on July 19, 2024, which ran through September, with stops at several major festivals, followed by a headlining tour of the United States from late September through mid-October 2024.<sup id=\"cite_ref-16\" class=\"reference\"><a href=\"#cite_note-16\"><span class=\"cite-bracket\">&#91;</span>16<span class=\"cite-bracket\">&#93;</span></a></sup>\n</p>\n<div class=\"mw-heading mw-heading3\"><h3 id=\"Salty_Dog_Cruises_(2015–present)\"><span id=\"Salty_Dog_Cruises_.282015.E2.80.93present.29\"></span>Salty Dog Cruises (2015–present)</h3></div>\n<p>From March 13 to 16, 2015, Flogging Molly began hosting a yearly Caribbean cruise. The 2015 Salty Dog Cruise Cruise<sup id=\"cite_ref-17\" class=\"reference\"><a href=\"#cite_note-17\"><span class=\"cite-bracket\">&#91;</span>17<span class=\"cite-bracket\">&#93;</span></a></sup> featured shows by the band and many others, over three days leaving from <a href=\"/wiki/Miami\" title=\"Miami\">Miami</a> to <a href=\"/wiki/Nassau,_Bahamas\" class=\"mw-redirect\" title=\"Nassau, Bahamas\">Nassau</a> and <a href=\"/wiki/Great_Stirrup_Cay\" title=\"Great Stirrup Cay\">Great Stirrup Cay</a> on the <i><a href=\"/wiki/Norwegian_Sky\" title=\"Norwegian Sky\">Norwegian Sky</a></i>. All bands performed two times on the stages throughout the ship or on the special stage set on <a href=\"/wiki/Norwegian_Cruise_Line\" title=\"Norwegian Cruise Line\">Norwegian</a>'s private island of Great Stirrup Cay.\n</p><p>In 2016, from March 18 to 21, the second yearly cruise took the same itinerary on the same ship and hosted, among others, <a href=\"/wiki/Rancid_(band)\" title=\"Rancid (band)\">Rancid</a>, <a href=\"/wiki/Fishbone\" title=\"Fishbone\">Fishbone</a>, <a href=\"/wiki/Frank_Turner\" title=\"Frank Turner\">Frank Turner</a>, <a href=\"/wiki/Street_Dogs\" title=\"Street Dogs\">Street Dogs</a> and <a href=\"/wiki/The_Tossers\" title=\"The Tossers\">The Tossers</a>.\n</p><p>In 2017, the <i><a href=\"/wiki/MS_Enchantment_of_the_Seas\" class=\"mw-redirect\" title=\"MS Enchantment of the Seas\">Enchantment of the Seas</a></i> hosted the third annual cruise that left on March 10 to <a href=\"/wiki/Coco_Cay\" class=\"mw-redirect\" title=\"Coco Cay\">Coco Cay</a> and Nassau, until coming back to Miami on March 13. The guests invited by the band were <a href=\"/wiki/NOFX\" title=\"NOFX\">NOFX</a>, <a href=\"/wiki/DeVotchKa\" title=\"DeVotchKa\">DeVotchKa</a>, <a href=\"/wiki/Less_Than_Jake\" title=\"Less Than Jake\">Less Than Jake</a>, <a href=\"/wiki/The_English_Beat\" class=\"mw-redirect\" title=\"The English Beat\">The English Beat</a>, <a href=\"/wiki/The_Skatalites\" title=\"The Skatalites\">The Skatalites</a>, <a href=\"/wiki/The_Bouncing_Souls\" title=\"The Bouncing Souls\">The Bouncing Souls</a>, <a href=\"/wiki/Dylan_Walshe\" title=\"Dylan Walshe\">Dylan Walshe</a> and many others.\n</p><p>On August 21, 2017, the band announced that the 2018 cruise would take place April 20–23, leaving from <a href=\"/wiki/Miami\" title=\"Miami\">Miami</a>, sailing to <a href=\"/wiki/Key_West\" title=\"Key West\">Key West</a> and to <a href=\"/wiki/Great_Stirrup_Cay\" title=\"Great Stirrup Cay\">Great Stirrup Cay</a>. Originally, the cruise was supposed to take place on the <i>Enchantment of the Seas</i> in 2017; however, the ship was changed, and the <a href=\"/wiki/Norwegian_Sky\" title=\"Norwegian Sky\">Norwegian Sky</a> has been announced. The line-up includes <a href=\"/wiki/The_Offspring\" title=\"The Offspring\">The Offspring</a>, <a href=\"/wiki/Buzzcocks\" title=\"Buzzcocks\">Buzzcocks</a>, <a href=\"/wiki/The_Vandals\" title=\"The Vandals\">The Vandals</a>, <a href=\"/wiki/Lagwagon\" title=\"Lagwagon\">Lagwagon</a>, and <a href=\"/wiki/Mad_Caddies\" title=\"Mad Caddies\">Mad Caddies</a>, among others.\n</p><p>The Salty Dog Cruise 2023 ran November 8–13, sailing from <a href=\"/wiki/Miami\" title=\"Miami\">Miami</a> to <a href=\"/wiki/Harvest_Caye\" title=\"Harvest Caye\">Harvest Caye</a>, <a href=\"/wiki/Belize\" title=\"Belize\">Belize</a>, and <a href=\"/wiki/Costa_Maya\" title=\"Costa Maya\">Costa Maya</a>, <a href=\"/wiki/Mexico\" title=\"Mexico\">Mexico</a>. The line-up included Flogging Molly, <a href=\"/wiki/Pennywise_(band)\" title=\"Pennywise (band)\">Pennywise</a>, <a href=\"/wiki/Stiff_Little_Fingers\" title=\"Stiff Little Fingers\">Stiff Little Fingers</a>, <a href=\"/wiki/The_Vandals\" title=\"The Vandals\">The Vandals</a>, and <a href=\"/wiki/Gorilla_Biscuits\" title=\"Gorilla Biscuits\">Gorilla Biscuits</a>, among others, with a Port of Miami kickoff show featuring <a href=\"/wiki/The_Interrupters_(band)\" title=\"The Interrupters (band)\">The Interrupters</a>.<sup id=\"cite_ref-18\" class=\"reference\"><a href=\"#cite_note-18\"><span class=\"cite-bracket\">&#91;</span>18<span class=\"cite-bracket\">&#93;</span></a></sup>\n</p><p>In late November 2023, the band announced the next Salty Dog Cruise, set for February 17–22, 2025, sailing from <a href=\"/wiki/Miami\" title=\"Miami\">Miami</a> to <a href=\"/wiki/Grand_Cayman\" title=\"Grand Cayman\">Grand Cayman</a>, and Ochos Rios, <a href=\"/wiki/Jamaica\" title=\"Jamaica\">Jamaica</a>. As of December 15, 2023, the 2025 cruise was sold out.<sup id=\"cite_ref-19\" class=\"reference\"><a href=\"#cite_note-19\"><span class=\"cite-bracket\">&#91;</span>19<span class=\"cite-bracket\">&#93;</span></a></sup>\n</p><p>On February 5, 2025, the band announced that they would not be performing on the 2025 Salty Dog Cruise as Dave King is battling a serious health condition.<sup id=\"cite_ref-20\" class=\"reference\"><a href=\"#cite_note-20\"><span class=\"cite-bracket\">&#91;</span>20<span class=\"cite-bracket\">&#93;</span></a></sup> On March 17, on social media, the band announced that King had suffered a <a href=\"/wiki/Brain_haemorrhage\" class=\"mw-redirect\" title=\"Brain haemorrhage\">brain haemorrhage</a> on January 24th, and underwent two subsequent surgeries to save his life. He had entered the next phase of recovery when the announcement was made. <sup id=\"cite_ref-21\" class=\"reference\"><a href=\"#cite_note-21\"><span class=\"cite-bracket\">&#91;</span>21<span class=\"cite-bracket\">&#93;</span></a></sup>\n</p>\n<div class=\"mw-heading mw-heading2\"><h2 id=\"Musical_style\">Musical style</h2></div>\n<p>Flogging Molly's music is influenced by various artists, such as <a href=\"/wiki/The_Dubliners\" title=\"The Dubliners\">The Dubliners</a>, <a href=\"/wiki/The_Pogues\" title=\"The Pogues\">The Pogues</a>, <a href=\"/wiki/Horslips\" title=\"Horslips\">Horslips</a>, <a href=\"/wiki/Johnny_Cash\" title=\"Johnny Cash\">Johnny Cash</a>, and <a href=\"/wiki/The_Clash\" title=\"The Clash\">The Clash</a>. The album <i><a href=\"/wiki/Within_a_Mile_of_Home\" title=\"Within a Mile of Home\">Within a Mile of Home</a></i> (2004) is dedicated to the memories of Cash and The Clash frontman <a href=\"/wiki/Joe_Strummer\" title=\"Joe Strummer\">Joe Strummer</a>.<sup class=\"noprint Inline-Template Template-Fact\" style=\"white-space:nowrap;\">&#91;<i><a href=\"/wiki/Wikipedia:Citation_needed\" title=\"Wikipedia:Citation needed\"><span title=\"This claim needs references to reliable sources. (July 2023)\">citation needed</span></a></i>&#93;</sup>\n</p><p>Their music ranges from boisterous Celtic punk, like the pirate-themed \"Salty Dog\", \"Cruel Mistress\", and \"Seven Deadly Sins\", or the defiant \"What's Left of the Flag\", \"Drunken Lullabies\", and \"Rebels of the Sacred Heart\", to more somber songs like \"Far Away Boys\", \"The Son Never Shines (On Closed Doors)\", \"Life in a Tenement Square\", and \"Float\". Lyrics typically touch on subjects such as Ireland and its history, drinking, poverty, politics, love, and death and include several references to the <a href=\"/wiki/Catholic_Church\" title=\"Catholic Church\">Catholic Church</a>. \"What's Left of the Flag\" and \"The Likes of You Again\" were written as tributes to King's father, who died when King was a child.<sup id=\"cite_ref-22\" class=\"reference\"><a href=\"#cite_note-22\"><span class=\"cite-bracket\">&#91;</span>22<span class=\"cite-bracket\">&#93;</span></a></sup>\n</p>\n<div class=\"mw-heading mw-heading2\"><h2 id=\"Members\">Members</h2></div>\n<style data-mw-deduplicate=\"TemplateStyles:r1216972533\">.mw-parser-output .col-begin{border-collapse:collapse;padding:0;color:inherit;width:100%;border:0;margin:0}.mw-parser-output .col-begin-small{font-size:90%}.mw-parser-output .col-break{vertical-align:top;text-align:left}.mw-parser-output .col-break-2{width:50%}.mw-parser-output .col-break-3{width:33.3%}.mw-parser-output .col-break-4{width:25%}.mw-parser-output .col-break-5{width:20%}@media(max-width:720px){.mw-parser-output .col-begin,.mw-parser-output .col-begin>tbody,.mw-parser-output .col-begin>tbody>tr,.mw-parser-output .col-begin>tbody>tr>td{display:block!important;width:100%!important}.mw-parser-output .col-break{padding-left:0!important}}</style><div>\n<table class=\"col-begin\" role=\"presentation\">\n\n\n<tbody><tr>\n<td class=\"col-break col-break-2\">\n<p><b>Current</b>\n</p>\n<ul><li><a href=\"/wiki/Dave_King_(Irish_singer)\" class=\"mw-redirect\" title=\"Dave King (Irish singer)\">Dave King</a> – <a href=\"/wiki/Lead_vocals\" class=\"mw-redirect\" title=\"Lead vocals\">lead vocals</a>, <a href=\"/wiki/Steel-string_acoustic_guitar\" title=\"Steel-string acoustic guitar\">acoustic guitar</a>, <a href=\"/wiki/Bodhr%C3%A1n\" title=\"Bodhrán\">bodhrán</a>, <a href=\"/wiki/Banjo\" title=\"Banjo\">banjo</a>, <a href=\"/wiki/Spoons_(musical_instrument)\" title=\"Spoons (musical instrument)\">spoons</a></li>\n<li>Bridget Regan – <a href=\"/wiki/Violin\" title=\"Violin\">violin</a>, <a href=\"/wiki/Tin_whistle\" title=\"Tin whistle\">tin whistle</a>, <a href=\"/wiki/Backing_vocals\" class=\"mw-redirect\" title=\"Backing vocals\">backing and lead vocals</a></li>\n<li>Dennis Casey – <a href=\"/wiki/Lead_guitar\" title=\"Lead guitar\">guitar</a>, <a href=\"/wiki/Backing_vocals\" class=\"mw-redirect\" title=\"Backing vocals\">vocals</a></li>\n<li>Matt Hensley – <a href=\"/wiki/Accordion\" title=\"Accordion\">accordion</a>, <a href=\"/wiki/Concertina\" title=\"Concertina\">concertina</a></li>\n<li>Nathen Maxwell – <a href=\"/wiki/Bass_guitar\" title=\"Bass guitar\">bass guitar</a>, <a href=\"/wiki/Backing_vocals\" class=\"mw-redirect\" title=\"Backing vocals\">vocals</a></li>\n<li>Spencer Swain – <a href=\"/wiki/Mandolin\" title=\"Mandolin\">mandolin</a>, <a href=\"/wiki/Banjo\" title=\"Banjo\">banjo</a>, guitar, <a href=\"/wiki/Backing_vocals\" class=\"mw-redirect\" title=\"Backing vocals\">vocals</a></li>\n<li>Mike Alonso – <a href=\"/wiki/Drum_kit\" title=\"Drum kit\">drums</a>, <a href=\"/wiki/Percussion\" class=\"mw-redirect\" title=\"Percussion\">percussion</a></li></ul>\n</td>\n<td class=\"col-break col-break-2\">\n<p><b>Former</b>\n</p>\n<ul><li>John Donovan – guitar</li>\n<li>Tobe McCallum – mandolin</li>\n<li><a href=\"/wiki/Ted_Hutt\" title=\"Ted Hutt\">Ted Hutt</a> – guitar</li>\n<li>Jeff Peters – bass</li>\n<li>Paul Crowder – drums</li>\n<li>Gary Sullivan – drums</li>\n<li>George Schwindt – drums</li>\n<li><a href=\"/wiki/Bob_Schmidt_(musician)\" title=\"Bob Schmidt (musician)\">Bob Schmidt</a> – mandolin/banjo, bouzouki, guitar, vocals</li></ul>\n<p>&#32;\n</p>\n</td></tr></tbody></table></div>\n<div class=\"mw-heading mw-heading2\"><h2 id=\"Discography\">Discography</h2></div>\n<style data-mw-deduplicate=\"TemplateStyles:r1236090951\">.mw-parser-output .hatnote{font-style:italic}.mw-parser-output div.hatnote{padding-left:1.6em;margin-bottom:0.5em}.mw-parser-output .hatnote i{font-style:normal}.mw-parser-output .hatnote+link+.hatnote{margin-top:-0.5em}@media print{body.ns-0 .mw-parser-output .hatnote{display:none!important}}</style><div role=\"note\" class=\"hatnote navigation-not-searchable\">Main article: <a href=\"/wiki/Flogging_Molly_discography\" title=\"Flogging Molly discography\">Flogging Molly discography</a></div>\n<div class=\"mw-heading mw-heading3\"><h3 id=\"Studio_albums\">Studio albums</h3></div>\n<ul><li><i><a href=\"/wiki/Swagger_(Flogging_Molly_album)\" title=\"Swagger (Flogging Molly album)\">Swagger</a></i> (2000)</li>\n<li><i><a href=\"/wiki/Drunken_Lullabies\" title=\"Drunken Lullabies\">Drunken Lullabies</a></i> (2002)</li>\n<li><i><a href=\"/wiki/Within_a_Mile_of_Home\" title=\"Within a Mile of Home\">Within a Mile of Home</a></i> (2004)</li>\n<li><i><a href=\"/wiki/Float_(Flogging_Molly_album)\" title=\"Float (Flogging Molly album)\">Float</a></i> (2008)</li>\n<li><i><a href=\"/wiki/Speed_of_Darkness\" title=\"Speed of Darkness\">Speed of Darkness</a></i> (2011)</li>\n<li><i><a href=\"/wiki/Life_Is_Good_(Flogging_Molly_album)\" title=\"Life Is Good (Flogging Molly album)\">Life Is Good</a></i> (2017)</li>\n<li><i><a href=\"/wiki/Anthem_(Flogging_Molly_album)\" title=\"Anthem (Flogging Molly album)\">Anthem</a></i> (2022)</li></ul>\n<div class=\"mw-heading mw-heading2\"><h2 id=\"References\">References</h2></div>\n<style data-mw-deduplicate=\"TemplateStyles:r1239543626\">.mw-parser-output .reflist{margin-bottom:0.5em;list-style-type:decimal}@media screen{.mw-parser-output .reflist{font-size:90%}}.mw-parser-output .reflist .references{font-size:100%;margin-bottom:0;list-style-type:inherit}.mw-parser-output .reflist-columns-2{column-width:30em}.mw-parser-output .reflist-columns-3{column-width:25em}.mw-parser-output .reflist-columns{margin-top:0.3em}.mw-parser-output .reflist-columns ol{margin-top:0}.mw-parser-output .reflist-columns li{page-break-inside:avoid;break-inside:avoid-column}.mw-parser-output .reflist-upper-alpha{list-style-type:upper-alpha}.mw-parser-output .reflist-upper-roman{list-style-type:upper-roman}.mw-parser-output .reflist-lower-alpha{list-style-type:lower-alpha}.mw-parser-output .reflist-lower-greek{list-style-type:lower-greek}.mw-parser-output .reflist-lower-roman{list-style-type:lower-roman}</style><div class=\"reflist\">\n<div class=\"mw-references-wrap mw-references-columns\"><ol class=\"references\">\n<li id=\"cite_note-1\"><span class=\"mw-cite-backlink\"><b><a href=\"#cite_ref-1\">^</a></b></span> <span class=\"reference-text\"><style data-mw-deduplicate=\"TemplateStyles:r1238218222\">.mw-parser-output cite.citation{font-style:inherit;word-wrap:break-word}.mw-parser-output .citation q{quotes:\"\\\"\"\"\\\"\"\"'\"\"'\"}.mw-parser-output .citation:target{background-color:rgba(0,127,255,0.133)}.mw-parser-output .id-lock-free.id-lock-free a{background:url(\"//upload.wikimedia.org/wikipedia/commons/6/65/Lock-green.svg\")right 0.1em center/9px no-repeat}.mw-parser-output .id-lock-limited.id-lock-limited a,.mw-parser-output .id-lock-registration.id-lock-registration a{background:url(\"//upload.wikimedia.org/wikipedia/commons/d/d6/Lock-gray-alt-2.svg\")right 0.1em center/9px no-repeat}.mw-parser-output .id-lock-subscription.id-lock-subscription a{background:url(\"//upload.wikimedia.org/wikipedia/commons/a/aa/Lock-red-alt-2.svg\")right 0.1em center/9px no-repeat}.mw-parser-output .cs1-ws-icon a{background:url(\"//upload.wikimedia.org/wikipedia/commons/4/4c/Wikisource-logo.svg\")right 0.1em center/12px no-repeat}body:not(.skin-timeless):not(.skin-minerva) .mw-parser-output .id-lock-free a,body:not(.skin-timeless):not(.skin-minerva) .mw-parser-output .id-lock-limited a,body:not(.skin-timeless):not(.skin-minerva) .mw-parser-output .id-lock-registration a,body:not(.skin-timeless):not(.skin-minerva) .mw-parser-output .id-lock-subscription a,body:not(.skin-timeless):not(.skin-minerva) .mw-parser-output .cs1-ws-icon a{background-size:contain;padding:0 1em 0 0}.mw-parser-output .cs1-code{color:inherit;background:inherit;border:none;padding:inherit}.mw-parser-output .cs1-hidden-error{display:none;color:var(--color-error,#d33)}.mw-parser-output .cs1-visible-error{color:var(--color-error,#d33)}.mw-parser-output .cs1-maint{display:none;color:#085;margin-left:0.3em}.mw-parser-output .cs1-kern-left{padding-left:0.2em}.mw-parser-output .cs1-kern-right{padding-right:0.2em}.mw-parser-output .citation .mw-selflink{font-weight:inherit}@media screen{.mw-parser-output .cs1-format{font-size:95%}html.skin-theme-clientpref-night .mw-parser-output .cs1-maint{color:#18911f}}@media screen and (prefers-color-scheme:dark){html.skin-theme-clientpref-os .mw-parser-output .cs1-maint{color:#18911f}}</style><cite id=\"CITEREFriserecords2020\" class=\"citation web cs1\">@riserecords (October 21, 2020). <a rel=\"nofollow\" class=\"external text\" href=\"https://x.com/riserecords/status/1319039782828208128\">\"We're happy to welcome @floggingmolly...\"</a> (<a href=\"/wiki/Tweet_(social_media)\" title=\"Tweet (social media)\">Tweet</a>) &#8211; via <a href=\"/wiki/Twitter\" title=\"Twitter\">Twitter</a>.</cite><span title=\"ctx_ver=Z39.88-2004&amp;rft_val_fmt=info%3Aofi%2Ffmt%3Akev%3Amtx%3Abook&amp;rft.genre=unknown&amp;rft.btitle=We%27re+happy+to+welcome+%40floggingmolly...&amp;rft.date=2020-10-21&amp;rft.au=riserecords&amp;rft_id=https%3A%2F%2Fx.com%2Friserecords%2Fstatus%2F1319039782828208128&amp;rfr_id=info%3Asid%2Fen.wikipedia.org%3AFlogging+Molly\" class=\"Z3988\"></span></span>\n</li>\n<li id=\"cite_note-floggingmolly.com-2\"><span class=\"mw-cite-backlink\"><b><a href=\"#cite_ref-floggingmolly.com_2-0\">^</a></b></span> <span class=\"reference-text\"><a rel=\"nofollow\" class=\"external text\" href=\"http://www.floggingmolly.com\">Life Is Good Out Now</a>. Floggingmolly.com, Retrieved on March 13, 2020.</span>\n</li>\n<li id=\"cite_note-Wikipedia-3\"><span class=\"mw-cite-backlink\"><b><a href=\"#cite_ref-Wikipedia_3-0\">^</a></b></span> <span class=\"reference-text\"><link rel=\"mw-deduplicated-inline-style\" href=\"mw-data:TemplateStyles:r1238218222\" /><cite class=\"citation web cs1\"><a class=\"external text\" href=\"https://en.wikipedia.org/wiki/List_of_Warped_Tour_lineups_by_year\">\"List of Warped Tour lineups by year\"</a>. Wikipedia<span class=\"reference-accessdate\">. Retrieved <span class=\"nowrap\">January 25,</span> 2024</span>.</cite><span title=\"ctx_ver=Z39.88-2004&amp;rft_val_fmt=info%3Aofi%2Ffmt%3Akev%3Amtx%3Abook&amp;rft.genre=unknown&amp;rft.btitle=List+of+Warped+Tour+lineups+by+year&amp;rft.pub=Wikipedia&amp;rft_id=https%3A%2F%2Fen.wikipedia.org%2Fwiki%2FList_of_Warped_Tour_lineups_by_year&amp;rfr_id=info%3Asid%2Fen.wikipedia.org%3AFlogging+Molly\" class=\"Z3988\"></span></span>\n</li>\n<li id=\"cite_note-RIAA-4\"><span class=\"mw-cite-backlink\"><b><a href=\"#cite_ref-RIAA_4-0\">^</a></b></span> <span class=\"reference-text\"><link rel=\"mw-deduplicated-inline-style\" href=\"mw-data:TemplateStyles:r1238218222\" /><cite class=\"citation web cs1\"><a rel=\"nofollow\" class=\"external text\" href=\"https://www.riaa.com/gold-platinum/?tab_active=default-award&amp;se=flogging+molly#search_section\">\"Gold &amp; Platinum - RIAA\"</a>. RIAA<span class=\"reference-accessdate\">. Retrieved <span class=\"nowrap\">January 25,</span> 2024</span>.</cite><span title=\"ctx_ver=Z39.88-2004&amp;rft_val_fmt=info%3Aofi%2Ffmt%3Akev%3Amtx%3Abook&amp;rft.genre=unknown&amp;rft.btitle=Gold+%26+Platinum+-+RIAA&amp;rft.pub=RIAA&amp;rft_id=https%3A%2F%2Fwww.riaa.com%2Fgold-platinum%2F%3Ftab_active%3Ddefault-award%26se%3Dflogging%2Bmolly%23search_section&amp;rfr_id=info%3Asid%2Fen.wikipedia.org%3AFlogging+Molly\" class=\"Z3988\"></span></span>\n</li>\n<li id=\"cite_note-billboard-5\"><span class=\"mw-cite-backlink\">^ <a href=\"#cite_ref-billboard_5-0\"><sup><i><b>a</b></i></sup></a> <a href=\"#cite_ref-billboard_5-1\"><sup><i><b>b</b></i></sup></a></span> <span class=\"reference-text\"><link rel=\"mw-deduplicated-inline-style\" href=\"mw-data:TemplateStyles:r1238218222\" /><cite class=\"citation web cs1\"><a rel=\"nofollow\" class=\"external text\" href=\"http://www.billboard.com/artist/302242/flogging+molly/chart\">\"Flogging Molly – Chart history\"</a>. Billboard<span class=\"reference-accessdate\">. Retrieved <span class=\"nowrap\">May 20,</span> 2014</span>.</cite><span title=\"ctx_ver=Z39.88-2004&amp;rft_val_fmt=info%3Aofi%2Ffmt%3Akev%3Amtx%3Abook&amp;rft.genre=unknown&amp;rft.btitle=Flogging+Molly+%E2%80%93+Chart+history&amp;rft.pub=Billboard&amp;rft_id=http%3A%2F%2Fwww.billboard.com%2Fartist%2F302242%2Fflogging%2Bmolly%2Fchart&amp;rfr_id=info%3Asid%2Fen.wikipedia.org%3AFlogging+Molly\" class=\"Z3988\"></span></span>\n</li>\n<li id=\"cite_note-6\"><span class=\"mw-cite-backlink\"><b><a href=\"#cite_ref-6\">^</a></b></span> <span class=\"reference-text\"><link rel=\"mw-deduplicated-inline-style\" href=\"mw-data:TemplateStyles:r1238218222\" /><cite class=\"citation web cs1\"><a rel=\"nofollow\" class=\"external text\" href=\"http://video.klru.tv/video/2144622797\">\"Flogging Molly \"Saints and Sinners\" &#124; Watch Austin City Limits Online &#124; KLRU\"</a>. Video<span class=\"reference-accessdate\">. Retrieved <span class=\"nowrap\">May 20,</span> 2014</span>.</cite><span title=\"ctx_ver=Z39.88-2004&amp;rft_val_fmt=info%3Aofi%2Ffmt%3Akev%3Amtx%3Abook&amp;rft.genre=unknown&amp;rft.btitle=Flogging+Molly+%22Saints+and+Sinners%22+%26%23124%3B+Watch+Austin+City+Limits+Online+%26%23124%3B+KLRU&amp;rft.pub=Video&amp;rft_id=http%3A%2F%2Fvideo.klru.tv%2Fvideo%2F2144622797&amp;rfr_id=info%3Asid%2Fen.wikipedia.org%3AFlogging+Molly\" class=\"Z3988\"></span></span>\n</li>\n<li id=\"cite_note-7\"><span class=\"mw-cite-backlink\"><b><a href=\"#cite_ref-7\">^</a></b></span> <span class=\"reference-text\"><link rel=\"mw-deduplicated-inline-style\" href=\"mw-data:TemplateStyles:r1238218222\" /><cite class=\"citation web cs1\"><a rel=\"nofollow\" class=\"external text\" href=\"https://www.discogs.com/label/241455-Borstal-Beat-Records\">\"Borstal Beat Records Discography\"</a>. Discogs<span class=\"reference-accessdate\">. Retrieved <span class=\"nowrap\">January 25,</span> 2024</span>.</cite><span title=\"ctx_ver=Z39.88-2004&amp;rft_val_fmt=info%3Aofi%2Ffmt%3Akev%3Amtx%3Abook&amp;rft.genre=unknown&amp;rft.btitle=Borstal+Beat+Records+Discography&amp;rft.pub=Discogs&amp;rft_id=https%3A%2F%2Fwww.discogs.com%2Flabel%2F241455-Borstal-Beat-Records&amp;rfr_id=info%3Asid%2Fen.wikipedia.org%3AFlogging+Molly\" class=\"Z3988\"></span></span>\n</li>\n<li id=\"cite_note-8\"><span class=\"mw-cite-backlink\"><b><a href=\"#cite_ref-8\">^</a></b></span> <span class=\"reference-text\"><link rel=\"mw-deduplicated-inline-style\" href=\"mw-data:TemplateStyles:r1238218222\" /><cite class=\"citation web cs1\"><a rel=\"nofollow\" class=\"external text\" href=\"https://www.altpress.com/flogging-molly-social-distortion-tour/\">\"Flogging Molly, Social Distortion announce co-headliner\"</a>. Alternative Press<span class=\"reference-accessdate\">. Retrieved <span class=\"nowrap\">January 25,</span> 2024</span>.</cite><span title=\"ctx_ver=Z39.88-2004&amp;rft_val_fmt=info%3Aofi%2Ffmt%3Akev%3Amtx%3Abook&amp;rft.genre=unknown&amp;rft.btitle=Flogging+Molly%2C+Social+Distortion+announce+co-headliner&amp;rft.pub=Alternative+Press&amp;rft_id=https%3A%2F%2Fwww.altpress.com%2Fflogging-molly-social-distortion-tour%2F&amp;rfr_id=info%3Asid%2Fen.wikipedia.org%3AFlogging+Molly\" class=\"Z3988\"></span></span>\n</li>\n<li id=\"cite_note-9\"><span class=\"mw-cite-backlink\"><b><a href=\"#cite_ref-9\">^</a></b></span> <span class=\"reference-text\"><link rel=\"mw-deduplicated-inline-style\" href=\"mw-data:TemplateStyles:r1238218222\" /><cite class=\"citation web cs1\"><a rel=\"nofollow\" class=\"external text\" href=\"https://www.sweetrelief.org/floggingmollylivestream.html\">\"Flogging Molly's St. Patrick's Day Livestream\"</a>. Sweet Relief<span class=\"reference-accessdate\">. Retrieved <span class=\"nowrap\">January 24,</span> 2024</span>.</cite><span title=\"ctx_ver=Z39.88-2004&amp;rft_val_fmt=info%3Aofi%2Ffmt%3Akev%3Amtx%3Abook&amp;rft.genre=unknown&amp;rft.btitle=Flogging+Molly%27s+St.+Patrick%27s+Day+Livestream&amp;rft.pub=Sweet+Relief&amp;rft_id=https%3A%2F%2Fwww.sweetrelief.org%2Ffloggingmollylivestream.html&amp;rfr_id=info%3Asid%2Fen.wikipedia.org%3AFlogging+Molly\" class=\"Z3988\"></span></span>\n</li>\n<li id=\"cite_note-10\"><span class=\"mw-cite-backlink\"><b><a href=\"#cite_ref-10\">^</a></b></span> <span class=\"reference-text\"><link rel=\"mw-deduplicated-inline-style\" href=\"mw-data:TemplateStyles:r1238218222\" /><cite class=\"citation web cs1\"><a rel=\"nofollow\" class=\"external text\" href=\"https://loudwire.com/flogging-molly-interrupters-summer-2022-co-headline-tour-dates/\">\"Flogging Molly + The Interrupters Book Summer Co-Headline Tour\"</a>. Loudwire.com. March 15, 2022<span class=\"reference-accessdate\">. Retrieved <span class=\"nowrap\">January 25,</span> 2024</span>.</cite><span title=\"ctx_ver=Z39.88-2004&amp;rft_val_fmt=info%3Aofi%2Ffmt%3Akev%3Amtx%3Abook&amp;rft.genre=unknown&amp;rft.btitle=Flogging+Molly+%2B+The+Interrupters+Book+Summer+Co-Headline+Tour&amp;rft.pub=Loudwire.com&amp;rft.date=2022-03-15&amp;rft_id=https%3A%2F%2Floudwire.com%2Fflogging-molly-interrupters-summer-2022-co-headline-tour-dates%2F&amp;rfr_id=info%3Asid%2Fen.wikipedia.org%3AFlogging+Molly\" class=\"Z3988\"></span></span>\n</li>\n<li id=\"cite_note-11\"><span class=\"mw-cite-backlink\"><b><a href=\"#cite_ref-11\">^</a></b></span> <span class=\"reference-text\"><link rel=\"mw-deduplicated-inline-style\" href=\"mw-data:TemplateStyles:r1238218222\" /><cite class=\"citation web cs1\"><a rel=\"nofollow\" class=\"external text\" href=\"https://consequence.net/2023/11/flogging-molly-shamrock-rebellion-2024/\">\"Flogging Molly's Shamrock Rebellion St. Patrick's Day Fest\"</a>. Consequence.net. November 9, 2023<span class=\"reference-accessdate\">. Retrieved <span class=\"nowrap\">January 24,</span> 2024</span>.</cite><span title=\"ctx_ver=Z39.88-2004&amp;rft_val_fmt=info%3Aofi%2Ffmt%3Akev%3Amtx%3Abook&amp;rft.genre=unknown&amp;rft.btitle=Flogging+Molly%27s+Shamrock+Rebellion+St.+Patrick%27s+Day+Fest&amp;rft.pub=Consequence.net&amp;rft.date=2023-11-09&amp;rft_id=https%3A%2F%2Fconsequence.net%2F2023%2F11%2Fflogging-molly-shamrock-rebellion-2024%2F&amp;rfr_id=info%3Asid%2Fen.wikipedia.org%3AFlogging+Molly\" class=\"Z3988\"></span></span>\n</li>\n<li id=\"cite_note-12\"><span class=\"mw-cite-backlink\"><b><a href=\"#cite_ref-12\">^</a></b></span> <span class=\"reference-text\"><link rel=\"mw-deduplicated-inline-style\" href=\"mw-data:TemplateStyles:r1238218222\" /><cite class=\"citation web cs1\"><a rel=\"nofollow\" class=\"external text\" href=\"https://consequence.net/2023/11/flogging-molly-2024-us-tour-amigo-the-devil/\">\"Flogging Molly Announce 2024 US Tour with Amigo the Devil\"</a>. Consequence.net. November 13, 2023<span class=\"reference-accessdate\">. Retrieved <span class=\"nowrap\">January 24,</span> 2024</span>.</cite><span title=\"ctx_ver=Z39.88-2004&amp;rft_val_fmt=info%3Aofi%2Ffmt%3Akev%3Amtx%3Abook&amp;rft.genre=unknown&amp;rft.btitle=Flogging+Molly+Announce+2024+US+Tour+with+Amigo+the+Devil&amp;rft.pub=Consequence.net&amp;rft.date=2023-11-13&amp;rft_id=https%3A%2F%2Fconsequence.net%2F2023%2F11%2Fflogging-molly-2024-us-tour-amigo-the-devil%2F&amp;rfr_id=info%3Asid%2Fen.wikipedia.org%3AFlogging+Molly\" class=\"Z3988\"></span></span>\n</li>\n<li id=\"cite_note-13\"><span class=\"mw-cite-backlink\"><b><a href=\"#cite_ref-13\">^</a></b></span> <span class=\"reference-text\"><link rel=\"mw-deduplicated-inline-style\" href=\"mw-data:TemplateStyles:r1238218222\" /><cite class=\"citation web cs1\"><a rel=\"nofollow\" class=\"external text\" href=\"https://citywinery.com/new-york-city/wine-series/sinead-and-shane-vip/\">\"Sinéad &amp; Shane at Carnegie Hall concert listing\"</a>. CityWinery.com<span class=\"reference-accessdate\">. Retrieved <span class=\"nowrap\">August 6,</span> 2024</span>.</cite><span title=\"ctx_ver=Z39.88-2004&amp;rft_val_fmt=info%3Aofi%2Ffmt%3Akev%3Amtx%3Abook&amp;rft.genre=unknown&amp;rft.btitle=Sin%C3%A9ad+%26+Shane+at+Carnegie+Hall+concert+listing&amp;rft.pub=CityWinery.com&amp;rft_id=https%3A%2F%2Fcitywinery.com%2Fnew-york-city%2Fwine-series%2Fsinead-and-shane-vip%2F&amp;rfr_id=info%3Asid%2Fen.wikipedia.org%3AFlogging+Molly\" class=\"Z3988\"></span></span>\n</li>\n<li id=\"cite_note-14\"><span class=\"mw-cite-backlink\"><b><a href=\"#cite_ref-14\">^</a></b></span> <span class=\"reference-text\"><link rel=\"mw-deduplicated-inline-style\" href=\"mw-data:TemplateStyles:r1238218222\" /><cite class=\"citation web cs1\"><a rel=\"nofollow\" class=\"external text\" href=\"https://beverlypress.com/2024/06/fire-scorches-molly-malones-longtime-fairfax-district-pub/\">\"Fire schorches Molly Malone's, longtime Fairfax District Pub\"</a>. Beverly Press. June 27, 2024<span class=\"reference-accessdate\">. Retrieved <span class=\"nowrap\">August 6,</span> 2024</span>.</cite><span title=\"ctx_ver=Z39.88-2004&amp;rft_val_fmt=info%3Aofi%2Ffmt%3Akev%3Amtx%3Abook&amp;rft.genre=unknown&amp;rft.btitle=Fire+schorches+Molly+Malone%27s%2C+longtime+Fairfax+District+Pub&amp;rft.pub=Beverly+Press&amp;rft.date=2024-06-27&amp;rft_id=https%3A%2F%2Fbeverlypress.com%2F2024%2F06%2Ffire-scorches-molly-malones-longtime-fairfax-district-pub%2F&amp;rfr_id=info%3Asid%2Fen.wikipedia.org%3AFlogging+Molly\" class=\"Z3988\"></span></span>\n</li>\n<li id=\"cite_note-15\"><span class=\"mw-cite-backlink\"><b><a href=\"#cite_ref-15\">^</a></b></span> <span class=\"reference-text\"><link rel=\"mw-deduplicated-inline-style\" href=\"mw-data:TemplateStyles:r1238218222\" /><cite class=\"citation web cs1\"><a rel=\"nofollow\" class=\"external text\" href=\"https://www.facebook.com/floggingmolly/photos/were-heartbroken-by-the-recent-fire-at-molly-malones-irish-pub-the-place-where-f/1048592519956469/\">\"Flogging Molly Facebook post\"</a>. Facebook<span class=\"reference-accessdate\">. Retrieved <span class=\"nowrap\">August 6,</span> 2024</span>.</cite><span title=\"ctx_ver=Z39.88-2004&amp;rft_val_fmt=info%3Aofi%2Ffmt%3Akev%3Amtx%3Abook&amp;rft.genre=unknown&amp;rft.btitle=Flogging+Molly+Facebook+post&amp;rft.pub=Facebook&amp;rft_id=https%3A%2F%2Fwww.facebook.com%2Ffloggingmolly%2Fphotos%2Fwere-heartbroken-by-the-recent-fire-at-molly-malones-irish-pub-the-place-where-f%2F1048592519956469%2F&amp;rfr_id=info%3Asid%2Fen.wikipedia.org%3AFlogging+Molly\" class=\"Z3988\"></span></span>\n</li>\n<li id=\"cite_note-16\"><span class=\"mw-cite-backlink\"><b><a href=\"#cite_ref-16\">^</a></b></span> <span class=\"reference-text\"><link rel=\"mw-deduplicated-inline-style\" href=\"mw-data:TemplateStyles:r1238218222\" /><cite class=\"citation web cs1\"><a rel=\"nofollow\" class=\"external text\" href=\"https://www.concertarchives.org/bands/flogging-molly/\">\"Flogging Molly Concert &amp; Tour History\"</a>. Concert Archives<span class=\"reference-accessdate\">. Retrieved <span class=\"nowrap\">August 6,</span> 2024</span>.</cite><span title=\"ctx_ver=Z39.88-2004&amp;rft_val_fmt=info%3Aofi%2Ffmt%3Akev%3Amtx%3Abook&amp;rft.genre=unknown&amp;rft.btitle=Flogging+Molly+Concert+%26+Tour+History&amp;rft.pub=Concert+Archives&amp;rft_id=https%3A%2F%2Fwww.concertarchives.org%2Fbands%2Fflogging-molly%2F&amp;rfr_id=info%3Asid%2Fen.wikipedia.org%3AFlogging+Molly\" class=\"Z3988\"></span></span>\n</li>\n<li id=\"cite_note-17\"><span class=\"mw-cite-backlink\"><b><a href=\"#cite_ref-17\">^</a></b></span> <span class=\"reference-text\"><link rel=\"mw-deduplicated-inline-style\" href=\"mw-data:TemplateStyles:r1238218222\" /><cite class=\"citation web cs1\"><a rel=\"nofollow\" class=\"external text\" href=\"http://www.floggingmollycruise.com\">\"Flogging Molly's Salty Dog Cruise – 2018\"</a>. <i>FloggingMollyCruise.com</i><span class=\"reference-accessdate\">. Retrieved <span class=\"nowrap\">August 29,</span> 2017</span>.</cite><span title=\"ctx_ver=Z39.88-2004&amp;rft_val_fmt=info%3Aofi%2Ffmt%3Akev%3Amtx%3Ajournal&amp;rft.genre=unknown&amp;rft.jtitle=FloggingMollyCruise.com&amp;rft.atitle=Flogging+Molly%27s+Salty+Dog+Cruise+%E2%80%93+2018&amp;rft_id=http%3A%2F%2Fwww.floggingmollycruise.com&amp;rfr_id=info%3Asid%2Fen.wikipedia.org%3AFlogging+Molly\" class=\"Z3988\"></span></span>\n</li>\n<li id=\"cite_note-18\"><span class=\"mw-cite-backlink\"><b><a href=\"#cite_ref-18\">^</a></b></span> <span class=\"reference-text\"><link rel=\"mw-deduplicated-inline-style\" href=\"mw-data:TemplateStyles:r1238218222\" /><cite class=\"citation web cs1\"><a rel=\"nofollow\" class=\"external text\" href=\"https://www.brooklynvegan.com/flogging-molly-reveals-2023-cruise-lineup-the-interrupters-stiff-little-fingers-gorilla-biscuits-more/\">\"Flogging Molly reveals 2023 cruise lineup: The Interrupters, Stiff Little Fingers, Gorilla Biscuits &amp; More\"</a>. <i>BrooklynVegan.com</i><span class=\"reference-accessdate\">. Retrieved <span class=\"nowrap\">January 24,</span> 2024</span>.</cite><span title=\"ctx_ver=Z39.88-2004&amp;rft_val_fmt=info%3Aofi%2Ffmt%3Akev%3Amtx%3Ajournal&amp;rft.genre=unknown&amp;rft.jtitle=BrooklynVegan.com&amp;rft.atitle=Flogging+Molly+reveals+2023+cruise+lineup%3A+The+Interrupters%2C+Stiff+Little+Fingers%2C+Gorilla+Biscuits+%26+More&amp;rft_id=https%3A%2F%2Fwww.brooklynvegan.com%2Fflogging-molly-reveals-2023-cruise-lineup-the-interrupters-stiff-little-fingers-gorilla-biscuits-more%2F&amp;rfr_id=info%3Asid%2Fen.wikipedia.org%3AFlogging+Molly\" class=\"Z3988\"></span></span>\n</li>\n<li id=\"cite_note-19\"><span class=\"mw-cite-backlink\"><b><a href=\"#cite_ref-19\">^</a></b></span> <span class=\"reference-text\"><link rel=\"mw-deduplicated-inline-style\" href=\"mw-data:TemplateStyles:r1238218222\" /><cite class=\"citation web cs1\"><a rel=\"nofollow\" class=\"external text\" href=\"https://www.instagram.com/p/C04iTHHJD4P/?hl=en/\">\"Flogging Molly Instagram Post\"</a>. <i>Instagram.com</i><span class=\"reference-accessdate\">. Retrieved <span class=\"nowrap\">January 24,</span> 2024</span>.</cite><span title=\"ctx_ver=Z39.88-2004&amp;rft_val_fmt=info%3Aofi%2Ffmt%3Akev%3Amtx%3Ajournal&amp;rft.genre=unknown&amp;rft.jtitle=Instagram.com&amp;rft.atitle=Flogging+Molly+Instagram+Post&amp;rft_id=https%3A%2F%2Fwww.instagram.com%2Fp%2FC04iTHHJD4P%2F%3Fhl%3Den%2F&amp;rfr_id=info%3Asid%2Fen.wikipedia.org%3AFlogging+Molly\" class=\"Z3988\"></span></span>\n</li>\n<li id=\"cite_note-20\"><span class=\"mw-cite-backlink\"><b><a href=\"#cite_ref-20\">^</a></b></span> <span class=\"reference-text\"><link rel=\"mw-deduplicated-inline-style\" href=\"mw-data:TemplateStyles:r1238218222\" /><cite class=\"citation web cs1\"><a rel=\"nofollow\" class=\"external text\" href=\"https://www.instagram.com/p/DFsxbBQPIIm/?hl=en/\">\"Flogging Molly Instagram Post\"</a>. <i>Instagram.com</i><span class=\"reference-accessdate\">. Retrieved <span class=\"nowrap\">February 5,</span> 2025</span>.</cite><span title=\"ctx_ver=Z39.88-2004&amp;rft_val_fmt=info%3Aofi%2Ffmt%3Akev%3Amtx%3Ajournal&amp;rft.genre=unknown&amp;rft.jtitle=Instagram.com&amp;rft.atitle=Flogging+Molly+Instagram+Post&amp;rft_id=https%3A%2F%2Fwww.instagram.com%2Fp%2FDFsxbBQPIIm%2F%3Fhl%3Den%2F&amp;rfr_id=info%3Asid%2Fen.wikipedia.org%3AFlogging+Molly\" class=\"Z3988\"></span></span>\n</li>\n<li id=\"cite_note-21\"><span class=\"mw-cite-backlink\"><b><a href=\"#cite_ref-21\">^</a></b></span> <span class=\"reference-text\"><a rel=\"nofollow\" class=\"external free\" href=\"https://www.facebook.com/floggingmolly/posts/pfbid0bVVihG1gdTkiKvUfsKFMm68RdiMykGZkFHn1usLejsmSVJeafyaEhGWBb9SREorUl\">https://www.facebook.com/floggingmolly/posts/pfbid0bVVihG1gdTkiKvUfsKFMm68RdiMykGZkFHn1usLejsmSVJeafyaEhGWBb9SREorUl</a> <sup class=\"noprint Inline-Template\" style=\"white-space:nowrap;\">&#91;<i><a href=\"/wiki/Wikipedia:Bare_URLs\" title=\"Wikipedia:Bare URLs\"><span title=\"A full citation is required to prevent link rot. (August 2025)\">bare URL</span></a></i>&#93;</sup></span>\n</li>\n<li id=\"cite_note-22\"><span class=\"mw-cite-backlink\"><b><a href=\"#cite_ref-22\">^</a></b></span> <span class=\"reference-text\"><link rel=\"mw-deduplicated-inline-style\" href=\"mw-data:TemplateStyles:r1238218222\" /><cite id=\"CITEREFAmbrose2009\" class=\"citation web cs1\">Ambrose, Anthony (July 27, 2009). <a rel=\"nofollow\" class=\"external text\" href=\"https://archive.today/20120529174420/http://intunemusiconline.com/2009/07/27/warped-tour-oceanport-719/\">\"inTuneMusic Online: Warped Tour @ Oceanport 7/19\"</a>. Archived from <a rel=\"nofollow\" class=\"external text\" href=\"http://intunemusiconline.com/2009/07/27/warped-tour-oceanport-719/\">the original</a> on May 29, 2012<span class=\"reference-accessdate\">. Retrieved <span class=\"nowrap\">July 28,</span> 2009</span>.</cite><span title=\"ctx_ver=Z39.88-2004&amp;rft_val_fmt=info%3Aofi%2Ffmt%3Akev%3Amtx%3Abook&amp;rft.genre=unknown&amp;rft.btitle=inTuneMusic+Online%3A+Warped+Tour+%40+Oceanport+7%2F19&amp;rft.date=2009-07-27&amp;rft.aulast=Ambrose&amp;rft.aufirst=Anthony&amp;rft_id=http%3A%2F%2Fintunemusiconline.com%2F2009%2F07%2F27%2Fwarped-tour-oceanport-719%2F&amp;rfr_id=info%3Asid%2Fen.wikipedia.org%3AFlogging+Molly\" class=\"Z3988\"></span></span>\n</li>\n</ol></div></div>\n<div class=\"mw-heading mw-heading2\"><h2 id=\"External_links\">External links</h2></div>\n<style data-mw-deduplicate=\"TemplateStyles:r1308029216\">.mw-parser-output .side-box{margin:4px 0;box-sizing:border-box;border:1px solid #aaa;font-size:88%;line-height:1.25em;background-color:var(--background-color-interactive-subtle,#f8f9fa);display:flow-root}.mw-parser-output .infobox .side-box{font-size:100%}.mw-parser-output .side-box-abovebelow,.mw-parser-output .side-box-text{padding:0.25em 0.9em}.mw-parser-output .side-box-image{padding:2px 0 2px 0.9em;text-align:center}.mw-parser-output .side-box-imageright{padding:2px 0.9em 2px 0;text-align:center}@media(min-width:500px){.mw-parser-output .side-box-flex{display:flex;align-items:center}.mw-parser-output .side-box-text{flex:1;min-width:0}}@media(min-width:640px){.mw-parser-output .side-box{width:238px}.mw-parser-output .side-box-right{clear:right;float:right;margin-left:1em}.mw-parser-output .side-box-left{margin-right:1em}}</style><style data-mw-deduplicate=\"TemplateStyles:r1311551236\">@media print{body.ns-0 .mw-parser-output .sistersitebox{display:none!important}}@media screen{html.skin-theme-clientpref-night .mw-parser-output .sistersitebox img[src*=\"Wiktionary-logo-en-v2.svg\"]{filter:invert(1)brightness(55%)contrast(250%)hue-rotate(180deg)}}@media screen and (prefers-color-scheme:dark){html.skin-theme-clientpref-os .mw-parser-output .sistersitebox img[src*=\"Wiktionary-logo-en-v2.svg\"]{filter:invert(1)brightness(55%)contrast(250%)hue-rotate(180deg)}}</style><div class=\"side-box side-box-right plainlinks sistersitebox\"><link rel=\"mw-deduplicated-inline-style\" href=\"mw-data:TemplateStyles:r1126788409\" />\n<div class=\"side-box-flex\">\n<div class=\"side-box-image\"><span class=\"noviewer\" typeof=\"mw:File\"><a href=\"/wiki/File:Commons-logo.svg\" class=\"mw-file-description\"><img alt=\"\" src=\"//upload.wikimedia.org/wikipedia/en/thumb/4/4a/Commons-logo.svg/40px-Commons-logo.svg.png\" decoding=\"async\" width=\"30\" height=\"40\" class=\"mw-file-element\" srcset=\"//upload.wikimedia.org/wikipedia/en/thumb/4/4a/Commons-logo.svg/60px-Commons-logo.svg.png 1.5x\" data-file-width=\"1024\" data-file-height=\"1376\" /></a></span></div>\n<div class=\"side-box-text plainlist\">Wikimedia Commons has media related to <span style=\"font-weight: bold; font-style: italic;\"><a href=\"https://commons.wikimedia.org/wiki/Category:Flogging_Molly\" class=\"extiw\" title=\"commons:Category:Flogging Molly\">Flogging Molly</a></span>.</div></div>\n</div>\n<link rel=\"mw-deduplicated-inline-style\" href=\"mw-data:TemplateStyles:r1308029216\" /><link rel=\"mw-deduplicated-inline-style\" href=\"mw-data:TemplateStyles:r1311551236\" /><div class=\"side-box side-box-right plainlinks sistersitebox\"><link rel=\"mw-deduplicated-inline-style\" href=\"mw-data:TemplateStyles:r1126788409\" />\n<div class=\"side-box-flex\">\n<div class=\"side-box-image\"><span class=\"noviewer\" typeof=\"mw:File\"><a href=\"/wiki/File:Wikiquote-logo.svg\" class=\"mw-file-description\"><img alt=\"\" src=\"//upload.wikimedia.org/wikipedia/commons/thumb/f/fa/Wikiquote-logo.svg/40px-Wikiquote-logo.svg.png\" decoding=\"async\" width=\"34\" height=\"40\" class=\"mw-file-element\" srcset=\"//upload.wikimedia.org/wikipedia/commons/thumb/f/fa/Wikiquote-logo.svg/60px-Wikiquote-logo.svg.png 1.5x, //upload.wikimedia.org/wikipedia/commons/thumb/f/fa/Wikiquote-logo.svg/120px-Wikiquote-logo.svg.png 2x\" data-file-width=\"300\" data-file-height=\"355\" /></a></span></div>\n<div class=\"side-box-text plainlist\">Wikiquote has quotations related to <i><b><a href=\"https://en.wikiquote.org/wiki/Special:Search/Flogging_Molly\" class=\"extiw\" title=\"q:Special:Search/Flogging Molly\">Flogging Molly</a></b></i>.</div></div>\n</div>\n<ul><li><span class=\"official-website\"><span class=\"url\"><a rel=\"nofollow\" class=\"external text\" href=\"http://www.floggingmolly.com/\">Official website</a></span></span> <span class=\"mw-valign-text-top\" typeof=\"mw:File/Frameless\"><a href=\"https://www.wikidata.org/wiki/Q917861#P856\" title=\"Edit this at Wikidata\"><img alt=\"Edit this at Wikidata\" src=\"//upload.wikimedia.org/wikipedia/en/thumb/8/8a/OOjs_UI_icon_edit-ltr-progressive.svg/20px-OOjs_UI_icon_edit-ltr-progressive.svg.png\" decoding=\"async\" width=\"10\" height=\"10\" class=\"mw-file-element\" data-file-width=\"20\" data-file-height=\"20\" /></a></span></li>\n<li><a rel=\"nofollow\" class=\"external text\" href=\"https://musicbrainz.org/artist/c3694ddc-f7e5-40dd-9fad-90d11a2c50fa\">Flogging Molly</a> discography at <a href=\"/wiki/MusicBrainz\" title=\"MusicBrainz\">MusicBrainz</a></li>\n<li><a rel=\"nofollow\" class=\"external text\" href=\"http://www.independent.ie/entertainment/music/band-at-top-of-us-chart-unknown-at-home-1318903.html\">Interview with Dave King in the Irish Independent</a></li>\n<li><a rel=\"nofollow\" class=\"external text\" href=\"https://web.archive.org/web/20070314020422/http://www.thepunksite.com/interviews.php?page=floggingmolly\">Interview with Bob Schmidt in 2007</a></li>\n<li><a rel=\"nofollow\" class=\"external text\" href=\"https://web.archive.org/web/20120209140734/http://www.burningstars.net/fm06\">Burning Stars Interview with Flogging Molly – 2006</a></li>\n<li><a rel=\"nofollow\" class=\"external text\" href=\"https://web.archive.org/web/20090906175042/http://www.roxwel.com/player/floggingmollyuncut.html\">Flogging Molly Music Videos-Interviews-Live Performance</a> at Roxwel</li></ul>\n<div class=\"navbox-styles\"><style data-mw-deduplicate=\"TemplateStyles:r1129693374\">.mw-parser-output .hlist dl,.mw-parser-output .hlist ol,.mw-parser-output .hlist ul{margin:0;padding:0}.mw-parser-output .hlist dd,.mw-parser-output .hlist dt,.mw-parser-output .hlist li{margin:0;display:inline}.mw-parser-output .hlist.inline,.mw-parser-output .hlist.inline dl,.mw-parser-output .hlist.inline ol,.mw-parser-output .hlist.inline ul,.mw-parser-output .hlist dl dl,.mw-parser-output .hlist dl ol,.mw-parser-output .hlist dl ul,.mw-parser-output .hlist ol dl,.mw-parser-output .hlist ol ol,.mw-parser-output .hlist ol ul,.mw-parser-output .hlist ul dl,.mw-parser-output .hlist ul ol,.mw-parser-output .hlist ul ul{display:inline}.mw-parser-output .hlist .mw-empty-li{display:none}.mw-parser-output .hlist dt::after{content:\": \"}.mw-parser-output .hlist dd::after,.mw-parser-output .hlist li::after{content:\" · \";font-weight:bold}.mw-parser-output .hlist dd:last-child::after,.mw-parser-output .hlist dt:last-child::after,.mw-parser-output .hlist li:last-child::after{content:none}.mw-parser-output .hlist dd dd:first-child::before,.mw-parser-output .hlist dd dt:first-child::before,.mw-parser-output .hlist dd li:first-child::before,.mw-parser-output .hlist dt dd:first-child::before,.mw-parser-output .hlist dt dt:first-child::before,.mw-parser-output .hlist dt li:first-child::before,.mw-parser-output .hlist li dd:first-child::before,.mw-parser-output .hlist li dt:first-child::before,.mw-parser-output .hlist li li:first-child::before{content:\" (\";font-weight:normal}.mw-parser-output .hlist dd dd:last-child::after,.mw-parser-output .hlist dd dt:last-child::after,.mw-parser-output .hlist dd li:last-child::after,.mw-parser-output .hlist dt dd:last-child::after,.mw-parser-output .hlist dt dt:last-child::after,.mw-parser-output .hlist dt li:last-child::after,.mw-parser-output .hlist li dd:last-child::after,.mw-parser-output .hlist li dt:last-child::after,.mw-parser-output .hlist li li:last-child::after{content:\")\";font-weight:normal}.mw-parser-output .hlist ol{counter-reset:listitem}.mw-parser-output .hlist ol>li{counter-increment:listitem}.mw-parser-output .hlist ol>li::before{content:\" \"counter(listitem)\"\\a0 \"}.mw-parser-output .hlist dd ol>li:first-child::before,.mw-parser-output .hlist dt ol>li:first-child::before,.mw-parser-output .hlist li ol>li:first-child::before{content:\" (\"counter(listitem)\"\\a0 \"}</style><style data-mw-deduplicate=\"TemplateStyles:r1236075235\">.mw-parser-output .navbox{box-sizing:border-box;border:1px solid #a2a9b1;width:100%;clear:both;font-size:88%;text-align:center;padding:1px;margin:1em auto 0}.mw-parser-output .navbox .navbox{margin-top:0}.mw-parser-output .navbox+.navbox,.mw-parser-output .navbox+.navbox-styles+.navbox{margin-top:-1px}.mw-parser-output .navbox-inner,.mw-parser-output .navbox-subgroup{width:100%}.mw-parser-output .navbox-group,.mw-parser-output .navbox-title,.mw-parser-output .navbox-abovebelow{padding:0.25em 1em;line-height:1.5em;text-align:center}.mw-parser-output .navbox-group{white-space:nowrap;text-align:right}.mw-parser-output .navbox,.mw-parser-output .navbox-subgroup{background-color:#fdfdfd}.mw-parser-output .navbox-list{line-height:1.5em;border-color:#fdfdfd}.mw-parser-output .navbox-list-with-group{text-align:left;border-left-width:2px;border-left-style:solid}.mw-parser-output tr+tr>.navbox-abovebelow,.mw-parser-output tr+tr>.navbox-group,.mw-parser-output tr+tr>.navbox-image,.mw-parser-output tr+tr>.navbox-list{border-top:2px solid #fdfdfd}.mw-parser-output .navbox-title{background-color:#ccf}.mw-parser-output .navbox-abovebelow,.mw-parser-output .navbox-group,.mw-parser-output .navbox-subgroup .navbox-title{background-color:#ddf}.mw-parser-output .navbox-subgroup .navbox-group,.mw-parser-output .navbox-subgroup .navbox-abovebelow{background-color:#e6e6ff}.mw-parser-output .navbox-even{background-color:#f7f7f7}.mw-parser-output .navbox-odd{background-color:transparent}.mw-parser-output .navbox .hlist td dl,.mw-parser-output .navbox .hlist td ol,.mw-parser-output .navbox .hlist td ul,.mw-parser-output .navbox td.hlist dl,.mw-parser-output .navbox td.hlist ol,.mw-parser-output .navbox td.hlist ul{padding:0.125em 0}.mw-parser-output .navbox .navbar{display:block;font-size:100%}.mw-parser-output .navbox-title .navbar{float:left;text-align:left;margin-right:0.5em}body.skin--responsive .mw-parser-output .navbox-image img{max-width:none!important}@media print{body.ns-0 .mw-parser-output .navbox{display:none!important}}</style><style data-mw-deduplicate=\"TemplateStyles:r1256394678\">@media screen{.mw-parser-output .navbox-musical-artist-solo .navbox-title{background-color:#f0e68c}.mw-parser-output .navbox-musical-artist-non-vocal .navbox-title{background-color:#f4bf92}.mw-parser-output .navbox-musical-artist-non-perform .navbox-title{background-color:#bfe0bf}.mw-parser-output .navbox-musical-artist-group .navbox-title{background-color:#b0c4de}.mw-parser-output .navbox-musical-artist-cover .navbox-title{background-color:#d8bfd8}.mw-parser-output .navbox-musical-artist-classical .navbox-title{background-color:#b0e0e6}.mw-parser-output .navbox-musical-artist-temp .navbox-title{background-color:#d3d3d3}.mw-parser-output .navbox-musical-artist .navbox-group,.mw-parser-output .navbox-musical-artist .navbox-abovebelow{background-color:var(--background-color-neutral,#eaecf0)}html.skin-theme-clienpref-night .mw-parser-output .navbox-musical-artist .navbox-title{background-color:inherit}}@media screen and (prefers-color-scheme:dark){html.skin-theme-clienpref-os .mw-parser-output .navbox-musical-artist .navbox-title{background-color:inherit}}</style></div><div role=\"navigation\" class=\"navbox navbox-musical-artist navbox-musical-artist-group\" aria-labelledby=\"Flogging_Molly982\" style=\"padding:3px\"><table class=\"nowraplinks vcard hlist mw-collapsible autocollapse navbox-inner\" style=\"border-spacing:0;background:transparent;color:inherit\"><tbody><tr><th scope=\"col\" class=\"navbox-title\" colspan=\"2\"><link rel=\"mw-deduplicated-inline-style\" href=\"mw-data:TemplateStyles:r1129693374\" /><style data-mw-deduplicate=\"TemplateStyles:r1239400231\">.mw-parser-output .navbar{display:inline;font-size:88%;font-weight:normal}.mw-parser-output .navbar-collapse{float:left;text-align:left}.mw-parser-output .navbar-boxtext{word-spacing:0}.mw-parser-output .navbar ul{display:inline-block;white-space:nowrap;line-height:inherit}.mw-parser-output .navbar-brackets::before{margin-right:-0.125em;content:\"[ \"}.mw-parser-output .navbar-brackets::after{margin-left:-0.125em;content:\" ]\"}.mw-parser-output .navbar li{word-spacing:-0.125em}.mw-parser-output .navbar a>span,.mw-parser-output .navbar a>abbr{text-decoration:inherit}.mw-parser-output .navbar-mini abbr{font-variant:small-caps;border-bottom:none;text-decoration:none;cursor:inherit}.mw-parser-output .navbar-ct-full{font-size:114%;margin:0 7em}.mw-parser-output .navbar-ct-mini{font-size:114%;margin:0 4em}html.skin-theme-clientpref-night .mw-parser-output .navbar li a abbr{color:var(--color-base)!important}@media(prefers-color-scheme:dark){html.skin-theme-clientpref-os .mw-parser-output .navbar li a abbr{color:var(--color-base)!important}}@media print{.mw-parser-output .navbar{display:none!important}}</style><div class=\"navbar plainlinks hlist navbar-mini\"><ul><li class=\"nv-view\"><a href=\"/wiki/Template:Flogging_Molly\" title=\"Template:Flogging Molly\"><abbr title=\"View this template\">v</abbr></a></li><li class=\"nv-talk\"><a href=\"/wiki/Template_talk:Flogging_Molly\" title=\"Template talk:Flogging Molly\"><abbr title=\"Discuss this template\">t</abbr></a></li><li class=\"nv-edit\"><a href=\"/wiki/Special:EditPage/Template:Flogging_Molly\" title=\"Special:EditPage/Template:Flogging Molly\"><abbr title=\"Edit this template\">e</abbr></a></li></ul></div><div id=\"Flogging_Molly982\" class=\"fn org\" style=\"font-size:114%;margin:0 4em\"><a class=\"mw-selflink selflink\">Flogging Molly</a></div></th></tr><tr><td class=\"navbox-abovebelow\" colspan=\"2\"><div>\n<ul><li><b><a href=\"/wiki/Dave_King_(Irish_singer)\" class=\"mw-redirect\" title=\"Dave King (Irish singer)\">Dave King</a></b></li>\n<li><b>Bridget Regan</b></li>\n<li><b>Dennis Casey</b></li>\n<li><b>Matt Hensley</b></li>\n<li><b>Nathen Maxwell</b></li>\n<li><b>Spencer Swain</b></li>\n<li><b>Mike Alonso</b></li></ul>\n<ul><li><a href=\"/wiki/Bob_Schmidt_(musician)\" title=\"Bob Schmidt (musician)\">Bob Schmidt</a></li>\n<li>George Schwindt</li></ul>\n</div></td></tr><tr><th scope=\"row\" class=\"navbox-group\" style=\"width:1%\">Studio albums</th><td class=\"navbox-list-with-group navbox-list navbox-odd\" style=\"width:100%;padding:0\"><div style=\"padding:0 0.25em\">\n<ul><li><i><a href=\"/wiki/Swagger_(Flogging_Molly_album)\" title=\"Swagger (Flogging Molly album)\">Swagger</a></i></li>\n<li><i><a href=\"/wiki/Drunken_Lullabies\" title=\"Drunken Lullabies\">Drunken Lullabies</a></i></li>\n<li><i><a href=\"/wiki/Within_a_Mile_of_Home\" title=\"Within a Mile of Home\">Within a Mile of Home</a></i></li>\n<li><i><a href=\"/wiki/Float_(Flogging_Molly_album)\" title=\"Float (Flogging Molly album)\">Float</a></i></li>\n<li><i><a href=\"/wiki/Speed_of_Darkness\" title=\"Speed of Darkness\">Speed of Darkness</a></i></li>\n<li><i><a href=\"/wiki/Life_Is_Good_(Flogging_Molly_album)\" title=\"Life Is Good (Flogging Molly album)\">Life Is Good</a></i></li>\n<li><i><a href=\"/wiki/Anthem_(Flogging_Molly_album)\" title=\"Anthem (Flogging Molly album)\">Anthem</a></i></li></ul>\n</div></td></tr><tr><th scope=\"row\" class=\"navbox-group\" style=\"width:1%\">Live/compilation albums</th><td class=\"navbox-list-with-group navbox-list navbox-even\" style=\"width:100%;padding:0\"><div style=\"padding:0 0.25em\">\n<ul><li><i><a href=\"/wiki/Alive_Behind_the_Green_Door\" title=\"Alive Behind the Green Door\">Alive Behind the Green Door</a></i></li>\n<li><i><a href=\"/wiki/Whiskey_on_a_Sunday_(album)\" title=\"Whiskey on a Sunday (album)\">Whiskey on a Sunday</a></i></li>\n<li><i><a href=\"/wiki/Complete_Control_Sessions\" title=\"Complete Control Sessions\">Complete Control Sessions</a></i></li>\n<li><i><a href=\"/wiki/Live_at_the_Greek_Theatre_(Flogging_Molly_album)\" title=\"Live at the Greek Theatre (Flogging Molly album)\">Live at the Greek Theatre</a></i></li></ul>\n</div></td></tr><tr><th scope=\"row\" class=\"navbox-group\" style=\"width:1%\">Related articles</th><td class=\"navbox-list-with-group navbox-list navbox-odd\" style=\"width:100%;padding:0\"><div style=\"padding:0 0.25em\">\n<ul><li><a href=\"/wiki/Flogging_Molly_discography\" title=\"Flogging Molly discography\">Discography</a></li></ul>\n</div></td></tr></tbody></table></div>\n<div class=\"navbox-styles\"><link rel=\"mw-deduplicated-inline-style\" href=\"mw-data:TemplateStyles:r1129693374\" /><link rel=\"mw-deduplicated-inline-style\" href=\"mw-data:TemplateStyles:r1236075235\" /><style data-mw-deduplicate=\"TemplateStyles:r1038841319\">.mw-parser-output .tooltip-dotted{border-bottom:1px dotted;cursor:help}</style></div><div role=\"navigation\" class=\"navbox authority-control\" aria-labelledby=\"Authority_control_databases_frameless&amp;#124;text-top&amp;#124;10px&amp;#124;alt=Edit_this_at_Wikidata&amp;#124;link=https&amp;#58;//www.wikidata.org/wiki/Q917861#identifiers&amp;#124;class=noprint&amp;#124;Edit_this_at_Wikidata1177\" style=\"padding:3px\"><table class=\"nowraplinks hlist mw-collapsible autocollapse navbox-inner\" style=\"border-spacing:0;background:transparent;color:inherit\"><tbody><tr><th scope=\"col\" class=\"navbox-title\" colspan=\"2\"><div id=\"Authority_control_databases_frameless&amp;#124;text-top&amp;#124;10px&amp;#124;alt=Edit_this_at_Wikidata&amp;#124;link=https&amp;#58;//www.wikidata.org/wiki/Q917861#identifiers&amp;#124;class=noprint&amp;#124;Edit_this_at_Wikidata1177\" style=\"font-size:114%;margin:0 4em\"><a href=\"/wiki/Help:Authority_control\" title=\"Help:Authority control\">Authority control databases</a> <span class=\"mw-valign-text-top noprint\" typeof=\"mw:File/Frameless\"><a href=\"https://www.wikidata.org/wiki/Q917861#identifiers\" title=\"Edit this at Wikidata\"><img alt=\"Edit this at Wikidata\" src=\"//upload.wikimedia.org/wikipedia/en/thumb/8/8a/OOjs_UI_icon_edit-ltr-progressive.svg/20px-OOjs_UI_icon_edit-ltr-progressive.svg.png\" decoding=\"async\" width=\"10\" height=\"10\" class=\"mw-file-element\" data-file-width=\"20\" data-file-height=\"20\" /></a></span></div></th></tr><tr><th scope=\"row\" class=\"navbox-group\" style=\"width:1%\">International</th><td class=\"navbox-list-with-group navbox-list navbox-odd\" style=\"width:100%;padding:0\"><div style=\"padding:0 0.25em\"><ul><li><span class=\"uid\"><a rel=\"nofollow\" class=\"external text\" href=\"https://isni.org/isni/0000000123694760\">ISNI</a></span></li><li><span class=\"uid\"><a rel=\"nofollow\" class=\"external text\" href=\"https://viaf.org/viaf/142393120\">VIAF</a></span></li><li><span class=\"uid\"><a rel=\"nofollow\" class=\"external text\" href=\"https://d-nb.info/gnd/102971682X\">GND</a></span></li></ul></div></td></tr><tr><th scope=\"row\" class=\"navbox-group\" style=\"width:1%\">National</th><td class=\"navbox-list-with-group navbox-list navbox-even\" style=\"width:100%;padding:0\"><div style=\"padding:0 0.25em\"><ul><li><span class=\"uid\"><a rel=\"nofollow\" class=\"external text\" href=\"https://id.loc.gov/authorities/no2002082265\">United States</a></span></li><li><span class=\"uid\"><span class=\"rt-commentedText tooltip tooltip-dotted\" title=\"Flogging Molly (hudební skupina)\"><a rel=\"nofollow\" class=\"external text\" href=\"https://aleph.nkp.cz/F/?func=find-c&amp;local_base=aut&amp;ccl_term=ica=xx0079885&amp;CON_LNG=ENG\">Czech Republic</a></span></span></li><li><span class=\"uid\"><a rel=\"nofollow\" class=\"external text\" href=\"https://authority.bibsys.no/authority/rest/authorities/html/7012262\">Norway</a></span></li></ul></div></td></tr><tr><th scope=\"row\" class=\"navbox-group\" style=\"width:1%\">Artists</th><td class=\"navbox-list-with-group navbox-list navbox-odd\" style=\"width:100%;padding:0\"><div style=\"padding:0 0.25em\"><ul><li><span class=\"uid\"><a rel=\"nofollow\" class=\"external text\" href=\"https://musicbrainz.org/artist/c3694ddc-f7e5-40dd-9fad-90d11a2c50fa\">MusicBrainz</a></span></li></ul></div></td></tr></tbody></table></div>\n<!-- \nNewPP limit report\nParsed by mw‐api‐ext.codfw.main‐c658f95‐7pcmd\nCached time: 20250928050006\nCache expiry: 2592000\nReduced expiry: false\nComplications: [vary‐revision‐sha1, show‐toc]\nCPU time usage: 0.697 seconds\nReal time usage: 0.848 seconds\nPreprocessor visited node count: 3158/1000000\nRevision size: 17662/2097152 bytes\nPost‐expand include size: 72889/2097152 bytes\nTemplate argument size: 5467/2097152 bytes\nHighest expansion depth: 14/100\nExpensive parser function count: 7/500\nUnstrip recursion depth: 1/20\nUnstrip post‐expand size: 89885/5000000 bytes\nLua time usage: 0.459/10.000 seconds\nLua memory usage: 8444150/52428800 bytes\nNumber of Wikibase entities loaded: 1/500\n-->\n<!--\nTransclusion expansion time report (%,ms,calls,template)\n100.00%  758.706      1 -total\n 30.66%  232.624      1 Template:Reflist\n 12.71%   96.451     19 Template:Cite_web\n 12.40%   94.108      1 Template:Cite_tweet\n 12.10%   91.788      1 Template:Flogging_Molly\n 11.84%   89.849      1 Template:Navbox_musical_artist\n  9.54%   72.417      1 Template:More_citations_needed\n  9.21%   69.906      1 Template:Ambox\n  8.75%   66.410      1 Template:Short_description\n  8.61%   65.297      1 Template:Infobox_musical_artist\n-->\n\n<!-- Saved in parser cache with key enwiki:pcache:542761:|#|:idhash:canonical and timestamp 20250928050006 and revision id 1305696817. Rendering was triggered because: unknown\n -->\n</div>"
        }
    }
}