{
    "parse": {
        "title": "Golden Earring",
        "pageid": 169778,
        "text": {
            "*": "<div class=\"mw-content-ltr mw-parser-output\" lang=\"en\" dir=\"ltr\"><div class=\"shortdescription nomobile noexcerpt noprint searchaux\" style=\"display:none\">Dutch rock band</div> \n<style data-mw-deduplicate=\"TemplateStyles:r1236090951\">.mw-parser-output .hatnote{font-style:italic}.mw-parser-output div.hatnote{padding-left:1.6em;margin-bottom:0.5em}.mw-parser-output .hatnote i{font-style:normal}.mw-parser-output .hatnote+link+.hatnote{margin-top:-0.5em}@media print{body.ns-0 .mw-parser-output .hatnote{display:none!important}}</style><div role=\"note\" class=\"hatnote navigation-not-searchable\">This article is about the Dutch rock band. For the film, see <a href=\"/wiki/Golden_Earrings\" title=\"Golden Earrings\"><i>Golden Earrings</i></a>.</div>\n<style data-mw-deduplicate=\"TemplateStyles:r1126788409\">.mw-parser-output .plainlist ol,.mw-parser-output .plainlist ul{line-height:inherit;list-style:none;margin:0;padding:0}.mw-parser-output .plainlist ol li,.mw-parser-output .plainlist ul li{margin-bottom:0}</style><style data-mw-deduplicate=\"TemplateStyles:r1295905060\">.mw-parser-output .infobox-subbox{padding:0;border:none;margin:-3px;width:auto;min-width:100%;font-size:100%;clear:none;float:none;background-color:transparent}.mw-parser-output .infobox-3cols-child{margin:auto}.mw-parser-output .infobox .navbar{font-size:100%}@media screen{html.skin-theme-clientpref-night .mw-parser-output .infobox-full-data:not(.notheme)>div:not(.notheme)[style]{background:#1f1f23!important;color:#f8f9fa}}@media screen and (prefers-color-scheme:dark){html.skin-theme-clientpref-os .mw-parser-output .infobox-full-data:not(.notheme)>div:not(.notheme)[style]{background:#1f1f23!important;color:#f8f9fa}}@media(min-width:640px){body.skin--responsive .mw-parser-output .infobox-table{display:table!important}body.skin--responsive .mw-parser-output .infobox-table>caption{display:table-caption!important}body.skin--responsive .mw-parser-output .infobox-table>tbody{display:table-row-group}body.skin--responsive .mw-parser-output .infobox-table th,body.skin--responsive .mw-parser-output .infobox-table td{padding-left:inherit;padding-right:inherit}}</style><table class=\"infobox vcard plainlist\"><tbody><tr><th colspan=\"2\" class=\"infobox-above\" style=\"color: #202122;background-color: #b0c4de; font-size: 125%;\"><div class=\"fn org\">Golden Earring</div></th></tr><tr><td colspan=\"2\" class=\"infobox-image\"><span class=\"mw-default-size\" typeof=\"mw:File/Frameless\"><a href=\"/wiki/File:Golden_Earring_-_TopPop_1974_7.png\" class=\"mw-file-description\" title=\"Golden Earring in 1974 left to right: Rinus Gerritsen, Barry Hay, Cesar Zuiderwijk, George Kooymans\"><img alt=\"Golden Earring in 1974 left to right: Rinus Gerritsen, Barry Hay, Cesar Zuiderwijk, George Kooymans\" src=\"//upload.wikimedia.org/wikipedia/commons/thumb/1/1f/Golden_Earring_-_TopPop_1974_7.png/250px-Golden_Earring_-_TopPop_1974_7.png\" decoding=\"async\" width=\"250\" height=\"251\" class=\"mw-file-element\" srcset=\"//upload.wikimedia.org/wikipedia/commons/thumb/1/1f/Golden_Earring_-_TopPop_1974_7.png/500px-Golden_Earring_-_TopPop_1974_7.png 1.5x, //upload.wikimedia.org/wikipedia/commons/1/1f/Golden_Earring_-_TopPop_1974_7.png 2x\" data-file-width=\"500\" data-file-height=\"501\" /></a></span><div class=\"infobox-caption\">Golden Earring in 1974<br />left to right: Rinus Gerritsen, Barry Hay, Cesar Zuiderwijk, George Kooymans</div></td></tr><tr><th colspan=\"2\" class=\"infobox-header\" style=\"color: #202122;background-color: #b0c4de\">Background information</th></tr><tr><th scope=\"row\" class=\"infobox-label\"><span class=\"nowrap\">Also known as</span></th><td class=\"infobox-data nickname\"><style data-mw-deduplicate=\"TemplateStyles:r1129693374\">.mw-parser-output .hlist dl,.mw-parser-output .hlist ol,.mw-parser-output .hlist ul{margin:0;padding:0}.mw-parser-output .hlist dd,.mw-parser-output .hlist dt,.mw-parser-output .hlist li{margin:0;display:inline}.mw-parser-output .hlist.inline,.mw-parser-output .hlist.inline dl,.mw-parser-output .hlist.inline ol,.mw-parser-output .hlist.inline ul,.mw-parser-output .hlist dl dl,.mw-parser-output .hlist dl ol,.mw-parser-output .hlist dl ul,.mw-parser-output .hlist ol dl,.mw-parser-output .hlist ol ol,.mw-parser-output .hlist ol ul,.mw-parser-output .hlist ul dl,.mw-parser-output .hlist ul ol,.mw-parser-output .hlist ul ul{display:inline}.mw-parser-output .hlist .mw-empty-li{display:none}.mw-parser-output .hlist dt::after{content:\": \"}.mw-parser-output .hlist dd::after,.mw-parser-output .hlist li::after{content:\" · \";font-weight:bold}.mw-parser-output .hlist dd:last-child::after,.mw-parser-output .hlist dt:last-child::after,.mw-parser-output .hlist li:last-child::after{content:none}.mw-parser-output .hlist dd dd:first-child::before,.mw-parser-output .hlist dd dt:first-child::before,.mw-parser-output .hlist dd li:first-child::before,.mw-parser-output .hlist dt dd:first-child::before,.mw-parser-output .hlist dt dt:first-child::before,.mw-parser-output .hlist dt li:first-child::before,.mw-parser-output .hlist li dd:first-child::before,.mw-parser-output .hlist li dt:first-child::before,.mw-parser-output .hlist li li:first-child::before{content:\" (\";font-weight:normal}.mw-parser-output .hlist dd dd:last-child::after,.mw-parser-output .hlist dd dt:last-child::after,.mw-parser-output .hlist dd li:last-child::after,.mw-parser-output .hlist dt dd:last-child::after,.mw-parser-output .hlist dt dt:last-child::after,.mw-parser-output .hlist dt li:last-child::after,.mw-parser-output .hlist li dd:last-child::after,.mw-parser-output .hlist li dt:last-child::after,.mw-parser-output .hlist li li:last-child::after{content:\")\";font-weight:normal}.mw-parser-output .hlist ol{counter-reset:listitem}.mw-parser-output .hlist ol>li{counter-increment:listitem}.mw-parser-output .hlist ol>li::before{content:\" \"counter(listitem)\"\\a0 \"}.mw-parser-output .hlist dd ol>li:first-child::before,.mw-parser-output .hlist dt ol>li:first-child::before,.mw-parser-output .hlist li ol>li:first-child::before{content:\" (\"counter(listitem)\"\\a0 \"}</style><div class=\"hlist\"><ul><li>The Tornados (1961–1962)</li><li>The Golden Earrings (1962–1966)</li><li>Golden Earrings (1966–1968)</li><li>The Golden Earring (1969)</li></ul></div></td></tr><tr><th scope=\"row\" class=\"infobox-label\">Origin</th><td class=\"infobox-data\"><a href=\"/wiki/The_Hague\" title=\"The Hague\">The Hague</a>, Netherlands</td></tr><tr><th scope=\"row\" class=\"infobox-label\">Genres</th><td class=\"infobox-data\"><link rel=\"mw-deduplicated-inline-style\" href=\"mw-data:TemplateStyles:r1129693374\" /><div class=\"hlist\"><ul><li><a href=\"/wiki/Hard_rock\" title=\"Hard rock\">Hard rock</a></li><li><a href=\"/wiki/Blues_rock\" title=\"Blues rock\">blues rock</a></li><li><a href=\"/wiki/Jazz_rock\" class=\"mw-redirect\" title=\"Jazz rock\">jazz rock</a></li><li><a href=\"/wiki/Psychedelic_rock\" title=\"Psychedelic rock\">psychedelic rock</a></li><li><a href=\"/wiki/Garage_rock\" title=\"Garage rock\">garage rock</a><sup id=\"cite_ref-1\" class=\"reference\"><a href=\"#cite_note-1\"><span class=\"cite-bracket\">&#91;</span>1<span class=\"cite-bracket\">&#93;</span></a></sup><sup id=\"cite_ref-loudersound.com_2-0\" class=\"reference\"><a href=\"#cite_note-loudersound.com-2\"><span class=\"cite-bracket\">&#91;</span>2<span class=\"cite-bracket\">&#93;</span></a></sup></li></ul></div></td></tr><tr><th scope=\"row\" class=\"infobox-label\">Works</th><td class=\"infobox-data\"><a href=\"/wiki/Golden_Earring_discography\" title=\"Golden Earring discography\">Discography</a></td></tr><tr><th scope=\"row\" class=\"infobox-label\"><span class=\"nowrap\">Years active</span></th><td class=\"infobox-data\"><link rel=\"mw-deduplicated-inline-style\" href=\"mw-data:TemplateStyles:r1129693374\" /><div class=\"hlist\"><ul><li>1961–2021</li><li>2025–present</li></ul></div></td></tr><tr><th scope=\"row\" class=\"infobox-label\">Labels</th><td class=\"infobox-data\"><link rel=\"mw-deduplicated-inline-style\" href=\"mw-data:TemplateStyles:r1129693374\" /><div class=\"hlist\"><ul><li><a href=\"/wiki/Polydor_Records\" title=\"Polydor Records\">Polydor</a></li><li><a href=\"/wiki/MCA_Records\" title=\"MCA Records\">MCA</a></li><li><a href=\"/wiki/Track_Records\" title=\"Track Records\">Track</a></li><li><a href=\"/wiki/Universal_Music\" class=\"mw-redirect\" title=\"Universal Music\">Universal</a></li><li><a href=\"/wiki/Columbia_Records\" title=\"Columbia Records\">Columbia</a></li><li><a href=\"/wiki/Capitol_Records\" title=\"Capitol Records\">Capitol</a></li><li>21</li><li><a href=\"/wiki/Polygram_Records\" class=\"mw-redirect\" title=\"Polygram Records\">Polygram</a></li><li><a href=\"/wiki/Atlantic_Records\" title=\"Atlantic Records\">Atlantic</a></li><li><a href=\"/wiki/Atco_Records\" title=\"Atco Records\">Atco</a></li><li>First Quake</li><li>Red Bullet</li></ul></div></td></tr><tr><th colspan=\"2\" class=\"infobox-header\" style=\"color: #202122;background-color: #b0c4de\"></th></tr><tr><th scope=\"row\" class=\"infobox-label\">Members</th><td class=\"infobox-data\">\n<ul><li><a href=\"/wiki/Rinus_Gerritsen\" title=\"Rinus Gerritsen\">Rinus Gerritsen</a></li>\n<li><a href=\"/wiki/Barry_Hay\" title=\"Barry Hay\">Barry Hay</a></li>\n<li><a href=\"/wiki/Cesar_Zuiderwijk\" title=\"Cesar Zuiderwijk\">Cesar Zuiderwijk</a></li></ul>\n</td></tr><tr><th colspan=\"2\" class=\"infobox-header\" style=\"color: #202122;background-color: #b0c4de\"></th></tr><tr><th scope=\"row\" class=\"infobox-label\"><span class=\"nowrap\">Past members</span></th><td class=\"infobox-data\">\n<ul><li><a href=\"/wiki/George_Kooymans\" title=\"George Kooymans\">George Kooymans</a></li>\n<li>Fred van der Hilst</li>\n<li>Hans van Herwerden</li>\n<li>Peter de Rond</li>\n<li>Frans Krassenburg</li>\n<li><a href=\"/wiki/Jaap_Eggermont\" title=\"Jaap Eggermont\">Jaap Eggermont</a></li>\n<li>Sieb Warner</li>\n<li>Bertus Borgers</li>\n<li><a href=\"/wiki/Eelco_Gelling\" title=\"Eelco Gelling\">Eelco Gelling</a></li>\n<li><a href=\"/wiki/Robert_Jan_Stips\" title=\"Robert Jan Stips\">Robert Jan Stips</a></li>\n<li><a href=\"/wiki/John_Lagrand_(musician)\" title=\"John Lagrand (musician)\">John Lagrand</a></li>\n<li>Philip van Boom</li></ul>\n</td></tr><tr><th colspan=\"2\" class=\"infobox-header\" style=\"color: #202122;background-color: #b0c4de\"></th></tr><tr><th scope=\"row\" class=\"infobox-label\">Website</th><td class=\"infobox-data\"><span class=\"url\"><a rel=\"nofollow\" class=\"external text\" href=\"http://goldenearring.nl\">goldenearring<wbr />.nl</a></span></td></tr></tbody></table>\n<p><b>Golden Earring</b> are a Dutch <a href=\"/wiki/Rock_music\" title=\"Rock music\">rock</a> band, founded in 1961 in <a href=\"/wiki/The_Hague\" title=\"The Hague\">The Hague</a> as <b>the Tornados</b>. They achieved worldwide fame with their international hit songs  \"<a href=\"/wiki/Radar_Love\" title=\"Radar Love\">Radar Love</a>\" in 1973, which went to number one on the Dutch chart, reached the top ten in the United Kingdom, and went to number thirteen on the United States chart,<sup id=\"cite_ref-huey_3-0\" class=\"reference\"><a href=\"#cite_note-huey-3\"><span class=\"cite-bracket\">&#91;</span>3<span class=\"cite-bracket\">&#93;</span></a></sup><sup id=\"cite_ref-4\" class=\"reference\"><a href=\"#cite_note-4\"><span class=\"cite-bracket\">&#91;</span>4<span class=\"cite-bracket\">&#93;</span></a></sup> \"<a href=\"/wiki/Twilight_Zone_(Golden_Earring_song)\" title=\"Twilight Zone (Golden Earring song)\">Twilight Zone</a>\" in 1982, and \"<a href=\"/wiki/When_the_Lady_Smiles\" title=\"When the Lady Smiles\">When the Lady Smiles</a>\" in 1984.<sup id=\"cite_ref-huey_3-1\" class=\"reference\"><a href=\"#cite_note-huey-3\"><span class=\"cite-bracket\">&#91;</span>3<span class=\"cite-bracket\">&#93;</span></a></sup> During their career they had nearly 30 top-ten singles on the Dutch charts and released 25 studio albums.\n</p><p>The band went through a number of early personnel changes until settling on a stable lineup in 1970, consisting of <a href=\"/wiki/Rinus_Gerritsen\" title=\"Rinus Gerritsen\">Rinus Gerritsen</a> (bass and keyboards), <a href=\"/wiki/George_Kooymans\" title=\"George Kooymans\">George Kooymans</a> (vocals and guitar), <a href=\"/wiki/Barry_Hay\" title=\"Barry Hay\">Barry Hay</a> (vocals, guitar, flute and saxophone), and <a href=\"/wiki/Cesar_Zuiderwijk\" title=\"Cesar Zuiderwijk\">Cesar Zuiderwijk</a> (drums and percussion), which remained unchanged until the band broke up in 2021 when Kooymans was diagnosed with <a href=\"/wiki/Amyotrophic_lateral_sclerosis\" class=\"mw-redirect\" title=\"Amyotrophic lateral sclerosis\">ALS</a>. A number of other musicians also appeared in short stints with the band over its history. As of Kooymans' death in 2025, Gerritsen is the only remaining original member left.\n</p><p>The band is scheduled to play a series of five farewell concerts at the <a href=\"/wiki/Rotterdam_Ahoy\" title=\"Rotterdam Ahoy\">Rotterdam Ahoy</a> in 2026.\n</p>\n\n<div class=\"mw-heading mw-heading2\"><h2 id=\"History\">History</h2></div>\n<div class=\"mw-heading mw-heading3\"><h3 id=\"Early_years_(1961–1969)\"><span id=\"Early_years_.281961.E2.80.931969.29\"></span>Early years (1961–1969)</h3></div>\n<p>What became Golden Earring was formed in 1961 in <a href=\"/wiki/The_Hague\" title=\"The Hague\">The Hague</a> by 13-year-old George Kooymans and his 15-year-old neighbor, Rinus Gerritsen.<sup id=\"cite_ref-5\" class=\"reference\"><a href=\"#cite_note-5\"><span class=\"cite-bracket\">&#91;</span>5<span class=\"cite-bracket\">&#93;</span></a></sup> Originally called \"the Tornados\", the name was changed to <b>the Golden Earrings</b><sup id=\"cite_ref-LarkinHR_6-0\" class=\"reference\"><a href=\"#cite_note-LarkinHR-6\"><span class=\"cite-bracket\">&#91;</span>6<span class=\"cite-bracket\">&#93;</span></a></sup> when they discovered that the name <a href=\"/wiki/The_Tornados\" title=\"The Tornados\">the Tornados</a> was already in use by another group. The name \"the Golden Earrings\" was taken from an instrumental called \"Golden Earrings\" performed by the British group <a href=\"/wiki/The_Hunters_(instrumental_band)\" title=\"The Hunters (instrumental band)\">the Hunters</a>, for whom they served as opening and closing act.<sup id=\"cite_ref-auto_7-0\" class=\"reference\"><a href=\"#cite_note-auto-7\"><span class=\"cite-bracket\">&#91;</span>7<span class=\"cite-bracket\">&#93;</span></a></sup> Initially a pop-rock band with Frans Krassenburg on lead vocals and <a href=\"/wiki/Jaap_Eggermont\" title=\"Jaap Eggermont\">Jaap Eggermont</a> on drums, the Golden Earrings had a hit with their debut single \"Please Go\", recorded in 1965.<sup id=\"cite_ref-huey_3-2\" class=\"reference\"><a href=\"#cite_note-huey-3\"><span class=\"cite-bracket\">&#91;</span>3<span class=\"cite-bracket\">&#93;</span></a></sup><sup id=\"cite_ref-LarkinHR_6-1\" class=\"reference\"><a href=\"#cite_note-LarkinHR-6\"><span class=\"cite-bracket\">&#91;</span>6<span class=\"cite-bracket\">&#93;</span></a></sup> Dissatisfied with Dutch recording studios, the band's manager and co-discoverer Fred Haayen arranged for the next single to be recorded at the <a href=\"/wiki/Pye_Records\" title=\"Pye Records\">Pye Records</a> studios in London. The record cut at Pye, \"That Day\", reached number two on the Dutch charts.<sup class=\"noprint Inline-Template Template-Fact\" style=\"white-space:nowrap;\">&#91;<i><a href=\"/wiki/Wikipedia:Citation_needed\" title=\"Wikipedia:Citation needed\"><span title=\"This claim needs references to reliable sources. (November 2021)\">citation needed</span></a></i>&#93;</sup> The definite article was dropped from the name in 1967, and the plural \"s\" was dropped in 1969.<sup id=\"cite_ref-huey_3-3\" class=\"reference\"><a href=\"#cite_note-huey-3\"><span class=\"cite-bracket\">&#91;</span>3<span class=\"cite-bracket\">&#93;</span></a></sup>\n</p><p>In 1968, <a href=\"/wiki/Barry_Hay\" title=\"Barry Hay\">Barry Hay</a> joined the band, replacing Krassenburg as frontman. Two years later, the band earned their first number one hit in the Netherlands with the song \"Dong Dong Diki Digi Dong\".<sup id=\"cite_ref-8\" class=\"reference\"><a href=\"#cite_note-8\"><span class=\"cite-bracket\">&#91;</span>8<span class=\"cite-bracket\">&#93;</span></a></sup> In the United States, ground work for entering the US market was being laid by East Coast FM radio disc jockey and music critic Neil Kempfer-Stocker, who is credited as the first radio DJ to play the band in the US. This single was followed by a successful psychedelic album <i><a href=\"/wiki/Eight_Miles_High_(album)\" title=\"Eight Miles High (album)\">Eight Miles High</a></i>,<sup id=\"cite_ref-LarkinHR_6-2\" class=\"reference\"><a href=\"#cite_note-LarkinHR-6\"><span class=\"cite-bracket\">&#91;</span>6<span class=\"cite-bracket\">&#93;</span></a></sup> which featured a 19-minute version of the title track, a cover of the <a href=\"/wiki/Eight_Miles_High\" title=\"Eight Miles High\">1966 hit song</a> by <a href=\"/wiki/The_Byrds\" title=\"The Byrds\">the Byrds</a>. The song, played throughout their US tour, became the core performance of their live shows, and their experience in the US led them to make their studio albums resemble their live shows, rather than the other way around.<sup id=\"cite_ref-9\" class=\"reference\"><a href=\"#cite_note-9\"><span class=\"cite-bracket\">&#91;</span>9<span class=\"cite-bracket\">&#93;</span></a></sup> The band's American records during this period were issued by the <a href=\"/wiki/Perception_Records\" title=\"Perception Records\">Perception Records</a> label in New York, and the band's <i><a href=\"/wiki/Golden_Earring_(album)\" title=\"Golden Earring (album)\">Golden Earring</a></i> LP, known as <i>Wall of Dolls</i>, and single \"Back Home\" performed poorly in the US but became a number 1 hit in the Netherlands.<sup id=\"cite_ref-10\" class=\"reference\"><a href=\"#cite_note-10\"><span class=\"cite-bracket\">&#91;</span>10<span class=\"cite-bracket\">&#93;</span></a></sup>\n</p>\n<div class=\"mw-heading mw-heading3\"><h3 id=\"International_fame_(1970s_and_1980s)\"><span id=\"International_fame_.281970s_and_1980s.29\"></span>International fame (1970s and 1980s)</h3></div>\n<style data-mw-deduplicate=\"TemplateStyles:r1273380762/mw-parser-output/.tmulti\">.mw-parser-output .tmulti .multiimageinner{display:flex;flex-direction:column}.mw-parser-output .tmulti .trow{display:flex;flex-direction:row;clear:left;flex-wrap:wrap;width:100%;box-sizing:border-box}.mw-parser-output .tmulti .tsingle{margin:1px;float:left}.mw-parser-output .tmulti .theader{clear:both;font-weight:bold;text-align:center;align-self:center;background-color:transparent;width:100%}.mw-parser-output .tmulti .thumbcaption{background-color:transparent}.mw-parser-output .tmulti .text-align-left{text-align:left}.mw-parser-output .tmulti .text-align-right{text-align:right}.mw-parser-output .tmulti .text-align-center{text-align:center}@media all and (max-width:720px){.mw-parser-output .tmulti .thumbinner{width:100%!important;box-sizing:border-box;max-width:none!important;align-items:center}.mw-parser-output .tmulti .trow{justify-content:center}.mw-parser-output .tmulti .tsingle{float:none!important;max-width:100%!important;box-sizing:border-box;text-align:center}.mw-parser-output .tmulti .tsingle .thumbcaption{text-align:left}.mw-parser-output .tmulti .trow>.thumbcaption{text-align:center}}@media screen{html.skin-theme-clientpref-night .mw-parser-output .tmulti .multiimageinner span:not(.skin-invert-image):not(.skin-invert):not(.bg-transparent) img{background-color:white}}@media screen and (prefers-color-scheme:dark){html.skin-theme-clientpref-os .mw-parser-output .tmulti .multiimageinner span:not(.skin-invert-image):not(.skin-invert):not(.bg-transparent) img{background-color:white}}</style><div class=\"thumb tmulti tright\"><div class=\"thumbinner multiimageinner\" style=\"width:292px;max-width:292px\"><div class=\"trow\"><div class=\"tsingle\" style=\"width:162px;max-width:162px\"><div class=\"thumbimage\" style=\"height:185px;overflow:hidden\"><span typeof=\"mw:File\"><a href=\"/wiki/File:Barry_Hay_2_-_Golden_Earring_-_1974.jpg\" class=\"mw-file-description\"><img alt=\"\" src=\"//upload.wikimedia.org/wikipedia/commons/thumb/9/92/Barry_Hay_2_-_Golden_Earring_-_1974.jpg/250px-Barry_Hay_2_-_Golden_Earring_-_1974.jpg\" decoding=\"async\" width=\"160\" height=\"185\" class=\"mw-file-element\" srcset=\"//upload.wikimedia.org/wikipedia/commons/thumb/9/92/Barry_Hay_2_-_Golden_Earring_-_1974.jpg/330px-Barry_Hay_2_-_Golden_Earring_-_1974.jpg 2x\" data-file-width=\"1947\" data-file-height=\"2256\" /></a></span></div><div class=\"thumbcaption\">Lead singer <a href=\"/wiki/Barry_Hay\" title=\"Barry Hay\">Barry Hay</a> in 1974</div></div><div class=\"tsingle\" style=\"width:126px;max-width:126px\"><div class=\"thumbimage\" style=\"height:185px;overflow:hidden\"><span typeof=\"mw:File\"><a href=\"/wiki/File:George_Kooymans_-_Golden_Earring_-_1974.jpg\" class=\"mw-file-description\"><img alt=\"\" src=\"//upload.wikimedia.org/wikipedia/commons/thumb/d/d4/George_Kooymans_-_Golden_Earring_-_1974.jpg/250px-George_Kooymans_-_Golden_Earring_-_1974.jpg\" decoding=\"async\" width=\"124\" height=\"186\" class=\"mw-file-element\" data-file-width=\"1906\" data-file-height=\"2856\" /></a></span></div><div class=\"thumbcaption\">Lead guitarist <a href=\"/wiki/George_Kooymans\" title=\"George Kooymans\">George Kooymans</a> in 1974</div></div></div></div></div>\n<p>In 1969, drummer <a href=\"/wiki/Cesar_Zuiderwijk\" title=\"Cesar Zuiderwijk\">Cesar Zuiderwijk</a> joined the band,<sup id=\"cite_ref-LarkinHR_6-3\" class=\"reference\"><a href=\"#cite_note-LarkinHR-6\"><span class=\"cite-bracket\">&#91;</span>6<span class=\"cite-bracket\">&#93;</span></a></sup> completing what has become Golden Earring's classic line-up. The band enjoyed brief international fame in the 1970s when the single version of \"<a href=\"/wiki/Radar_Love\" title=\"Radar Love\">Radar Love</a>\" (1973),<sup id=\"cite_ref-LarkinHR_6-4\" class=\"reference\"><a href=\"#cite_note-LarkinHR-6\"><span class=\"cite-bracket\">&#91;</span>6<span class=\"cite-bracket\">&#93;</span></a></sup> from the gold-certified album <i><a href=\"/wiki/Moontan\" title=\"Moontan\">Moontan</a></i>, became a hit in both Europe and the US.<sup id=\"cite_ref-huey_3-4\" class=\"reference\"><a href=\"#cite_note-huey-3\"><span class=\"cite-bracket\">&#91;</span>3<span class=\"cite-bracket\">&#93;</span></a></sup> Golden Earring embarked on their first major US tour in 1969–1970. Owing to American influences, their music evolved towards hard rock,<sup id=\"cite_ref-LarkinHR_6-5\" class=\"reference\"><a href=\"#cite_note-LarkinHR-6\"><span class=\"cite-bracket\">&#91;</span>6<span class=\"cite-bracket\">&#93;</span></a></sup> and they performed along with <a href=\"/wiki/Jimi_Hendrix\" title=\"Jimi Hendrix\">Jimi Hendrix</a>, <a href=\"/wiki/Led_Zeppelin\" title=\"Led Zeppelin\">Led Zeppelin</a>, <a href=\"/wiki/Procol_Harum\" title=\"Procol Harum\">Procol Harum</a>, and <a href=\"/wiki/Eric_Clapton\" title=\"Eric Clapton\">Eric Clapton</a>. Between 1969 and 1984, Golden Earring completed 13 US tours. During this period, they performed as the opening act for <a href=\"/wiki/Santana_(band)\" title=\"Santana (band)\">Santana</a>, <a href=\"/wiki/King_Crimson\" title=\"King Crimson\">King Crimson</a>, <a href=\"/wiki/The_Doobie_Brothers\" title=\"The Doobie Brothers\">the Doobie Brothers</a>, <a href=\"/wiki/Rush_(band)\" title=\"Rush (band)\">Rush</a> and <a href=\"/wiki/38_Special_(band)\" title=\"38 Special (band)\">.38 Special</a>. During 1973–74, when \"Radar Love\" was a hit, they had <a href=\"/wiki/Kiss_(band)\" title=\"Kiss (band)\">Kiss</a> and <a href=\"/wiki/Aerosmith\" title=\"Aerosmith\">Aerosmith</a> as their opening acts.\n</p><p>Golden Earring released the <i><a href=\"/wiki/Live_(Golden_Earring_album)\" title=\"Live (Golden Earring album)\">Live</a></i> album in 1977.<sup id=\"cite_ref-LarkinHR_6-6\" class=\"reference\"><a href=\"#cite_note-LarkinHR-6\"><span class=\"cite-bracket\">&#91;</span>6<span class=\"cite-bracket\">&#93;</span></a></sup> The album was recorded at London's Rainbow Theater.\n</p><p>Golden Earring enjoyed a brief period of US stardom, but were unable to secure further chart success until 1982's \"<a href=\"/wiki/Twilight_Zone_(Golden_Earring_song)\" title=\"Twilight Zone (Golden Earring song)\">Twilight Zone</a>\".<sup id=\"cite_ref-LarkinHR_6-7\" class=\"reference\"><a href=\"#cite_note-LarkinHR-6\"><span class=\"cite-bracket\">&#91;</span>6<span class=\"cite-bracket\">&#93;</span></a></sup> The music video of the song, directed by <a href=\"/wiki/Dick_Maas\" title=\"Dick Maas\">Dick Maas</a>, was played on the recently launched <a href=\"/wiki/MTV\" title=\"MTV\">MTV</a>, and helped the song to become a US hit, spending 27 weeks on the Billboard chart.<sup id=\"cite_ref-internationale_11-0\" class=\"reference\"><a href=\"#cite_note-internationale-11\"><span class=\"cite-bracket\">&#91;</span>11<span class=\"cite-bracket\">&#93;</span></a></sup>\n</p><p>\"<a href=\"/wiki/When_the_Lady_Smiles\" title=\"When the Lady Smiles\">When the Lady Smiles</a>\" became an international hit in 1984, reaching No.&#160;3 in Canada and becoming the band's fifth number one hit in their native country, but was not successful in the United States, reaching no higher than No. 76 on the US Singles Chart. The video was banned from MTV because of its \"unholy desires about a nun and a lobotomy\";<sup id=\"cite_ref-12\" class=\"reference\"><a href=\"#cite_note-12\"><span class=\"cite-bracket\">&#91;</span>12<span class=\"cite-bracket\">&#93;</span></a></sup> this was <a href=\"/wiki/Dick_Maas\" title=\"Dick Maas\">Dick Maas</a>'s second video for the band, and helped launch his career as a film director.<sup id=\"cite_ref-internationale_11-1\" class=\"reference\"><a href=\"#cite_note-internationale-11\"><span class=\"cite-bracket\">&#91;</span>11<span class=\"cite-bracket\">&#93;</span></a></sup> While touring the US in 1984, the band played at the Great Arena <a href=\"/wiki/Six_Flags_Great_Adventure\" title=\"Six Flags Great Adventure\">Six Flags Great Adventure</a> in New Jersey on May 11 and were in the midst of their performance when a fire broke out at the <a href=\"/wiki/Haunted_Castle_(Six_Flags_Great_Adventure)\" title=\"Haunted Castle (Six Flags Great Adventure)\">Haunted Castle</a> on the opposite side of the theme park, killing eight teenagers. Following this tour, Golden Earring turned their focus toward Europe where they continued to attract standing-room-only crowds. The group paused briefly after the release of <i><a href=\"/wiki/The_Hole_(album)\" title=\"The Hole (album)\">The Hole</a></i> in 1986 to focus on other projects, with Hay and Kooymans both releasing solo albums (<i>Victory of Bad Taste</i> and <i>Solo</i>, respectively) the following year. The group then reconvened to record their final album of the 1980s, releasing <i><a href=\"/wiki/Keeper_of_the_Flame_(Golden_Earring_album)\" title=\"Keeper of the Flame (Golden Earring album)\">Keeper of the Flame</a></i> in 1989.<sup id=\"cite_ref-LarkinHR_6-8\" class=\"reference\"><a href=\"#cite_note-LarkinHR-6\"><span class=\"cite-bracket\">&#91;</span>6<span class=\"cite-bracket\">&#93;</span></a></sup>\n</p>\n<div class=\"mw-heading mw-heading3\"><h3 id=\"Later_years_(1990s–2021)\"><span id=\"Later_years_.281990s.E2.80.932021.29\"></span>Later years (1990s–2021)</h3></div>\n<p>In 1991, Golden Earring had another hit in the Netherlands with \"Going to the Run\", a rock-ballad about a <a href=\"/wiki/Hells_Angels\" title=\"Hells Angels\">Hells Angels</a> motorcycle gang member who was a friend of the band and died in a crash. The Russian rock band <a href=\"/wiki/Aria_(band)\" title=\"Aria (band)\">Aria</a> made a successful cover of \"Going to the Run\" as \"Беспечный ангел\" (\"Careless Angel\"). Between 1992 and 2004, the band released three acoustic live unplugged albums, which became quick successes. The first, <i>The Naked Truth</i>, sold 450,000 copies within the first few years<sup id=\"cite_ref-13\" class=\"reference\"><a href=\"#cite_note-13\"><span class=\"cite-bracket\">&#91;</span>13<span class=\"cite-bracket\">&#93;</span></a></sup> and became the third-best selling album of 1993 in the Netherlands.<sup id=\"cite_ref-14\" class=\"reference\"><a href=\"#cite_note-14\"><span class=\"cite-bracket\">&#91;</span>14<span class=\"cite-bracket\">&#93;</span></a></sup>\n</p><p>Golden Earring celebrated their 50th anniversary in 2011, which the <a href=\"/wiki/PostNL\" title=\"PostNL\">Dutch postal service</a> honored with a stamp that contained a music link: when a smartphone with a special app is held up to the music stamp, Golden Earring's \"Radar Love\" plays.<sup id=\"cite_ref-15\" class=\"reference\"><a href=\"#cite_note-15\"><span class=\"cite-bracket\">&#91;</span>15<span class=\"cite-bracket\">&#93;</span></a></sup>\n</p><p>On 11 May 2012, the band released what was to prove to be their final studio album, <i><a href=\"/wiki/Tits_%27n_Ass\" title=\"Tits &#39;n Ass\">Tits 'n Ass</a></i>.<sup id=\"cite_ref-auto_7-1\" class=\"reference\"><a href=\"#cite_note-auto-7\"><span class=\"cite-bracket\">&#91;</span>7<span class=\"cite-bracket\">&#93;</span></a></sup>\n</p><p>On 5 February 2021, the band's manager announced to the Dutch press that the band's active career was over due to George Kooymans' serious <a href=\"/wiki/ALS\" title=\"ALS\">ALS</a> illness.<sup id=\"cite_ref-16\" class=\"reference\"><a href=\"#cite_note-16\"><span class=\"cite-bracket\">&#91;</span>16<span class=\"cite-bracket\">&#93;</span></a></sup><sup id=\"cite_ref-17\" class=\"reference\"><a href=\"#cite_note-17\"><span class=\"cite-bracket\">&#91;</span>17<span class=\"cite-bracket\">&#93;</span></a></sup>\n</p>\n<div class=\"mw-heading mw-heading3\"><h3 id=\"Reunion_and_death_of_George_Kooymans_(2025–present)\"><span id=\"Reunion_and_death_of_George_Kooymans_.282025.E2.80.93present.29\"></span>Reunion and death of George Kooymans (2025–present)</h3></div>\n<p>In January 2025, the band announced that they would play one final concert, titled \"Golden Earring: One Last Night\", at the <a href=\"/wiki/Rotterdam_Ahoy\" title=\"Rotterdam Ahoy\">Rotterdam Ahoy</a> on 30 January 2026. Due to his ALS diagnosis, Kooymans was not scheduled to play, but several famous Dutch artists were to perform with the band, and five euros from each ticket sold went to <a href=\"/wiki/ALS\" title=\"ALS\">ALS</a> research.<sup id=\"cite_ref-18\" class=\"reference\"><a href=\"#cite_note-18\"><span class=\"cite-bracket\">&#91;</span>18<span class=\"cite-bracket\">&#93;</span></a></sup><sup id=\"cite_ref-19\" class=\"reference\"><a href=\"#cite_note-19\"><span class=\"cite-bracket\">&#91;</span>19<span class=\"cite-bracket\">&#93;</span></a></sup> Because of extra demand, four more shows from 26 to 29 January were added, which also all sold out immediately.<sup id=\"cite_ref-20\" class=\"reference\"><a href=\"#cite_note-20\"><span class=\"cite-bracket\">&#91;</span>20<span class=\"cite-bracket\">&#93;</span></a></sup> \n</p><p>Kooymans died on 22 July 2025 at the age of 77.<sup id=\"cite_ref-21\" class=\"reference\"><a href=\"#cite_note-21\"><span class=\"cite-bracket\">&#91;</span>21<span class=\"cite-bracket\">&#93;</span></a></sup>\n</p>\n<div class=\"mw-heading mw-heading2\"><h2 id=\"Band_members\">Band members</h2></div>\n<div class=\"mw-heading mw-heading3\"><h3 id=\"Current_members\">Current members</h3></div>\n<ul><li><a href=\"/wiki/Rinus_Gerritsen\" title=\"Rinus Gerritsen\">Rinus Gerritsen</a> – bass, keyboards, guitar, harmonica <small>(1961–2021, 2025–present)</small></li>\n<li><a href=\"/wiki/Barry_Hay\" title=\"Barry Hay\">Barry Hay</a> – vocals, guitar, flute, saxophone <small>(1967–2021, 2025–present)</small></li>\n<li><a href=\"/wiki/Cesar_Zuiderwijk\" title=\"Cesar Zuiderwijk\">Cesar Zuiderwijk</a> – drums, percussion <small>(1970–2021, 2025–present)</small></li></ul>\n<div class=\"mw-heading mw-heading3\"><h3 id=\"Former_members\">Former members</h3></div>\n<ul><li><a href=\"/wiki/George_Kooymans\" title=\"George Kooymans\">George Kooymans</a> – guitar, vocals <small>(1961–2021; died 2025)</small></li>\n<li>Fred van der Hilst – drums, percussion <small>(1962–1965)</small></li>\n<li>Hans van Herwerden – guitar <small>(1962–1963)</small></li>\n<li>Peter de Ronde – guitar <small>(1963–1966)</small></li>\n<li>Frans Krassenburg – vocals <small>(1964–1967)</small></li>\n<li><a href=\"/wiki/Jaap_Eggermont\" title=\"Jaap Eggermont\">Jaap Eggermont</a> – drums, percussion <small>(1965–1969)</small></li>\n<li>Sieb Warner – drums, percussion <small>(1969–1970)</small></li>\n<li><a href=\"/wiki/Robert_Jan_Stips\" title=\"Robert Jan Stips\">Robert Jan Stips</a> – keyboards, synthesizers <small>(1974–1976; 1977–1978, 1980, 1982, 1986 as a session musician)</small></li>\n<li><a href=\"/wiki/Eelco_Gelling\" title=\"Eelco Gelling\">Eelco Gelling</a> – guitar <small>(1976–1978; 1973-1975 as a session musician)</small></li></ul>\n<div class=\"mw-heading mw-heading3\"><h3 id=\"Session_musicians\">Session musicians</h3></div>\n<ul><li>Bertus Borgers – saxophone <small>(1973–1976)</small></li>\n<li><a href=\"/wiki/John_Lagrand_(musician)\" title=\"John Lagrand (musician)\">John Lagrand</a> – harmonica <small>(1979)</small></li></ul>\n<div class=\"mw-heading mw-heading3\"><h3 id=\"Lineups\">Lineups</h3></div>\n<table class=\"toccolours\" border=\"1\" cellpadding=\"2\" cellspacing=\"0\" style=\"float: width: 375px; margin: 0 0 1em 1em; border-collapse: collapse; border: 1px solid #E2E2E2;\" width=\"99%\">\n\n<tbody><tr>\n<th bgcolor=\"#E7EBEE\" valign=\"top\" width=\"25%\">1961–1962\n</th>\n<th bgcolor=\"#E7EBEE\" valign=\"top\" width=\"25%\">1962–1963\n</th>\n<th bgcolor=\"#E7EBEE\" valign=\"top\" width=\"25%\">1963–1964\n</th>\n<th bgcolor=\"#E7EBEE\" valign=\"top\" width=\"25%\">1964–1965\n</th></tr>\n<tr>\n<td valign=\"top\">\n<ul><li><b><a href=\"/wiki/Rinus_Gerritsen\" title=\"Rinus Gerritsen\">Rinus Gerritsen</a></b> – bass, keyboards, guitar, harmonica</li>\n<li><b><a href=\"/wiki/George_Kooymans\" title=\"George Kooymans\">George Kooymans</a></b> – guitar, vocals</li></ul>\n</td>\n<td valign=\"top\">\n<ul><li><b>Rinus Gerritsen</b> – bass, keyboards, guitar, harmonica</li>\n<li><b>George Kooymans</b> – guitar, vocals</li>\n<li><b>Hans van Herwerden</b> – guitar</li>\n<li><b>Fred van der Hilst</b> – drums, percussion</li></ul>\n</td>\n<td valign=\"top\">\n<ul><li><b>Rinus Gerritsen</b> – bass, keyboards, guitar, harmonica</li>\n<li><b>George Kooymans</b> – guitar, vocals</li>\n<li><b>Fred van der Hilst</b> – drums, percussion</li>\n<li><b>Peter de Ronde</b> – guitar</li></ul>\n</td>\n<td valign=\"top\">\n<ul><li><b>Rinus Gerritsen</b> – bass, keyboards, guitar, harmonica</li>\n<li><b>George Kooymans</b> – guitar, vocals</li>\n<li><b>Fred van der Hilst</b> – drums, percussion</li>\n<li><b>Peter de Ronde</b> – guitar</li>\n<li><b>Frans Krassenburg</b> – vocals</li></ul>\n</td></tr>\n<tr>\n<th bgcolor=\"#E7EBEE\" valign=\"top\" width=\"25%\">1965–1966\n</th>\n<th bgcolor=\"#E7EBEE\" valign=\"top\" width=\"25%\">1966–1967\n</th>\n<th bgcolor=\"#E7EBEE\" valign=\"top\" width=\"25%\">1967–1969\n</th>\n<th bgcolor=\"#E7EBEE\" valign=\"top\" width=\"25%\">1969–1970\n</th></tr>\n<tr>\n<td valign=\"top\">\n<ul><li><b>Rinus Gerritsen</b> – bass, keyboards, guitar, harmonica</li>\n<li><b>George Kooymans</b> – guitar, vocals</li>\n<li><b>Peter de Ronde</b> – guitar</li>\n<li><b>Frans Krassenburg</b> – vocals</li>\n<li><b><a href=\"/wiki/Jaap_Eggermont\" title=\"Jaap Eggermont\">Jaap Eggermont</a></b> – drums, percussion</li></ul>\n</td>\n<td valign=\"top\">\n<ul><li><b>Rinus Gerritsen</b> – bass, keyboards, guitar, harmonica</li>\n<li><b>George Kooymans</b> – guitar, vocals</li>\n<li><b>Frans Krassenburg</b> – vocals</li>\n<li><b>Jaap Eggermont</b> – drums, percussion</li></ul>\n</td>\n<td valign=\"top\">\n<ul><li><b>Rinus Gerritsen</b> – bass, keyboards, guitar, harmonica</li>\n<li><b>George Kooymans</b> – guitar, vocals</li>\n<li><b>Jaap Eggermont</b> – drums, percussion</li>\n<li><b><a href=\"/wiki/Barry_Hay\" title=\"Barry Hay\">Barry Hay</a></b> – vocals, guitar, flute, saxophone</li></ul>\n</td>\n<td valign=\"top\">\n<ul><li><b>Rinus Gerritsen</b> – bass, keyboards, guitar, harmonica</li>\n<li><b>George Kooymans</b> – guitar, vocals</li>\n<li><b>Barry Hay</b> – vocals, guitar, flute, saxophone</li>\n<li><b>Sieb Warner</b> – drums, percussion</li></ul>\n</td></tr>\n<tr>\n<th bgcolor=\"#E7EBEE\" valign=\"top\" width=\"25%\">1970–1974\n</th>\n<th bgcolor=\"#E7EBEE\" valign=\"top\" width=\"25%\">1974–1975\n</th>\n<th bgcolor=\"#E7EBEE\" valign=\"top\" width=\"25%\">1975–1978\n</th>\n<th bgcolor=\"#E7EBEE\" valign=\"top\" width=\"25%\">1978–2021\n</th></tr>\n<tr>\n<td valign=\"top\">\n<ul><li><b>Rinus Gerritsen</b> – bass, keyboards, guitar, harmonica</li>\n<li><b>George Kooymans</b> – guitar, vocals</li>\n<li><b>Barry Hay</b> – vocals, guitar, flute, saxophone</li>\n<li><b><a href=\"/wiki/Cesar_Zuiderwijk\" title=\"Cesar Zuiderwijk\">Cesar Zuiderwijk</a></b> – drums, percussion</li></ul>\n</td>\n<td valign=\"top\">\n<ul><li><b>Rinus Gerritsen</b> – bass, keyboards, guitar, harmonica</li>\n<li><b>George Kooymans</b> – guitar, vocals</li>\n<li><b>Barry Hay</b> – vocals, guitar, flute, saxophone</li>\n<li><b>Cesar Zuiderwijk</b> – drums, percussion</li>\n<li><b><a href=\"/wiki/Robert_Jan_Stips\" title=\"Robert Jan Stips\">Robert Jan Stips</a></b> – keyboards, synthesizers</li></ul>\n</td>\n<td valign=\"top\">\n<ul><li><b>Rinus Gerritsen</b> – bass, keyboards, guitar, harmonica</li>\n<li><b>George Kooymans</b> – guitar, vocals</li>\n<li><b>Barry Hay</b> – vocals, guitar, flute, saxophone</li>\n<li><b>Cesar Zuiderwijk</b> – drums, percussion</li>\n<li><b>Eelco Gelling</b> – guitar</li></ul>\n</td>\n<td valign=\"top\">\n<ul><li><b>Rinus Gerritsen</b> – bass, keyboards, guitar, harmonica</li>\n<li><b>George Kooymans</b> – guitar, vocals</li>\n<li><b>Barry Hay</b> – vocals, guitar, flute, saxophone</li>\n<li><b>Cesar Zuiderwijk</b> – drums, percussion</li></ul>\n</td></tr></tbody></table>\n<div class=\"mw-heading mw-heading3\"><h3 id=\"Timeline\">Timeline</h3></div>\n<div class=\"timeline-wrapper\"><map name=\"timeline_6hpo6z003blbkic1pr64wzum944z86o\"></map><img usemap=\"#timeline_6hpo6z003blbkic1pr64wzum944z86o\" src=\"//upload.wikimedia.org/wikipedia/en/timeline/6hpo6z003blbkic1pr64wzum944z86o.png\" /></div>\n<div class=\"mw-heading mw-heading2\"><h2 id=\"Discography\">Discography</h2></div>\n<link rel=\"mw-deduplicated-inline-style\" href=\"mw-data:TemplateStyles:r1236090951\" /><div role=\"note\" class=\"hatnote navigation-not-searchable\">Main article: <a href=\"/wiki/Golden_Earring_discography\" title=\"Golden Earring discography\">Golden Earring discography</a></div>\n<style data-mw-deduplicate=\"TemplateStyles:r1184024115\">.mw-parser-output .div-col{margin-top:0.3em;column-width:30em}.mw-parser-output .div-col-small{font-size:90%}.mw-parser-output .div-col-rules{column-rule:1px solid #aaa}.mw-parser-output .div-col dl,.mw-parser-output .div-col ol,.mw-parser-output .div-col ul{margin-top:0}.mw-parser-output .div-col li,.mw-parser-output .div-col dd{page-break-inside:avoid;break-inside:avoid-column}</style><div class=\"div-col\" style=\"column-width: 20em;\">\n<ul><li><i><a href=\"/wiki/Just_Ear-rings\" title=\"Just Ear-rings\">Just Ear-rings</a></i> (1965)</li>\n<li><i><a href=\"/wiki/Winter-Harvest\" title=\"Winter-Harvest\">Winter-Harvest</a></i> (1967)</li>\n<li><i><a href=\"/wiki/Miracle_Mirror\" title=\"Miracle Mirror\">Miracle Mirror</a></i> (1968)</li>\n<li><i><a href=\"/wiki/On_the_Double_(album)\" title=\"On the Double (album)\">On the Double</a></i> (1969)</li>\n<li><i><a href=\"/wiki/Eight_Miles_High_(album)\" title=\"Eight Miles High (album)\">Eight Miles High</a></i> (1969)</li>\n<li><i><a href=\"/wiki/Golden_Earring_(album)\" title=\"Golden Earring (album)\">Golden Earring</a></i> (1970)</li>\n<li><i><a href=\"/wiki/Seven_Tears\" title=\"Seven Tears\">Seven Tears</a></i> (1971)</li>\n<li><i><a href=\"/wiki/Together_(Golden_Earring_album)\" title=\"Together (Golden Earring album)\">Together</a></i> (1972)</li>\n<li><i><a href=\"/wiki/Moontan\" title=\"Moontan\">Moontan</a></i> (1973)</li>\n<li><i><a href=\"/wiki/Switch_(Golden_Earring_album)\" title=\"Switch (Golden Earring album)\">Switch</a></i> (1975)</li>\n<li><i><a href=\"/wiki/To_the_Hilt_(album)\" title=\"To the Hilt (album)\">To the Hilt</a></i> (1976)</li>\n<li><i><a href=\"/wiki/Contraband_(Golden_Earring_album)\" title=\"Contraband (Golden Earring album)\">Contraband</a></i> (1976)</li>\n<li><i><a href=\"/wiki/Grab_It_for_a_Second\" title=\"Grab It for a Second\">Grab It for a Second</a></i> (1978)</li>\n<li><i><a href=\"/wiki/No_Promises...No_Debts\" title=\"No Promises...No Debts\">No Promises...No Debts</a></i> (1979)</li>\n<li><i><a href=\"/wiki/Prisoner_of_the_Night\" title=\"Prisoner of the Night\">Prisoner of the Night</a></i> (1980)</li>\n<li><i><a href=\"/wiki/Cut_(Golden_Earring_album)\" title=\"Cut (Golden Earring album)\">Cut</a></i> (1982)</li>\n<li><i><a href=\"/wiki/N.E.W.S._(Golden_Earring_album)\" title=\"N.E.W.S. (Golden Earring album)\">N.E.W.S.</a></i> (1984)</li>\n<li><i><a href=\"/wiki/The_Hole_(album)\" title=\"The Hole (album)\">The Hole</a></i> (1986)</li>\n<li><i><a href=\"/wiki/Keeper_of_the_Flame_(Golden_Earring_album)\" title=\"Keeper of the Flame (Golden Earring album)\">Keeper of the Flame</a></i> (1989)</li>\n<li><i><a href=\"/wiki/Bloody_Buccaneers\" title=\"Bloody Buccaneers\">Bloody Buccaneers</a></i> (1991)</li>\n<li><i><a href=\"/wiki/Face_It_(album)\" title=\"Face It (album)\">Face It</a></i> (1994)</li>\n<li><i><a href=\"/wiki/Love_Sweat\" title=\"Love Sweat\">Love Sweat</a></i> (1995)</li>\n<li><i><a href=\"/wiki/Paradise_in_Distress\" title=\"Paradise in Distress\">Paradise in Distress</a></i> (1999)</li>\n<li><i><a href=\"/wiki/Millbrook_U.S.A.\" title=\"Millbrook U.S.A.\">Millbrook U.S.A.</a></i> (2003)</li>\n<li><i><a href=\"/wiki/Tits_%27n_Ass\" title=\"Tits &#39;n Ass\">Tits 'n Ass</a></i> (2012)</li>\n<li><i>The Hague</i> (EP) (2015)</li></ul>\n</div>\n<div class=\"mw-heading mw-heading2\"><h2 id=\"References\">References</h2></div>\n<style data-mw-deduplicate=\"TemplateStyles:r1239543626\">.mw-parser-output .reflist{margin-bottom:0.5em;list-style-type:decimal}@media screen{.mw-parser-output .reflist{font-size:90%}}.mw-parser-output .reflist .references{font-size:100%;margin-bottom:0;list-style-type:inherit}.mw-parser-output .reflist-columns-2{column-width:30em}.mw-parser-output .reflist-columns-3{column-width:25em}.mw-parser-output .reflist-columns{margin-top:0.3em}.mw-parser-output .reflist-columns ol{margin-top:0}.mw-parser-output .reflist-columns li{page-break-inside:avoid;break-inside:avoid-column}.mw-parser-output .reflist-upper-alpha{list-style-type:upper-alpha}.mw-parser-output .reflist-upper-roman{list-style-type:upper-roman}.mw-parser-output .reflist-lower-alpha{list-style-type:lower-alpha}.mw-parser-output .reflist-lower-greek{list-style-type:lower-greek}.mw-parser-output .reflist-lower-roman{list-style-type:lower-roman}</style><div class=\"reflist\">\n<div class=\"mw-references-wrap mw-references-columns\"><ol class=\"references\">\n<li id=\"cite_note-1\"><span class=\"mw-cite-backlink\"><b><a href=\"#cite_ref-1\">^</a></b></span> <span class=\"reference-text\"><style data-mw-deduplicate=\"TemplateStyles:r1238218222\">.mw-parser-output cite.citation{font-style:inherit;word-wrap:break-word}.mw-parser-output .citation q{quotes:\"\\\"\"\"\\\"\"\"'\"\"'\"}.mw-parser-output .citation:target{background-color:rgba(0,127,255,0.133)}.mw-parser-output .id-lock-free.id-lock-free a{background:url(\"//upload.wikimedia.org/wikipedia/commons/6/65/Lock-green.svg\")right 0.1em center/9px no-repeat}.mw-parser-output .id-lock-limited.id-lock-limited a,.mw-parser-output .id-lock-registration.id-lock-registration a{background:url(\"//upload.wikimedia.org/wikipedia/commons/d/d6/Lock-gray-alt-2.svg\")right 0.1em center/9px no-repeat}.mw-parser-output .id-lock-subscription.id-lock-subscription a{background:url(\"//upload.wikimedia.org/wikipedia/commons/a/aa/Lock-red-alt-2.svg\")right 0.1em center/9px no-repeat}.mw-parser-output .cs1-ws-icon a{background:url(\"//upload.wikimedia.org/wikipedia/commons/4/4c/Wikisource-logo.svg\")right 0.1em center/12px no-repeat}body:not(.skin-timeless):not(.skin-minerva) .mw-parser-output .id-lock-free a,body:not(.skin-timeless):not(.skin-minerva) .mw-parser-output .id-lock-limited a,body:not(.skin-timeless):not(.skin-minerva) .mw-parser-output .id-lock-registration a,body:not(.skin-timeless):not(.skin-minerva) .mw-parser-output .id-lock-subscription a,body:not(.skin-timeless):not(.skin-minerva) .mw-parser-output .cs1-ws-icon a{background-size:contain;padding:0 1em 0 0}.mw-parser-output .cs1-code{color:inherit;background:inherit;border:none;padding:inherit}.mw-parser-output .cs1-hidden-error{display:none;color:var(--color-error,#d33)}.mw-parser-output .cs1-visible-error{color:var(--color-error,#d33)}.mw-parser-output .cs1-maint{display:none;color:#085;margin-left:0.3em}.mw-parser-output .cs1-kern-left{padding-left:0.2em}.mw-parser-output .cs1-kern-right{padding-right:0.2em}.mw-parser-output .citation .mw-selflink{font-weight:inherit}@media screen{.mw-parser-output .cs1-format{font-size:95%}html.skin-theme-clientpref-night .mw-parser-output .cs1-maint{color:#18911f}}@media screen and (prefers-color-scheme:dark){html.skin-theme-clientpref-os .mw-parser-output .cs1-maint{color:#18911f}}</style><cite class=\"citation web cs1\"><a rel=\"nofollow\" class=\"external text\" href=\"https://www.progarchives.com/artist.asp?id=4256\">\"GOLDEN EARRING\"</a>. <i>Progarchives.com</i><span class=\"reference-accessdate\">. Retrieved <span class=\"nowrap\">31 January</span> 2023</span>.</cite><span title=\"ctx_ver=Z39.88-2004&amp;rft_val_fmt=info%3Aofi%2Ffmt%3Akev%3Amtx%3Ajournal&amp;rft.genre=unknown&amp;rft.jtitle=Progarchives.com&amp;rft.atitle=GOLDEN+EARRING&amp;rft_id=https%3A%2F%2Fwww.progarchives.com%2Fartist.asp%3Fid%3D4256&amp;rfr_id=info%3Asid%2Fen.wikipedia.org%3AGolden+Earring\" class=\"Z3988\"></span></span>\n</li>\n<li id=\"cite_note-loudersound.com-2\"><span class=\"mw-cite-backlink\"><b><a href=\"#cite_ref-loudersound.com_2-0\">^</a></b></span> <span class=\"reference-text\"><link rel=\"mw-deduplicated-inline-style\" href=\"mw-data:TemplateStyles:r1238218222\" /><cite id=\"CITEREFDome2014\" class=\"citation web cs1\">Dome, Malcolm (28 October 2014). <a rel=\"nofollow\" class=\"external text\" href=\"https://www.loudersound.com/features/it-s-prog-jim-49\">\"It's Prog Jim, But Not As We Know It: Golden Earring\"</a>. <i>louder</i><span class=\"reference-accessdate\">. Retrieved <span class=\"nowrap\">31 January</span> 2023</span>.</cite><span title=\"ctx_ver=Z39.88-2004&amp;rft_val_fmt=info%3Aofi%2Ffmt%3Akev%3Amtx%3Ajournal&amp;rft.genre=unknown&amp;rft.jtitle=louder&amp;rft.atitle=It%27s+Prog+Jim%2C+But+Not+As+We+Know+It%3A+Golden+Earring&amp;rft.date=2014-10-28&amp;rft.aulast=Dome&amp;rft.aufirst=Malcolm&amp;rft_id=https%3A%2F%2Fwww.loudersound.com%2Ffeatures%2Fit-s-prog-jim-49&amp;rfr_id=info%3Asid%2Fen.wikipedia.org%3AGolden+Earring\" class=\"Z3988\"></span></span>\n</li>\n<li id=\"cite_note-huey-3\"><span class=\"mw-cite-backlink\">^ <a href=\"#cite_ref-huey_3-0\"><sup><i><b>a</b></i></sup></a> <a href=\"#cite_ref-huey_3-1\"><sup><i><b>b</b></i></sup></a> <a href=\"#cite_ref-huey_3-2\"><sup><i><b>c</b></i></sup></a> <a href=\"#cite_ref-huey_3-3\"><sup><i><b>d</b></i></sup></a> <a href=\"#cite_ref-huey_3-4\"><sup><i><b>e</b></i></sup></a></span> <span class=\"reference-text\"><link rel=\"mw-deduplicated-inline-style\" href=\"mw-data:TemplateStyles:r1238218222\" /><cite id=\"CITEREFHuey\" class=\"citation web cs1\">Huey, Steve. <a rel=\"nofollow\" class=\"external text\" href=\"http://www.allmusic.com/artist/golden-earring-mn0000669303/biography\">\"Golden Earring Biography\"</a>. <a href=\"/wiki/AllMusic\" title=\"AllMusic\">AllMusic</a><span class=\"reference-accessdate\">. Retrieved <span class=\"nowrap\">28 July</span> 2015</span>.</cite><span title=\"ctx_ver=Z39.88-2004&amp;rft_val_fmt=info%3Aofi%2Ffmt%3Akev%3Amtx%3Abook&amp;rft.genre=unknown&amp;rft.btitle=Golden+Earring+Biography&amp;rft.pub=AllMusic&amp;rft.aulast=Huey&amp;rft.aufirst=Steve&amp;rft_id=http%3A%2F%2Fwww.allmusic.com%2Fartist%2Fgolden-earring-mn0000669303%2Fbiography&amp;rfr_id=info%3Asid%2Fen.wikipedia.org%3AGolden+Earring\" class=\"Z3988\"></span></span>\n</li>\n<li id=\"cite_note-4\"><span class=\"mw-cite-backlink\"><b><a href=\"#cite_ref-4\">^</a></b></span> <span class=\"reference-text\"><i>US-Singles: Joel Whitburn's Top Pop Singles 1955–2006</i>. Billboard Books, New York 2007, <link rel=\"mw-deduplicated-inline-style\" href=\"mw-data:TemplateStyles:r1238218222\" /><a href=\"/wiki/ISBN_(identifier)\" class=\"mw-redirect\" title=\"ISBN (identifier)\">ISBN</a>&#160;<a href=\"/wiki/Special:BookSources/0-89820-172-1\" title=\"Special:BookSources/0-89820-172-1\"><bdi>0-89820-172-1</bdi></a> / <i>US-Alben: The Billboard Albums von Joel Whitburn</i>, 6th Edition, Record Research 2006, <link rel=\"mw-deduplicated-inline-style\" href=\"mw-data:TemplateStyles:r1238218222\" /><a href=\"/wiki/ISBN_(identifier)\" class=\"mw-redirect\" title=\"ISBN (identifier)\">ISBN</a>&#160;<a href=\"/wiki/Special:BookSources/0-89820-166-7\" title=\"Special:BookSources/0-89820-166-7\"><bdi>0-89820-166-7</bdi></a></span>\n</li>\n<li id=\"cite_note-5\"><span class=\"mw-cite-backlink\"><b><a href=\"#cite_ref-5\">^</a></b></span> <span class=\"reference-text\"><link rel=\"mw-deduplicated-inline-style\" href=\"mw-data:TemplateStyles:r1238218222\" /><cite class=\"citation web cs1 cs1-prop-foreign-lang-source\"><a rel=\"nofollow\" class=\"external text\" href=\"https://www.vrt.be/vrtnws/nl/2021/02/05/rockband-golden-earring-stopt-ermee-door-ziekte-van-bandlid-geor/\">\"Rockband Golden Earring stopt ermee door ziekte van bandlid George Kooymans\"</a>. <i>Vrtnws.be</i> (in Dutch). 2021-02-05<span class=\"reference-accessdate\">. Retrieved <span class=\"nowrap\">2025-01-28</span></span>.</cite><span title=\"ctx_ver=Z39.88-2004&amp;rft_val_fmt=info%3Aofi%2Ffmt%3Akev%3Amtx%3Ajournal&amp;rft.genre=unknown&amp;rft.jtitle=Vrtnws.be&amp;rft.atitle=Rockband+Golden+Earring+stopt+ermee+door+ziekte+van+bandlid+George+Kooymans&amp;rft.date=2021-02-05&amp;rft_id=https%3A%2F%2Fwww.vrt.be%2Fvrtnws%2Fnl%2F2021%2F02%2F05%2Frockband-golden-earring-stopt-ermee-door-ziekte-van-bandlid-geor%2F&amp;rfr_id=info%3Asid%2Fen.wikipedia.org%3AGolden+Earring\" class=\"Z3988\"></span></span>\n</li>\n<li id=\"cite_note-LarkinHR-6\"><span class=\"mw-cite-backlink\">^ <a href=\"#cite_ref-LarkinHR_6-0\"><sup><i><b>a</b></i></sup></a> <a href=\"#cite_ref-LarkinHR_6-1\"><sup><i><b>b</b></i></sup></a> <a href=\"#cite_ref-LarkinHR_6-2\"><sup><i><b>c</b></i></sup></a> <a href=\"#cite_ref-LarkinHR_6-3\"><sup><i><b>d</b></i></sup></a> <a href=\"#cite_ref-LarkinHR_6-4\"><sup><i><b>e</b></i></sup></a> <a href=\"#cite_ref-LarkinHR_6-5\"><sup><i><b>f</b></i></sup></a> <a href=\"#cite_ref-LarkinHR_6-6\"><sup><i><b>g</b></i></sup></a> <a href=\"#cite_ref-LarkinHR_6-7\"><sup><i><b>h</b></i></sup></a> <a href=\"#cite_ref-LarkinHR_6-8\"><sup><i><b>i</b></i></sup></a></span> <span class=\"reference-text\"><link rel=\"mw-deduplicated-inline-style\" href=\"mw-data:TemplateStyles:r1238218222\" /><cite id=\"CITEREFColin_Larkin1999\" class=\"citation book cs1\"><a href=\"/wiki/Colin_Larkin_(writer)\" class=\"mw-redirect\" title=\"Colin Larkin (writer)\">Colin Larkin</a>, ed. (1999). <i><a href=\"/wiki/Encyclopedia_of_Popular_Music\" class=\"mw-redirect\" title=\"Encyclopedia of Popular Music\">The Virgin Encyclopedia of Heavy Rock</a></i> (First&#160;ed.). <a href=\"/wiki/Virgin_Books\" title=\"Virgin Books\">Virgin Books</a>. pp.&#160;187/8. <a href=\"/wiki/ISBN_(identifier)\" class=\"mw-redirect\" title=\"ISBN (identifier)\">ISBN</a>&#160;<a href=\"/wiki/Special:BookSources/0-7535-0257-7\" title=\"Special:BookSources/0-7535-0257-7\"><bdi>0-7535-0257-7</bdi></a>.</cite><span title=\"ctx_ver=Z39.88-2004&amp;rft_val_fmt=info%3Aofi%2Ffmt%3Akev%3Amtx%3Abook&amp;rft.genre=book&amp;rft.btitle=The+Virgin+Encyclopedia+of+Heavy+Rock&amp;rft.pages=187%2F8&amp;rft.edition=First&amp;rft.pub=Virgin+Books&amp;rft.date=1999&amp;rft.isbn=0-7535-0257-7&amp;rfr_id=info%3Asid%2Fen.wikipedia.org%3AGolden+Earring\" class=\"Z3988\"></span></span>\n</li>\n<li id=\"cite_note-auto-7\"><span class=\"mw-cite-backlink\">^ <a href=\"#cite_ref-auto_7-0\"><sup><i><b>a</b></i></sup></a> <a href=\"#cite_ref-auto_7-1\"><sup><i><b>b</b></i></sup></a></span> <span class=\"reference-text\"><link rel=\"mw-deduplicated-inline-style\" href=\"mw-data:TemplateStyles:r1238218222\" /><cite class=\"citation web cs1\"><a rel=\"nofollow\" class=\"external text\" href=\"https://www.slagwerkkrant.nl/nieuws/artikel/2-25186/golden-earring-na-zestig-jaar-gedwongen-om-te-stoppen\">\"Golden Earring na zestig jaar gedwongen om te stoppen\"</a>. <i>Slagwerkkrant.nl</i><span class=\"reference-accessdate\">. Retrieved <span class=\"nowrap\">2025-01-28</span></span>.</cite><span title=\"ctx_ver=Z39.88-2004&amp;rft_val_fmt=info%3Aofi%2Ffmt%3Akev%3Amtx%3Ajournal&amp;rft.genre=unknown&amp;rft.jtitle=Slagwerkkrant.nl&amp;rft.atitle=Golden+Earring+na+zestig+jaar+gedwongen+om+te+stoppen&amp;rft_id=https%3A%2F%2Fwww.slagwerkkrant.nl%2Fnieuws%2Fartikel%2F2-25186%2Fgolden-earring-na-zestig-jaar-gedwongen-om-te-stoppen&amp;rfr_id=info%3Asid%2Fen.wikipedia.org%3AGolden+Earring\" class=\"Z3988\"></span></span>\n</li>\n<li id=\"cite_note-8\"><span class=\"mw-cite-backlink\"><b><a href=\"#cite_ref-8\">^</a></b></span> <span class=\"reference-text\"><link rel=\"mw-deduplicated-inline-style\" href=\"mw-data:TemplateStyles:r1238218222\" /><cite class=\"citation web cs1 cs1-prop-foreign-lang-source\"><a rel=\"nofollow\" class=\"external text\" href=\"https://www.top40.nl/binnen-bij-nieuws-toen-op-1-dong-dong-di-ki-di-gi-dong\">\"Toen Op 1: Dong-Dong-Di-Ki-Di-Gi-Dong | Top 40-nieuws\"</a>. <i>Top40.nl</i> (in Dutch)<span class=\"reference-accessdate\">. Retrieved <span class=\"nowrap\">2025-01-28</span></span>.</cite><span title=\"ctx_ver=Z39.88-2004&amp;rft_val_fmt=info%3Aofi%2Ffmt%3Akev%3Amtx%3Ajournal&amp;rft.genre=unknown&amp;rft.jtitle=Top40.nl&amp;rft.atitle=Toen+Op+1%3A+Dong-Dong-Di-Ki-Di-Gi-Dong+%7C+Top+40-nieuws&amp;rft_id=https%3A%2F%2Fwww.top40.nl%2Fbinnen-bij-nieuws-toen-op-1-dong-dong-di-ki-di-gi-dong&amp;rfr_id=info%3Asid%2Fen.wikipedia.org%3AGolden+Earring\" class=\"Z3988\"></span></span>\n</li>\n<li id=\"cite_note-9\"><span class=\"mw-cite-backlink\"><b><a href=\"#cite_ref-9\">^</a></b></span> <span class=\"reference-text\"><link rel=\"mw-deduplicated-inline-style\" href=\"mw-data:TemplateStyles:r1238218222\" /><cite id=\"CITEREFSteenmeijer2017\" class=\"citation book cs1\">Steenmeijer, Maarten (2017). \"Before and After: Golden Earring Before and After the 'Dutch Invasion'<span class=\"cs1-kern-right\"></span>\". In Mutsaers, Lutgard; Keunen, Gert (eds.). <a rel=\"nofollow\" class=\"external text\" href=\"https://books.google.com/books?id=TqU5DwAAQBAJ&amp;pg=PT219\"><i>Made in the Low Countries: Studies in Popular Music</i></a>. Routledge Global Popular Music Series. Routledge. p.&#160;219. <a href=\"/wiki/ISBN_(identifier)\" class=\"mw-redirect\" title=\"ISBN (identifier)\">ISBN</a>&#160;<a href=\"/wiki/Special:BookSources/9781317417941\" title=\"Special:BookSources/9781317417941\"><bdi>9781317417941</bdi></a>.</cite><span title=\"ctx_ver=Z39.88-2004&amp;rft_val_fmt=info%3Aofi%2Ffmt%3Akev%3Amtx%3Abook&amp;rft.genre=bookitem&amp;rft.atitle=Before+and+After%3A+Golden+Earring+Before+and+After+the+%27Dutch+Invasion%27&amp;rft.btitle=Made+in+the+Low+Countries%3A+Studies+in+Popular+Music&amp;rft.series=Routledge+Global+Popular+Music+Series&amp;rft.pages=219&amp;rft.pub=Routledge&amp;rft.date=2017&amp;rft.isbn=9781317417941&amp;rft.aulast=Steenmeijer&amp;rft.aufirst=Maarten&amp;rft_id=https%3A%2F%2Fbooks.google.com%2Fbooks%3Fid%3DTqU5DwAAQBAJ%26pg%3DPT219&amp;rfr_id=info%3Asid%2Fen.wikipedia.org%3AGolden+Earring\" class=\"Z3988\"></span></span>\n</li>\n<li id=\"cite_note-10\"><span class=\"mw-cite-backlink\"><b><a href=\"#cite_ref-10\">^</a></b></span> <span class=\"reference-text\"><link rel=\"mw-deduplicated-inline-style\" href=\"mw-data:TemplateStyles:r1238218222\" /><cite class=\"citation web cs1 cs1-prop-foreign-lang-source\"><a rel=\"nofollow\" class=\"external text\" href=\"https://www.top40.nl/nieuws-nieuws-vandaag-in-1970-grootste-hit-golden-earring-komt-binnen\">\"Vandaag in 1970: grootste hit Golden Earring komt binnen\"</a>. <i>Top40.nl</i> (in Dutch)<span class=\"reference-accessdate\">. Retrieved <span class=\"nowrap\">2025-01-28</span></span>.</cite><span title=\"ctx_ver=Z39.88-2004&amp;rft_val_fmt=info%3Aofi%2Ffmt%3Akev%3Amtx%3Ajournal&amp;rft.genre=unknown&amp;rft.jtitle=Top40.nl&amp;rft.atitle=Vandaag+in+1970%3A+grootste+hit+Golden+Earring+komt+binnen&amp;rft_id=https%3A%2F%2Fwww.top40.nl%2Fnieuws-nieuws-vandaag-in-1970-grootste-hit-golden-earring-komt-binnen&amp;rfr_id=info%3Asid%2Fen.wikipedia.org%3AGolden+Earring\" class=\"Z3988\"></span></span>\n</li>\n<li id=\"cite_note-internationale-11\"><span class=\"mw-cite-backlink\">^ <a href=\"#cite_ref-internationale_11-0\"><sup><i><b>a</b></i></sup></a> <a href=\"#cite_ref-internationale_11-1\"><sup><i><b>b</b></i></sup></a></span> <span class=\"reference-text\"><link rel=\"mw-deduplicated-inline-style\" href=\"mw-data:TemplateStyles:r1238218222\" /><cite class=\"citation news cs1\"><a rel=\"nofollow\" class=\"external text\" href=\"https://www.nu.nl/muziek/6114669/het-internationale-succes-van-golden-earring-van-nummer-1-tot-gebande-clip.html\">\"Het internationale succes van Golden Earring: van nummer 1 tot gebande clip\"</a>. <i>NU.nl</i>. 5 February 2021<span class=\"reference-accessdate\">. Retrieved <span class=\"nowrap\">8 November</span> 2021</span>.</cite><span title=\"ctx_ver=Z39.88-2004&amp;rft_val_fmt=info%3Aofi%2Ffmt%3Akev%3Amtx%3Ajournal&amp;rft.genre=article&amp;rft.jtitle=NU.nl&amp;rft.atitle=Het+internationale+succes+van+Golden+Earring%3A+van+nummer+1+tot+gebande+clip&amp;rft.date=2021-02-05&amp;rft_id=https%3A%2F%2Fwww.nu.nl%2Fmuziek%2F6114669%2Fhet-internationale-succes-van-golden-earring-van-nummer-1-tot-gebande-clip.html&amp;rfr_id=info%3Asid%2Fen.wikipedia.org%3AGolden+Earring\" class=\"Z3988\"></span></span>\n</li>\n<li id=\"cite_note-12\"><span class=\"mw-cite-backlink\"><b><a href=\"#cite_ref-12\">^</a></b></span> <span class=\"reference-text\"><link rel=\"mw-deduplicated-inline-style\" href=\"mw-data:TemplateStyles:r1238218222\" /><cite id=\"CITEREFWuench2015\" class=\"citation news cs1\">Wuench, Kevin (12 June 2015). <a rel=\"nofollow\" class=\"external text\" href=\"https://www.tampabay.com/nothing-to-smile-about-in-this-truly-odd-golden-earring-video/2213316/\">\"Nothing to smile about in this truly odd Golden Earring video\"</a>. <i><a href=\"/wiki/Tampa_Bay_Times\" title=\"Tampa Bay Times\">Tampa Bay Times</a></i><span class=\"reference-accessdate\">. Retrieved <span class=\"nowrap\">8 November</span> 2021</span>.</cite><span title=\"ctx_ver=Z39.88-2004&amp;rft_val_fmt=info%3Aofi%2Ffmt%3Akev%3Amtx%3Ajournal&amp;rft.genre=article&amp;rft.jtitle=Tampa+Bay+Times&amp;rft.atitle=Nothing+to+smile+about+in+this+truly+odd+Golden+Earring+video&amp;rft.date=2015-06-12&amp;rft.aulast=Wuench&amp;rft.aufirst=Kevin&amp;rft_id=https%3A%2F%2Fwww.tampabay.com%2Fnothing-to-smile-about-in-this-truly-odd-golden-earring-video%2F2213316%2F&amp;rfr_id=info%3Asid%2Fen.wikipedia.org%3AGolden+Earring\" class=\"Z3988\"></span></span>\n</li>\n<li id=\"cite_note-13\"><span class=\"mw-cite-backlink\"><b><a href=\"#cite_ref-13\">^</a></b></span> <span class=\"reference-text\"><link rel=\"mw-deduplicated-inline-style\" href=\"mw-data:TemplateStyles:r1238218222\" /><cite class=\"citation web cs1 cs1-prop-foreign-lang-source\"><a rel=\"nofollow\" class=\"external text\" href=\"https://www.bluesmagazine.nl/the-dutch-iconic-blues-albums-the-golden-earring-naked-truth/\">\"The Dutch Iconic blues albums: The Golden Earring - Naked Truth\"</a>. <i>Bluesmagazine.nl</i> (in Dutch). 2024-03-29<span class=\"reference-accessdate\">. Retrieved <span class=\"nowrap\">2025-01-28</span></span>.</cite><span title=\"ctx_ver=Z39.88-2004&amp;rft_val_fmt=info%3Aofi%2Ffmt%3Akev%3Amtx%3Ajournal&amp;rft.genre=unknown&amp;rft.jtitle=Bluesmagazine.nl&amp;rft.atitle=The+Dutch+Iconic+blues+albums%3A+The+Golden+Earring+-+Naked+Truth&amp;rft.date=2024-03-29&amp;rft_id=https%3A%2F%2Fwww.bluesmagazine.nl%2Fthe-dutch-iconic-blues-albums-the-golden-earring-naked-truth%2F&amp;rfr_id=info%3Asid%2Fen.wikipedia.org%3AGolden+Earring\" class=\"Z3988\"></span></span>\n</li>\n<li id=\"cite_note-14\"><span class=\"mw-cite-backlink\"><b><a href=\"#cite_ref-14\">^</a></b></span> <span class=\"reference-text\"><link rel=\"mw-deduplicated-inline-style\" href=\"mw-data:TemplateStyles:r1238218222\" /><cite class=\"citation web cs1\"><a rel=\"nofollow\" class=\"external text\" href=\"https://dutchcharts.nl/jaaroverzichten.asp?year=1993&amp;cat=a\">\"JAAROVERZICHTEN - Album 1993\"</a>. <i>dutchcharts.nl</i><span class=\"reference-accessdate\">. Retrieved <span class=\"nowrap\">2025-01-28</span></span>.</cite><span title=\"ctx_ver=Z39.88-2004&amp;rft_val_fmt=info%3Aofi%2Ffmt%3Akev%3Amtx%3Ajournal&amp;rft.genre=unknown&amp;rft.jtitle=dutchcharts.nl&amp;rft.atitle=JAAROVERZICHTEN+-+Album+1993&amp;rft_id=https%3A%2F%2Fdutchcharts.nl%2Fjaaroverzichten.asp%3Fyear%3D1993%26cat%3Da&amp;rfr_id=info%3Asid%2Fen.wikipedia.org%3AGolden+Earring\" class=\"Z3988\"></span></span>\n</li>\n<li id=\"cite_note-15\"><span class=\"mw-cite-backlink\"><b><a href=\"#cite_ref-15\">^</a></b></span> <span class=\"reference-text\"><link rel=\"mw-deduplicated-inline-style\" href=\"mw-data:TemplateStyles:r1238218222\" /><cite class=\"citation web cs1 cs1-prop-foreign-lang-source\"><a rel=\"nofollow\" class=\"external text\" href=\"http://www.westonline.nl/nieuws/postzegel-voor-golden-earring\">\"Postzegel voor de Golden Earring\"</a>. <i>Westonline.nl</i> (in Dutch). 2011-10-10. <a rel=\"nofollow\" class=\"external text\" href=\"https://web.archive.org/web/20111209235025/http://www.westonline.nl/nieuws/postzegel-voor-golden-earring\">Archived</a> from the original on 2011-12-09.</cite><span title=\"ctx_ver=Z39.88-2004&amp;rft_val_fmt=info%3Aofi%2Ffmt%3Akev%3Amtx%3Ajournal&amp;rft.genre=unknown&amp;rft.jtitle=Westonline.nl&amp;rft.atitle=Postzegel+voor+de+Golden+Earring&amp;rft.date=2011-10-10&amp;rft_id=http%3A%2F%2Fwww.westonline.nl%2Fnieuws%2Fpostzegel-voor-golden-earring&amp;rfr_id=info%3Asid%2Fen.wikipedia.org%3AGolden+Earring\" class=\"Z3988\"></span></span>\n</li>\n<li id=\"cite_note-16\"><span class=\"mw-cite-backlink\"><b><a href=\"#cite_ref-16\">^</a></b></span> <span class=\"reference-text\"><link rel=\"mw-deduplicated-inline-style\" href=\"mw-data:TemplateStyles:r1238218222\" /><cite class=\"citation web cs1\"><a rel=\"nofollow\" class=\"external text\" href=\"https://nos.nl/l/2367435\">\"Ziekte George Kooymans betekent het einde van Golden Earring\"</a>. <i>Nos.nl</i><span class=\"reference-accessdate\">. Retrieved <span class=\"nowrap\">18 July</span> 2021</span>.</cite><span title=\"ctx_ver=Z39.88-2004&amp;rft_val_fmt=info%3Aofi%2Ffmt%3Akev%3Amtx%3Ajournal&amp;rft.genre=unknown&amp;rft.jtitle=Nos.nl&amp;rft.atitle=Ziekte+George+Kooymans+betekent+het+einde+van+Golden+Earring&amp;rft_id=https%3A%2F%2Fnos.nl%2Fl%2F2367435&amp;rfr_id=info%3Asid%2Fen.wikipedia.org%3AGolden+Earring\" class=\"Z3988\"></span></span>\n</li>\n<li id=\"cite_note-17\"><span class=\"mw-cite-backlink\"><b><a href=\"#cite_ref-17\">^</a></b></span> <span class=\"reference-text\"><link rel=\"mw-deduplicated-inline-style\" href=\"mw-data:TemplateStyles:r1238218222\" /><cite class=\"citation web cs1\"><a rel=\"nofollow\" class=\"external text\" href=\"https://netherlandsnewslive.com/golden-earring-guitarist-george-kooymans-seriously-ill-show/80504/\">\"Golden Earring guitarist George Kooymans seriously ill &#124; Show\"</a>. <i>Netherlandslive.com</i>. 5 February 2021<span class=\"reference-accessdate\">. Retrieved <span class=\"nowrap\">18 July</span> 2021</span>.</cite><span title=\"ctx_ver=Z39.88-2004&amp;rft_val_fmt=info%3Aofi%2Ffmt%3Akev%3Amtx%3Ajournal&amp;rft.genre=unknown&amp;rft.jtitle=Netherlandslive.com&amp;rft.atitle=Golden+Earring+guitarist+George+Kooymans+seriously+ill+%26%23124%3B+Show&amp;rft.date=2021-02-05&amp;rft_id=https%3A%2F%2Fnetherlandsnewslive.com%2Fgolden-earring-guitarist-george-kooymans-seriously-ill-show%2F80504%2F&amp;rfr_id=info%3Asid%2Fen.wikipedia.org%3AGolden+Earring\" class=\"Z3988\"></span></span>\n</li>\n<li id=\"cite_note-18\"><span class=\"mw-cite-backlink\"><b><a href=\"#cite_ref-18\">^</a></b></span> <span class=\"reference-text\"><link rel=\"mw-deduplicated-inline-style\" href=\"mw-data:TemplateStyles:r1238218222\" /><cite class=\"citation web cs1\"><a rel=\"nofollow\" class=\"external text\" href=\"https://golden-earring.nl/2025/01/22/afscheidsconcert/?lang=en\">\"Farewell concert 26 – 30 januari 2026\"</a>. <i>Golden-earring.nl</i><span class=\"reference-accessdate\">. Retrieved <span class=\"nowrap\">August 10,</span> 2025</span>.</cite><span title=\"ctx_ver=Z39.88-2004&amp;rft_val_fmt=info%3Aofi%2Ffmt%3Akev%3Amtx%3Ajournal&amp;rft.genre=unknown&amp;rft.jtitle=Golden-earring.nl&amp;rft.atitle=Farewell+concert+26+%E2%80%93+30+januari+2026&amp;rft_id=https%3A%2F%2Fgolden-earring.nl%2F2025%2F01%2F22%2Fafscheidsconcert%2F%3Flang%3Den&amp;rfr_id=info%3Asid%2Fen.wikipedia.org%3AGolden+Earring\" class=\"Z3988\"></span></span>\n</li>\n<li id=\"cite_note-19\"><span class=\"mw-cite-backlink\"><b><a href=\"#cite_ref-19\">^</a></b></span> <span class=\"reference-text\"><link rel=\"mw-deduplicated-inline-style\" href=\"mw-data:TemplateStyles:r1238218222\" /><cite class=\"citation web cs1 cs1-prop-foreign-lang-source\"><a rel=\"nofollow\" class=\"external text\" href=\"https://voorburgsdagblad.nl/rotterdam%20&amp;%20regio/golden-earring-geeft-op-30-januari-2026-toch-afscheidsconcert-in-ahoy\">\"Golden Earring geeft op 30 januari 2026 toch afscheidsconcert in Ahoy\"</a>. <i>Voorburgsdagblad.nl</i> (in Dutch)<span class=\"reference-accessdate\">. Retrieved <span class=\"nowrap\">2025-01-28</span></span>.</cite><span title=\"ctx_ver=Z39.88-2004&amp;rft_val_fmt=info%3Aofi%2Ffmt%3Akev%3Amtx%3Ajournal&amp;rft.genre=unknown&amp;rft.jtitle=Voorburgsdagblad.nl&amp;rft.atitle=Golden+Earring+geeft+op+30+januari+2026+toch+afscheidsconcert+in+Ahoy&amp;rft_id=https%3A%2F%2Fvoorburgsdagblad.nl%2Frotterdam%2520%26%2520regio%2Fgolden-earring-geeft-op-30-januari-2026-toch-afscheidsconcert-in-ahoy&amp;rfr_id=info%3Asid%2Fen.wikipedia.org%3AGolden+Earring\" class=\"Z3988\"></span></span>\n</li>\n<li id=\"cite_note-20\"><span class=\"mw-cite-backlink\"><b><a href=\"#cite_ref-20\">^</a></b></span> <span class=\"reference-text\"><link rel=\"mw-deduplicated-inline-style\" href=\"mw-data:TemplateStyles:r1238218222\" /><cite class=\"citation web cs1 cs1-prop-foreign-lang-source\"><a rel=\"nofollow\" class=\"external text\" href=\"https://nos.nl/artikel/2552927-extra-afscheidsconcerten-golden-earring-binnen-een-uur-uitverkocht\">\"Extra afscheidsconcerten Golden Earring binnen een uur uitverkocht\"</a>. <i>Nos.nl</i> (in Dutch). 2025-01-23<span class=\"reference-accessdate\">. Retrieved <span class=\"nowrap\">2025-01-28</span></span>.</cite><span title=\"ctx_ver=Z39.88-2004&amp;rft_val_fmt=info%3Aofi%2Ffmt%3Akev%3Amtx%3Ajournal&amp;rft.genre=unknown&amp;rft.jtitle=Nos.nl&amp;rft.atitle=Extra+afscheidsconcerten+Golden+Earring+binnen+een+uur+uitverkocht&amp;rft.date=2025-01-23&amp;rft_id=https%3A%2F%2Fnos.nl%2Fartikel%2F2552927-extra-afscheidsconcerten-golden-earring-binnen-een-uur-uitverkocht&amp;rfr_id=info%3Asid%2Fen.wikipedia.org%3AGolden+Earring\" class=\"Z3988\"></span></span>\n</li>\n<li id=\"cite_note-21\"><span class=\"mw-cite-backlink\"><b><a href=\"#cite_ref-21\">^</a></b></span> <span class=\"reference-text\"><link rel=\"mw-deduplicated-inline-style\" href=\"mw-data:TemplateStyles:r1238218222\" /><cite class=\"citation web cs1 cs1-prop-foreign-lang-source\"><a rel=\"nofollow\" class=\"external text\" href=\"https://nos.nl/artikel/2576113\">\"Gitarist George Kooymans (77) van Golden Earring overleden\"</a>. <i>Nos.nl</i> (in Dutch). 2025-07-23<span class=\"reference-accessdate\">. Retrieved <span class=\"nowrap\">2025-07-23</span></span>.</cite><span title=\"ctx_ver=Z39.88-2004&amp;rft_val_fmt=info%3Aofi%2Ffmt%3Akev%3Amtx%3Ajournal&amp;rft.genre=unknown&amp;rft.jtitle=Nos.nl&amp;rft.atitle=Gitarist+George+Kooymans+%2877%29+van+Golden+Earring+overleden&amp;rft.date=2025-07-23&amp;rft_id=https%3A%2F%2Fnos.nl%2Fartikel%2F2576113&amp;rfr_id=info%3Asid%2Fen.wikipedia.org%3AGolden+Earring\" class=\"Z3988\"></span></span>\n</li>\n</ol></div></div>\n<div class=\"mw-heading mw-heading2\"><h2 id=\"Sources\">Sources</h2></div>\n<ul><li>Biography by Golden Earring founder and bass player Rinus Gerritsen published on the band's website.</li>\n<li>Biographical books on the Golden Earring: <i>Haagsche Bluf</i> by Pieter Franssen, 1993, and <i>Rock die niet roest</i> by prof. Maarten Steenmeyer, 2005. Both titles are in Dutch.</li>\n<li><i>The Story of Golden Earring</i> by Karin and Mechteld Beks, Picture publishers, an authorized biography published on the occasion of the band's 45th anniversary. Text in Dutch. (2005)</li>\n<li>Interviews with the band over the years, many of which can be traced back through the Golden Earring Museum website.</li></ul>\n<div class=\"mw-heading mw-heading2\"><h2 id=\"External_links\">External links</h2></div>\n<style data-mw-deduplicate=\"TemplateStyles:r1308029216\">.mw-parser-output .side-box{margin:4px 0;box-sizing:border-box;border:1px solid #aaa;font-size:88%;line-height:1.25em;background-color:var(--background-color-interactive-subtle,#f8f9fa);display:flow-root}.mw-parser-output .infobox .side-box{font-size:100%}.mw-parser-output .side-box-abovebelow,.mw-parser-output .side-box-text{padding:0.25em 0.9em}.mw-parser-output .side-box-image{padding:2px 0 2px 0.9em;text-align:center}.mw-parser-output .side-box-imageright{padding:2px 0.9em 2px 0;text-align:center}@media(min-width:500px){.mw-parser-output .side-box-flex{display:flex;align-items:center}.mw-parser-output .side-box-text{flex:1;min-width:0}}@media(min-width:640px){.mw-parser-output .side-box{width:238px}.mw-parser-output .side-box-right{clear:right;float:right;margin-left:1em}.mw-parser-output .side-box-left{margin-right:1em}}</style><style data-mw-deduplicate=\"TemplateStyles:r1311551236\">@media print{body.ns-0 .mw-parser-output .sistersitebox{display:none!important}}@media screen{html.skin-theme-clientpref-night .mw-parser-output .sistersitebox img[src*=\"Wiktionary-logo-en-v2.svg\"]{filter:invert(1)brightness(55%)contrast(250%)hue-rotate(180deg)}}@media screen and (prefers-color-scheme:dark){html.skin-theme-clientpref-os .mw-parser-output .sistersitebox img[src*=\"Wiktionary-logo-en-v2.svg\"]{filter:invert(1)brightness(55%)contrast(250%)hue-rotate(180deg)}}</style><div class=\"side-box side-box-right plainlinks sistersitebox\"><link rel=\"mw-deduplicated-inline-style\" href=\"mw-data:TemplateStyles:r1126788409\" />\n<div class=\"side-box-flex\">\n<div class=\"side-box-image\"><span class=\"noviewer\" typeof=\"mw:File\"><a href=\"/wiki/File:Commons-logo.svg\" class=\"mw-file-description\"><img alt=\"\" src=\"//upload.wikimedia.org/wikipedia/en/thumb/4/4a/Commons-logo.svg/40px-Commons-logo.svg.png\" decoding=\"async\" width=\"30\" height=\"40\" class=\"mw-file-element\" srcset=\"//upload.wikimedia.org/wikipedia/en/thumb/4/4a/Commons-logo.svg/60px-Commons-logo.svg.png 1.5x\" data-file-width=\"1024\" data-file-height=\"1376\" /></a></span></div>\n<div class=\"side-box-text plainlist\">Wikimedia Commons has media related to <span style=\"font-weight: bold; font-style: italic;\"><a href=\"https://commons.wikimedia.org/wiki/Category:Golden_Earring\" class=\"extiw\" title=\"commons:Category:Golden Earring\">Golden Earring</a></span>.</div></div>\n</div>\n<ul><li><span class=\"official-website\"><span class=\"url\"><a rel=\"nofollow\" class=\"external text\" href=\"http://goldenearring.nl/\">Official website</a></span></span> <span class=\"mw-valign-text-top\" typeof=\"mw:File/Frameless\"><a href=\"https://www.wikidata.org/wiki/Q728049#P856\" title=\"Edit this at Wikidata\"><img alt=\"Edit this at Wikidata\" src=\"//upload.wikimedia.org/wikipedia/en/thumb/8/8a/OOjs_UI_icon_edit-ltr-progressive.svg/20px-OOjs_UI_icon_edit-ltr-progressive.svg.png\" decoding=\"async\" width=\"10\" height=\"10\" class=\"mw-file-element\" data-file-width=\"20\" data-file-height=\"20\" /></a></span></li>\n<li><a rel=\"nofollow\" class=\"external text\" href=\"https://www.imdb.com/name/nm2547702/\">Golden Earring</a> at <a href=\"/wiki/IMDb_(identifier)\" class=\"mw-redirect\" title=\"IMDb (identifier)\">IMDb</a></li>\n<li><a rel=\"nofollow\" class=\"external text\" href=\"http://www.radar-Love.net/\">Radar Love TimeTravel</a></li>\n<li><a rel=\"nofollow\" class=\"external text\" href=\"https://www.discogs.com/artist/Golden+Earring\">Golden Earring</a> discography at <a href=\"/wiki/Discogs\" title=\"Discogs\">Discogs</a></li>\n<li><a rel=\"nofollow\" class=\"external text\" href=\"http://www.musicmirror.net/interviews-archiv1.htm\">English-language interview with George Kooymans for <i>MusicMirror</i></a></li></ul>\n<div class=\"navbox-styles\"><link rel=\"mw-deduplicated-inline-style\" href=\"mw-data:TemplateStyles:r1129693374\" /><style data-mw-deduplicate=\"TemplateStyles:r1236075235\">.mw-parser-output .navbox{box-sizing:border-box;border:1px solid #a2a9b1;width:100%;clear:both;font-size:88%;text-align:center;padding:1px;margin:1em auto 0}.mw-parser-output .navbox .navbox{margin-top:0}.mw-parser-output .navbox+.navbox,.mw-parser-output .navbox+.navbox-styles+.navbox{margin-top:-1px}.mw-parser-output .navbox-inner,.mw-parser-output .navbox-subgroup{width:100%}.mw-parser-output .navbox-group,.mw-parser-output .navbox-title,.mw-parser-output .navbox-abovebelow{padding:0.25em 1em;line-height:1.5em;text-align:center}.mw-parser-output .navbox-group{white-space:nowrap;text-align:right}.mw-parser-output .navbox,.mw-parser-output .navbox-subgroup{background-color:#fdfdfd}.mw-parser-output .navbox-list{line-height:1.5em;border-color:#fdfdfd}.mw-parser-output .navbox-list-with-group{text-align:left;border-left-width:2px;border-left-style:solid}.mw-parser-output tr+tr>.navbox-abovebelow,.mw-parser-output tr+tr>.navbox-group,.mw-parser-output tr+tr>.navbox-image,.mw-parser-output tr+tr>.navbox-list{border-top:2px solid #fdfdfd}.mw-parser-output .navbox-title{background-color:#ccf}.mw-parser-output .navbox-abovebelow,.mw-parser-output .navbox-group,.mw-parser-output .navbox-subgroup .navbox-title{background-color:#ddf}.mw-parser-output .navbox-subgroup .navbox-group,.mw-parser-output .navbox-subgroup .navbox-abovebelow{background-color:#e6e6ff}.mw-parser-output .navbox-even{background-color:#f7f7f7}.mw-parser-output .navbox-odd{background-color:transparent}.mw-parser-output .navbox .hlist td dl,.mw-parser-output .navbox .hlist td ol,.mw-parser-output .navbox .hlist td ul,.mw-parser-output .navbox td.hlist dl,.mw-parser-output .navbox td.hlist ol,.mw-parser-output .navbox td.hlist ul{padding:0.125em 0}.mw-parser-output .navbox .navbar{display:block;font-size:100%}.mw-parser-output .navbox-title .navbar{float:left;text-align:left;margin-right:0.5em}body.skin--responsive .mw-parser-output .navbox-image img{max-width:none!important}@media print{body.ns-0 .mw-parser-output .navbox{display:none!important}}</style><style data-mw-deduplicate=\"TemplateStyles:r1256394678\">@media screen{.mw-parser-output .navbox-musical-artist-solo .navbox-title{background-color:#f0e68c}.mw-parser-output .navbox-musical-artist-non-vocal .navbox-title{background-color:#f4bf92}.mw-parser-output .navbox-musical-artist-non-perform .navbox-title{background-color:#bfe0bf}.mw-parser-output .navbox-musical-artist-group .navbox-title{background-color:#b0c4de}.mw-parser-output .navbox-musical-artist-cover .navbox-title{background-color:#d8bfd8}.mw-parser-output .navbox-musical-artist-classical .navbox-title{background-color:#b0e0e6}.mw-parser-output .navbox-musical-artist-temp .navbox-title{background-color:#d3d3d3}.mw-parser-output .navbox-musical-artist .navbox-group,.mw-parser-output .navbox-musical-artist .navbox-abovebelow{background-color:var(--background-color-neutral,#eaecf0)}html.skin-theme-clienpref-night .mw-parser-output .navbox-musical-artist .navbox-title{background-color:inherit}}@media screen and (prefers-color-scheme:dark){html.skin-theme-clienpref-os .mw-parser-output .navbox-musical-artist .navbox-title{background-color:inherit}}</style></div><div role=\"navigation\" class=\"navbox navbox-musical-artist navbox-musical-artist-group\" aria-labelledby=\"Golden_Earring2049\" style=\"padding:3px\"><table class=\"nowraplinks vcard hlist mw-collapsible expanded navbox-inner\" style=\"border-spacing:0;background:transparent;color:inherit\"><tbody><tr><th scope=\"col\" class=\"navbox-title\" colspan=\"2\"><link rel=\"mw-deduplicated-inline-style\" href=\"mw-data:TemplateStyles:r1129693374\" /><style data-mw-deduplicate=\"TemplateStyles:r1239400231\">.mw-parser-output .navbar{display:inline;font-size:88%;font-weight:normal}.mw-parser-output .navbar-collapse{float:left;text-align:left}.mw-parser-output .navbar-boxtext{word-spacing:0}.mw-parser-output .navbar ul{display:inline-block;white-space:nowrap;line-height:inherit}.mw-parser-output .navbar-brackets::before{margin-right:-0.125em;content:\"[ \"}.mw-parser-output .navbar-brackets::after{margin-left:-0.125em;content:\" ]\"}.mw-parser-output .navbar li{word-spacing:-0.125em}.mw-parser-output .navbar a>span,.mw-parser-output .navbar a>abbr{text-decoration:inherit}.mw-parser-output .navbar-mini abbr{font-variant:small-caps;border-bottom:none;text-decoration:none;cursor:inherit}.mw-parser-output .navbar-ct-full{font-size:114%;margin:0 7em}.mw-parser-output .navbar-ct-mini{font-size:114%;margin:0 4em}html.skin-theme-clientpref-night .mw-parser-output .navbar li a abbr{color:var(--color-base)!important}@media(prefers-color-scheme:dark){html.skin-theme-clientpref-os .mw-parser-output .navbar li a abbr{color:var(--color-base)!important}}@media print{.mw-parser-output .navbar{display:none!important}}</style><div class=\"navbar plainlinks hlist navbar-mini\"><ul><li class=\"nv-view\"><a href=\"/wiki/Template:Golden_Earring\" title=\"Template:Golden Earring\"><abbr title=\"View this template\">v</abbr></a></li><li class=\"nv-talk\"><a href=\"/wiki/Template_talk:Golden_Earring\" title=\"Template talk:Golden Earring\"><abbr title=\"Discuss this template\">t</abbr></a></li><li class=\"nv-edit\"><a href=\"/wiki/Special:EditPage/Template:Golden_Earring\" title=\"Special:EditPage/Template:Golden Earring\"><abbr title=\"Edit this template\">e</abbr></a></li></ul></div><div id=\"Golden_Earring2049\" class=\"fn org\" style=\"font-size:114%;margin:0 4em\"><a class=\"mw-selflink selflink\">Golden Earring</a></div></th></tr><tr><td class=\"navbox-abovebelow\" colspan=\"2\"><div>\n<ul><li><b><a href=\"/wiki/Rinus_Gerritsen\" title=\"Rinus Gerritsen\">Rinus Gerritsen</a></b></li>\n<li><b><a href=\"/wiki/George_Kooymans\" title=\"George Kooymans\">George Kooymans</a></b></li>\n<li><b><a href=\"/wiki/Barry_Hay\" title=\"Barry Hay\">Barry Hay</a></b></li>\n<li><b><a href=\"/wiki/Cesar_Zuiderwijk\" title=\"Cesar Zuiderwijk\">Cesar Zuiderwijk</a></b></li></ul>\n<ul><li>Peter de Ronde</li>\n<li>Frans Krassenburg</li>\n<li><a href=\"/wiki/Jaap_Eggermont\" title=\"Jaap Eggermont\">Jaap Eggermont</a></li>\n<li>Sieb Warner</li>\n<li>Bertus Borgers</li>\n<li><a href=\"/wiki/Eelco_Gelling\" title=\"Eelco Gelling\">Eelco Gelling</a></li>\n<li><a href=\"/wiki/Robert_Jan_Stips\" title=\"Robert Jan Stips\">Robert Jan Stips</a></li>\n<li>Fred van der Hilst</li>\n<li>John Legrand</li>\n<li>Hans van Herwerden</li></ul>\n</div></td></tr><tr><th scope=\"row\" class=\"navbox-group\" style=\"width:1%\">Studio albums</th><td class=\"navbox-list-with-group navbox-list navbox-odd\" style=\"width:100%;padding:0\"><div style=\"padding:0 0.25em\">\n<ul><li><i><a href=\"/wiki/Just_Ear-rings\" title=\"Just Ear-rings\">Just Ear-rings</a></i> (1965)</li>\n<li><i><a href=\"/wiki/Winter-Harvest\" title=\"Winter-Harvest\">Winter-Harvest</a></i> (1966)</li>\n<li><i><a href=\"/wiki/Miracle_Mirror\" title=\"Miracle Mirror\">Miracle Mirror</a></i> (1967)</li>\n<li><i><a href=\"/wiki/On_the_Double_(album)\" title=\"On the Double (album)\">On the Double</a></i> (1968)</li>\n<li><i><a href=\"/wiki/Eight_Miles_High_(album)\" title=\"Eight Miles High (album)\">Eight Miles High</a></i> (1969)</li>\n<li><i><a href=\"/wiki/Golden_Earring_(album)\" title=\"Golden Earring (album)\">Golden Earring</a></i> (1970)</li>\n<li><i><a href=\"/wiki/Seven_Tears\" title=\"Seven Tears\">Seven Tears</a></i> (1971)</li>\n<li><i><a href=\"/wiki/Together_(Golden_Earring_album)\" title=\"Together (Golden Earring album)\">Together</a></i> (1972)</li>\n<li><i><a href=\"/wiki/Moontan\" title=\"Moontan\">Moontan</a></i> (1973)</li>\n<li><i><a href=\"/wiki/Switch_(Golden_Earring_album)\" title=\"Switch (Golden Earring album)\">Switch</a></i> (1975)</li>\n<li><i><a href=\"/wiki/To_the_Hilt_(album)\" title=\"To the Hilt (album)\">To the Hilt</a></i> (1976)</li>\n<li><i><a href=\"/wiki/Contraband_(Golden_Earring_album)\" title=\"Contraband (Golden Earring album)\">Contraband</a></i> (1976)</li>\n<li><i><a href=\"/wiki/Grab_It_for_a_Second\" title=\"Grab It for a Second\">Grab It for a Second</a></i> (1978)</li>\n<li><i><a href=\"/wiki/No_Promises...No_Debts\" title=\"No Promises...No Debts\">No Promises...No Debts</a></i> (1979)</li>\n<li><i><a href=\"/wiki/Prisoner_of_the_Night\" title=\"Prisoner of the Night\">Prisoner of the Night</a></i> (1980)</li>\n<li><i><a href=\"/wiki/Cut_(Golden_Earring_album)\" title=\"Cut (Golden Earring album)\">Cut</a></i> (1982)</li>\n<li><i><a href=\"/wiki/N.E.W.S._(Golden_Earring_album)\" title=\"N.E.W.S. (Golden Earring album)\">N.E.W.S.</a></i> (1984)</li>\n<li><i><a href=\"/wiki/The_Hole_(album)\" title=\"The Hole (album)\">The Hole</a></i> (1986)</li>\n<li><i><a href=\"/wiki/Keeper_of_the_Flame_(Golden_Earring_album)\" title=\"Keeper of the Flame (Golden Earring album)\">Keeper of the Flame</a></i> (1989)</li>\n<li><i><a href=\"/wiki/Bloody_Buccaneers\" title=\"Bloody Buccaneers\">Bloody Buccaneers</a></i> (1991)</li>\n<li><i><a href=\"/wiki/Face_It_(album)\" title=\"Face It (album)\">Face It</a></i> (1994)</li>\n<li><i><a href=\"/wiki/Love_Sweat\" title=\"Love Sweat\">Love Sweat</a></i> (1995)</li>\n<li><i><a href=\"/wiki/Paradise_in_Distress\" title=\"Paradise in Distress\">Paradise in Distress</a></i> (1999)</li>\n<li><i><a href=\"/wiki/Millbrook_U.S.A.\" title=\"Millbrook U.S.A.\">Millbrook U.S.A.</a></i> (2003)</li>\n<li><i><a href=\"/wiki/Tits_%27n_Ass\" title=\"Tits &#39;n Ass\">Tits 'n Ass</a></i> (2012)</li></ul>\n</div></td></tr><tr><th scope=\"row\" class=\"navbox-group\" style=\"width:1%\">Live albums</th><td class=\"navbox-list-with-group navbox-list navbox-even\" style=\"width:100%;padding:0\"><div style=\"padding:0 0.25em\">\n<ul><li><i><a href=\"/wiki/Live_(Golden_Earring_album)\" title=\"Live (Golden Earring album)\">Live</a></i> (1977)</li>\n<li><i><a href=\"/wiki/2nd_Live\" title=\"2nd Live\">2nd Live</a></i> (1981)</li>\n<li><i><a href=\"/wiki/Something_Heavy_Going_Down\" title=\"Something Heavy Going Down\">Something Heavy Going Down</a></i> (1984)</li>\n<li><i><a href=\"/wiki/The_Naked_Truth_(Golden_Earring_album)\" title=\"The Naked Truth (Golden Earring album)\">The Naked Truth</a></i> (1992)</li>\n<li><i><a href=\"/wiki/Naked_II\" title=\"Naked II\">Naked II</a></i> (1997)</li>\n<li><i><a href=\"/wiki/Last_Blast_of_the_Century\" title=\"Last Blast of the Century\">Last Blast of the Century</a></i> (2000)</li></ul>\n</div></td></tr><tr><th scope=\"row\" class=\"navbox-group\" style=\"width:1%\">Singles</th><td class=\"navbox-list-with-group navbox-list navbox-odd\" style=\"width:100%;padding:0\"><div style=\"padding:0 0.25em\">\n<ul><li>\"<a href=\"/wiki/Radar_Love\" title=\"Radar Love\">Radar Love</a>\" (1973)</li>\n<li>\"<a href=\"/wiki/Slow_Down_(Larry_Williams_song)\" title=\"Slow Down (Larry Williams song)\">Slow Down</a>\" (1981)</li>\n<li>\"<a href=\"/wiki/Twilight_Zone_(Golden_Earring_song)\" title=\"Twilight Zone (Golden Earring song)\">Twilight Zone</a>\" (1982)</li>\n<li>\"<a href=\"/wiki/When_the_Lady_Smiles\" title=\"When the Lady Smiles\">When the Lady Smiles</a>\" (1984)</li></ul>\n</div></td></tr><tr><th scope=\"row\" class=\"navbox-group\" style=\"width:1%\">Related</th><td class=\"navbox-list-with-group navbox-list navbox-even\" style=\"width:100%;padding:0\"><div style=\"padding:0 0.25em\">\n<ul><li><a href=\"/wiki/Golden_Earring_discography\" title=\"Golden Earring discography\">Discography</a></li></ul>\n</div></td></tr></tbody></table></div>\n<div class=\"navbox-styles\"><link rel=\"mw-deduplicated-inline-style\" href=\"mw-data:TemplateStyles:r1129693374\" /><link rel=\"mw-deduplicated-inline-style\" href=\"mw-data:TemplateStyles:r1236075235\" /><style data-mw-deduplicate=\"TemplateStyles:r1038841319\">.mw-parser-output .tooltip-dotted{border-bottom:1px dotted;cursor:help}</style><link rel=\"mw-deduplicated-inline-style\" href=\"mw-data:TemplateStyles:r1038841319\" /></div><div role=\"navigation\" class=\"navbox authority-control\" aria-labelledby=\"Authority_control_databases_frameless&amp;#124;text-top&amp;#124;10px&amp;#124;alt=Edit_this_at_Wikidata&amp;#124;link=https&amp;#58;//www.wikidata.org/wiki/Q728049#identifiers&amp;#124;class=noprint&amp;#124;Edit_this_at_Wikidata1488\" style=\"padding:3px\"><table class=\"nowraplinks hlist mw-collapsible autocollapse navbox-inner\" style=\"border-spacing:0;background:transparent;color:inherit\"><tbody><tr><th scope=\"col\" class=\"navbox-title\" colspan=\"2\"><div id=\"Authority_control_databases_frameless&amp;#124;text-top&amp;#124;10px&amp;#124;alt=Edit_this_at_Wikidata&amp;#124;link=https&amp;#58;//www.wikidata.org/wiki/Q728049#identifiers&amp;#124;class=noprint&amp;#124;Edit_this_at_Wikidata1488\" style=\"font-size:114%;margin:0 4em\"><a href=\"/wiki/Help:Authority_control\" title=\"Help:Authority control\">Authority control databases</a> <span class=\"mw-valign-text-top noprint\" typeof=\"mw:File/Frameless\"><a href=\"https://www.wikidata.org/wiki/Q728049#identifiers\" title=\"Edit this at Wikidata\"><img alt=\"Edit this at Wikidata\" src=\"//upload.wikimedia.org/wikipedia/en/thumb/8/8a/OOjs_UI_icon_edit-ltr-progressive.svg/20px-OOjs_UI_icon_edit-ltr-progressive.svg.png\" decoding=\"async\" width=\"10\" height=\"10\" class=\"mw-file-element\" data-file-width=\"20\" data-file-height=\"20\" /></a></span></div></th></tr><tr><th scope=\"row\" class=\"navbox-group\" style=\"width:1%\">International</th><td class=\"navbox-list-with-group navbox-list navbox-odd\" style=\"width:100%;padding:0\"><div style=\"padding:0 0.25em\"><ul><li><span class=\"uid\"><a rel=\"nofollow\" class=\"external text\" href=\"https://isni.org/isni/0000000123646013\">ISNI</a></span></li><li><span class=\"uid\"><a rel=\"nofollow\" class=\"external text\" href=\"https://viaf.org/viaf/154905316\">VIAF</a></span></li><li><span class=\"uid\"><a rel=\"nofollow\" class=\"external text\" href=\"https://d-nb.info/gnd/5549532-1\">GND</a></span></li></ul></div></td></tr><tr><th scope=\"row\" class=\"navbox-group\" style=\"width:1%\">National</th><td class=\"navbox-list-with-group navbox-list navbox-even\" style=\"width:100%;padding:0\"><div style=\"padding:0 0.25em\"><ul><li><span class=\"uid\"><a rel=\"nofollow\" class=\"external text\" href=\"https://id.loc.gov/authorities/n91126503\">United States</a></span></li><li><span class=\"uid\"><a rel=\"nofollow\" class=\"external text\" href=\"https://catalogue.bnf.fr/ark:/12148/cb139037374\">France</a></span></li><li><span class=\"uid\"><a rel=\"nofollow\" class=\"external text\" href=\"https://data.bnf.fr/ark:/12148/cb139037374\">BnF data</a></span></li><li><span class=\"uid\"><span class=\"rt-commentedText tooltip tooltip-dotted\" title=\"Golden Earring (hudební skupina)\"><a rel=\"nofollow\" class=\"external text\" href=\"https://aleph.nkp.cz/F/?func=find-c&amp;local_base=aut&amp;ccl_term=ica=xx0115324&amp;CON_LNG=ENG\">Czech Republic</a></span></span></li><li><span class=\"uid\"><a rel=\"nofollow\" class=\"external text\" href=\"https://www.nli.org.il/en/authorities/987007417503605171\">Israel</a></span></li></ul></div></td></tr><tr><th scope=\"row\" class=\"navbox-group\" style=\"width:1%\">Artists</th><td class=\"navbox-list-with-group navbox-list navbox-odd\" style=\"width:100%;padding:0\"><div style=\"padding:0 0.25em\"><ul><li><span class=\"uid\"><span class=\"rt-commentedText tooltip tooltip-dotted\" title=\"Golden Earring\"><a rel=\"nofollow\" class=\"external text\" href=\"https://musicbrainz.org/artist/75336c3d-2833-46cb-8037-b835cd7d646d\">MusicBrainz</a></span></span></li></ul></div></td></tr></tbody></table></div>\n<!-- \nNewPP limit report\nParsed by mw‐web.codfw.main‐9c75744‐tlwq8\nCached time: 20250928045753\nCache expiry: 2592000\nReduced expiry: false\nComplications: [vary‐revision‐sha1, show‐toc]\nCPU time usage: 0.872 seconds\nReal time usage: 1.187 seconds\nPreprocessor visited node count: 3016/1000000\nRevision size: 26070/2097152 bytes\nPost‐expand include size: 74321/2097152 bytes\nTemplate argument size: 6441/2097152 bytes\nHighest expansion depth: 14/100\nExpensive parser function count: 6/500\nUnstrip recursion depth: 1/20\nUnstrip post‐expand size: 107196/5000000 bytes\nLua time usage: 0.551/10.000 seconds\nLua memory usage: 7260411/52428800 bytes\nNumber of Wikibase entities loaded: 1/500\n-->\n<!--\nTransclusion expansion time report (%,ms,calls,template)\n100.00% 1079.370      1 -total\n 27.23%  293.860      1 Template:Reflist\n 19.27%  207.991     16 Template:Cite_web\n 14.62%  157.797      1 Template:Infobox_musical_artist\n 12.98%  140.115      1 Template:Infobox\n 11.64%  125.685      1 Template:Short_description\n  8.85%   95.491      1 Template:Commons_category\n  8.59%   92.769      1 Template:Sister_project\n  8.28%   89.362      1 Template:Side_box\n  7.42%   80.118      1 Template:Golden_Earring\n-->\n\n<!-- Saved in parser cache with key enwiki:pcache:169778:|#|:idhash:canonical and timestamp 20250928045753 and revision id 1312190897. Rendering was triggered because: page_view\n -->\n</div>"
        }
    }
}